block_row_id,participant_id,group_code,block_index,vividness_1_7,difficulty_1_7,summary_reason_text,created_at
1,be8f8798-1099-4696-9508-17d7d9cb8dc7,C,1,1,3,ほげほげほげほげ,2026-01-20T08:17:35.515Z
2,be8f8798-1099-4696-9508-17d7d9cb8dc7,C,2,2,2,あかるい，こもる，早口,2026-01-20T08:18:15.645Z
3,1b760647-ad3e-41b6-a01b-8583b2c51fb4,C,1,7,6,7段階評価について難しいと感じることはなかったが，自身の録音を形容するという試みは初であったため．自分の録音した声だという感覚しかなく，客観視することが難しいため．,2026-01-20T09:34:34.632Z
4,1b760647-ad3e-41b6-a01b-8583b2c51fb4,C,2,2,7,自身の内なる声について，独り言のようにイメージすることはあれど，音声として認識することはなかったため．前の試行と同じ文であり，より印象に残った後者は録音に引っ張られている気がしたため．,2026-01-20T09:38:46.822Z
6,018b48c3-9429-4537-b166-5dcc93969986,C,1,7,6,細い声で，不快ではないと感じた．,2026-01-20T11:03:18.783Z
7,018b48c3-9429-4537-b166-5dcc93969986,C,2,2,7,低い声なので，あまり快くないと感じた．,2026-01-20T11:05:40.255Z
8,b21b35d0-a040-4aa4-a5a3-cfd522bd55e2,D,1,3,6,聞いてない声を評価するのが難しい,2026-01-20T11:05:52.702Z
9,b21b35d0-a040-4aa4-a5a3-cfd522bd55e2,D,2,6,6,自分の声を録音して聞く機会がたまにあるので，ただの自分の声だと思った．,2026-01-20T11:09:55.180Z
10,c1fff809-97d2-4226-be9e-43e11ab741aa,D,1,3,6,頭のなかで読み上げた声と自分の声を比べるのが難しかった。,2026-01-20T12:10:00.825Z
11,c1fff809-97d2-4226-be9e-43e11ab741aa,D,2,7,1,実際に音があったので、普段の声との比較がしやすかった,2026-01-20T12:13:01.495Z
12,721d4b26-4e58-4cbb-86fe-13c299007e2f,D,1,4,2,いつも頭の中で読み上げることはあるので特に違和感はない,2026-01-20T12:20:24.596Z
13,721d4b26-4e58-4cbb-86fe-13c299007e2f,D,2,5,1,いつもアカペラではもっと低い声で帰ってくるので、今回のフィードバックが高く感じた,2026-01-20T12:22:33.534Z
14,5c1b6e8a-63f4-41d6-b917-7ee05fcd6d90,C,1,5,2,最初は元々嫌いな自分の声がさらに嫌いに感じるような違和感が加えられている感じがしたが、2回目はだいぶ明るくなっていて調子のいい時の自分って感じがした。,2026-01-20T15:57:00.370Z
15,5c1b6e8a-63f4-41d6-b917-7ee05fcd6d90,C,2,6,2,どもりがなかったり、滑舌が良い時の自分って感じがしたからとても明るい声に感じた。,2026-01-20T16:00:08.077Z
16,4632b249-77b7-453d-8099-7ecd1f947d64,A,1,5,5,普段通りの声、私がイメージする自分の声とあまり変わらないなと感じた。,2026-01-20T16:11:21.160Z
17,4632b249-77b7-453d-8099-7ecd1f947d64,A,2,6,7,先ほどと何が変わったのかわからなかった。自分の声にさらに慣れを感じてきた。,2026-01-20T16:14:28.514Z
18,9280b0f5-36ae-4fae-9a50-4eac661e75f5,C,1,5,6,自信がなくても頑張ってはなしているように、個人的には、感じられました,2026-01-21T07:53:17.466Z
19,edcce918-507d-49ef-9ec6-8d882e4e28c6,A,1,6,1,自分の声をそのまま流しているように感じました。,2026-01-21T07:53:30.398Z
20,9280b0f5-36ae-4fae-9a50-4eac661e75f5,C,2,2,6,少し緊張ぎみでも、頑張ってはなしているように、感じられました,2026-01-21T07:54:56.449Z
21,3bc33595-bbff-4ab3-bf81-39c28c7b50ef,D,1,7,2,自分らしい，生き生きと，リズム良く,2026-01-21T07:55:09.807Z
22,edcce918-507d-49ef-9ec6-8d882e4e28c6,A,2,6,1,再度自分の声を評価していると思ったので、評価に難しさを感じなかったからです。,2026-01-21T07:55:13.674Z
23,e9156bda-5dfc-475c-bf9e-cc38146f91b0,D,1,4,5,自分の声質が悪いように感じました。声が通らないと思いました。,2026-01-21T07:56:27.325Z
24,10eaaa5a-7e40-4dcf-bbce-15eacb80f21c,C,1,3,5,ハッキリとした話し方ではなく、また舌ったらずな声質を気持ち悪いと感じました。本能的に自分には合わないと感じました。,2026-01-21T07:56:38.232Z
25,3dbc349b-06d7-4858-a25b-e869815bfb4c,D,1,3,2,声が自分の好みの声をしていないからというのがあります。,2026-01-21T07:57:19.263Z
26,a37f4fd3-2cd6-4783-8337-c7d7d27f41a3,B,1,4,4,自分の声なので慣れていて、自然に感じます。,2026-01-21T07:57:25.126Z
27,3bc33595-bbff-4ab3-bf81-39c28c7b50ef,D,2,2,7,不自然，別人，違和感,2026-01-21T07:57:32.799Z
28,3175e2af-4736-4a87-b3b9-9f0b2a9aa2b1,A,1,1,3,どちらとも不気味で暗い感じの声で聞き取りづらかったなという印象。静かなところで話したいなかなと思う,2026-01-21T07:57:49.937Z
29,e9156bda-5dfc-475c-bf9e-cc38146f91b0,D,2,5,5,声がゆらいでいました。おなかに力が入らない発声だと思いました。,2026-01-21T07:58:23.554Z
30,e58ea172-366c-49bd-9ca9-bc35af9d16c6,C,1,5,5,自分で知っているはずの声でも改めて聞くと別人のように感じる。この声で他の人と会話をしていると思うと恥ずかしくなる。声や話し方を改善できる方法があるか調べたくなった。,2026-01-21T07:58:32.163Z
31,06305435-9d1d-4454-a619-189b7e117014,B,1,6,1,自分らしい声で、安定しているなと感じました。,2026-01-21T07:59:04.094Z
32,67b7d834-4c11-4ae4-a110-c076834915e9,C,1,5,1,いつも通りの自分の声のように感じた。,2026-01-21T07:59:07.853Z
33,0d92934b-0601-47d5-8ab7-4163b34bb265,B,1,4,5,自分の声を想像することが少し難しいと感じました。一応鮮明にどのような声なのか考えてみましたが、普段聞いている声と実際の声が違うと知っているので、本当の声を想像するのは難しいような感じを受けます。,2026-01-21T07:59:20.258Z
34,b33fb81a-3126-49d2-bc69-c5123eba1c13,D,1,5,7,声に張りがなく、不安定さがありました。また、閉塞感が伝わってきました。,2026-01-21T07:59:26.594Z
35,29d237f4-73ca-448a-be76-5183959a563d,A,1,3,6,自分の声を久しぶりに聞きましたが、以前聞いた自分の声とは違っていて、年齢を重ねたせいか前とは声が変わっているように感じました。,2026-01-21T07:59:48.468Z
36,10eaaa5a-7e40-4dcf-bbce-15eacb80f21c,C,2,5,3,ハキハキとした話し方をしており、自分に相性の良い声だと感じた。,2026-01-21T07:59:49.418Z
37,3dbc349b-06d7-4858-a25b-e869815bfb4c,D,2,3,2,思ったよりも鮮明に聞こえなかったから,2026-01-21T07:59:50.148Z
38,3c345c30-1a7a-4d62-b39a-c901f7e582ee,C,1,7,5,思っていたより幼い声に聞こえました。幼い声がコンプレックスだったので、少し不快に感じました。,2026-01-21T07:59:51.893Z
39,3175e2af-4736-4a87-b3b9-9f0b2a9aa2b1,A,2,2,3,声がモゾモゾしていて聞き取れないです。声が小さいからなのかなと。,2026-01-21T07:59:53.020Z
40,a37f4fd3-2cd6-4783-8337-c7d7d27f41a3,B,2,4,3,自分の声のイメージとほぼ同じで、あまり違和感は無いです。,2026-01-21T07:59:56.076Z
41,acb880ec-9167-47d4-9e36-125ab3b9396a,D,1,6,2,自分の声に対してマイナスのイメージは抱いていないので、基本的に心地よく感じている。,2026-01-21T08:00:15.357Z
42,d7a9f89e-80b7-45bf-9aed-26fdc9c59b36,C,1,4,4,聞き取りやすくも聞き取りにくくもないが、聞いてて良い声とは感じない。,2026-01-21T08:00:25.126Z
43,48c1afdf-2a63-44d0-8398-f0c96823253e,A,1,4,7,自分で考えているより太い声で汚く感じる。落ち着いていて淡々としていて客観的な印象。偏っていなくてフラットな印象。,2026-01-21T08:00:27.285Z
44,57d56c2c-9fde-4af2-ac67-d3335e505926,C,1,4,3,自分の声とは別人のように感じてしまい違和感が強かったですし、やはり自信を無くしてしまいました。,2026-01-21T08:00:53.347Z
45,fe6627c9-ae49-4fd4-9eaf-7ff4632e17b8,C,1,6,2,"少しだけわずかに震えるような声なので不安定だと感じた。
何かにつかまっていないとよろけそうな感じがした。
声の大きさが安定していないので芯のなさを感じた。",2026-01-21T08:00:59.449Z
46,67b7d834-4c11-4ae4-a110-c076834915e9,C,2,7,1,実際に聞く声と自分の頭の中で想像する声にはやや違いがあり、今回の方が自分らしいと感じた。,2026-01-21T08:01:07.305Z
47,06305435-9d1d-4454-a619-189b7e117014,B,2,6,1,安定していて、親しみのある安心した声に感じました。,2026-01-21T08:01:15.873Z
48,8b3713b7-f5b9-4fab-ae34-b9a5a0410341,D,1,4,3,いつもの自分らしさで考えました。,2026-01-21T08:01:22.092Z
49,bef7272e-7576-4201-bd21-e0abc60bc184,C,1,4,4,"あまり自分の声は聴いたことがないので。
こんなものかと思った。
普段こういった声で人と話しているのかという実感",2026-01-21T08:01:25.048Z
50,e58ea172-366c-49bd-9ca9-bc35af9d16c6,C,2,2,5,声に対する記憶を頼りにしようと思ったが、実際に音声を聞くよりも声の印象について記憶が曖昧になると思った。どこか遠くに感じるように感じた。,2026-01-21T08:01:40.537Z
51,a60c6d23-c91e-4d6a-9b46-512bdc6c88e0,A,1,3,4,"普段自分が聞いている声と、実際の声とは異なる感じがした。
無意識に話しているときの声と指示されて発声する際の声質は異なるので、
自分の声のような感じがしなかった",2026-01-21T08:01:44.851Z
52,e812d66e-1dd1-419e-a3cb-4d371f94bbe8,D,1,6,3,"普段から自分の声を録音して聞く機会があるので、他人に向けて喋っている自分の声をイメージするのは難しくなかった
また、評価することも難しいとは感じなかった
外に向けて喋る時の声色や話し方、イントネーションも鮮明に想像できるが
嘘をついている、欺こうとしている、演じている、ように感じられるのでその声音はあまり好きではない",2026-01-21T08:01:46.367Z
53,3c345c30-1a7a-4d62-b39a-c901f7e582ee,C,2,5,4,落ち着いた大人の女性の声に近く感じました。おそらく理想の自分の声が少し混ざっているんだと思います。,2026-01-21T08:01:46.677Z
54,00bf0cd8-daef-4be4-9988-290e28521a19,C,1,5,5,声質は同じですが、マイクを通した自分の声は聞き慣れないからです,2026-01-21T08:02:12.612Z
55,ad136139-4c46-4320-b03c-769797f9ae7d,D,1,5,6,自分の声は鼻声でアニメの声優とは違うと思った。頭の中を通して響いてくるのでちょっとリバーブがかかっていたからだと思う,2026-01-21T08:02:12.878Z
56,38ea75b2-017b-40b4-afb3-32c3ef94ce2c,D,1,2,5,暗い、元気がないから,2026-01-21T08:02:28.512Z
57,08ab5eea-283c-43c7-a06a-c8b73040318e,D,1,6,2,"序盤に同じ文章を自分の声で発してみたから。（指示があったから）
直近の記憶があるから。",2026-01-21T08:02:41.332Z
58,acb880ec-9167-47d4-9e36-125ab3b9396a,D,2,7,3,自分が思い描いている通りの自分の声だったので違和感がない,2026-01-21T08:02:42.923Z
59,48c1afdf-2a63-44d0-8398-f0c96823253e,A,2,6,3,声から雑音が減ってすっきりした印象がある。普段よりも好青年な雰囲気。,2026-01-21T08:02:46.866Z
60,57d56c2c-9fde-4af2-ac67-d3335e505926,C,2,4,3,録音と実際の声の違いが分からないですが、周りからはこう聞こえているのかという発見はありました。,2026-01-21T08:02:55.114Z
61,f790db99-6208-47e8-9bb6-b14434b0b2c0,D,1,6,3,自分自身が出した声なので親しみを感じました。,2026-01-21T08:03:08.070Z
62,98c81f3c-7fc1-4c89-ba39-6d5864de7bcf,D,1,6,2,聞き取りやすい声で話しているように見受けたからです。,2026-01-21T08:03:09.636Z
63,f469eb14-ec00-4707-9f1f-cae9a2a2e357,B,1,6,2,普段よりも自分の声を意識することで、なんだか違和感というか、いやな部分が見つかりやすかった,2026-01-21T08:03:10.178Z
64,0d92934b-0601-47d5-8ab7-4163b34bb265,B,2,4,4,思い出せる範囲でしっかり考えられたので、難しさは少し軽減されたと思います。まだ鮮明に感じているわけではないものの、大体の声は思い出せるような気がしてきました。,2026-01-21T08:03:39.930Z
65,9365227a-e261-4543-913b-17fc1501890b,D,1,3,6,"覇気がなく、感情がこもっていないと感じた。
示された文章を棒読みで読み上げてしまうから。人に聞かせるために文章を読み上げた経験があまりないため、聞き取りやすい声で読み上げるのに慣れていないから。",2026-01-21T08:03:48.945Z
66,fe6627c9-ae49-4fd4-9eaf-7ff4632e17b8,C,2,5,6,"実際の声よりも遠くで聞こえているように感じた。
淡々と単調に乱れなく読上げているように感じた。",2026-01-21T08:03:54.956Z
67,a60c6d23-c91e-4d6a-9b46-512bdc6c88e0,A,2,2,5,感情がこもっていないので、他人が話しているように感じた。,2026-01-21T08:04:01.709Z
68,d7a9f89e-80b7-45bf-9aed-26fdc9c59b36,C,2,4,5,もう1度聞きたい声ではないけど、不愉快でもない。,2026-01-21T08:04:13.130Z
69,bef7272e-7576-4201-bd21-e0abc60bc184,C,2,3,5,"自分の声の評価は難しい
いまさら変えられないし
ちょっと不思議な気分",2026-01-21T08:04:13.682Z
70,29d237f4-73ca-448a-be76-5183959a563d,A,2,4,5,この２回の音声を聞いて感じたことは、前回の２回の評価の声とは少し違って聞こえました。理由としては、何かしらの音響効果が加わったせいではなかろうかと思います。,2026-01-21T08:04:19.880Z
71,b33fb81a-3126-49d2-bc69-c5123eba1c13,D,2,6,5,自分っぽさがありましたが、少し暗く、緊張しているように感じました。,2026-01-21T08:04:29.540Z
72,8b3713b7-f5b9-4fab-ae34-b9a5a0410341,D,2,3,5,あまりに自分の考える声とかけ離れていました。,2026-01-21T08:04:32.084Z
73,ad136139-4c46-4320-b03c-769797f9ae7d,D,2,4,7,自分の声は女性にしては低いので、人に安心感を与えるかも知れないと思った,2026-01-21T08:04:43.871Z
74,00bf0cd8-daef-4be4-9988-290e28521a19,C,2,6,3,自分の思っている声を想像できたからです,2026-01-21T08:04:45.865Z
75,38ea75b2-017b-40b4-afb3-32c3ef94ce2c,D,2,6,2,思ったよりまとも、気分が安定しているから,2026-01-21T08:04:48.069Z
76,3b079d11-1927-44cc-a075-279caa00b98b,D,1,4,3,自分の声が思ったより軽くて薄っぺらく感じた。あと早口だと感じた。,2026-01-21T08:04:53.306Z
77,9c044651-14b4-44d2-a8f6-7bb323950352,C,1,6,2,落ち着いていて、穏やかな印象を受けた。,2026-01-21T08:04:54.061Z
78,13ca4c5d-d9f3-44b9-85be-1a8840f372e2,B,1,5,5,"間違えないようにゆっくりと正しく読もうとしていた
なので、落ち着いているように感じた",2026-01-21T08:04:54.858Z
79,b1b62eac-f6f0-4978-bf52-04045b5378e2,C,1,5,4,自分の声に少し似ていると感じた。ただ、自分よりすこし鮮明な声のようにも聞こえた。,2026-01-21T08:05:05.950Z
80,755658f7-2954-4f1a-84bc-343067d0f72c,A,1,6,6,"声が不快か心地よいかの評価は難しいが、まぁきき馴染みある声だと思った。
仕事で動画をとって自分の声をきく場面があるので、だいたい私の声だな、との認識はしている。",2026-01-21T08:05:11.651Z
81,168b3ba9-a8ce-422f-bc9c-a862eaf8815c,D,1,4,6,"あまり自分の声が好きではないので、マイナスポイントしか浮かびませんでした。
聞き取りづらい声だと思っているので、思い出してもいい気持ちがしませんでした。
もっとはっきりした喋りかただといいのにと、自省していました。",2026-01-21T08:05:13.046Z
82,5c265be8-cd96-4f43-a27f-ce6f4ae5398a,D,1,5,6,"不快に感じた。
自分に自信がさらに亡くなった。",2026-01-21T08:05:13.432Z
83,f469eb14-ec00-4707-9f1f-cae9a2a2e357,B,2,5,3,さらに意識することで、違和感が強まったような気がする。,2026-01-21T08:05:14.338Z
84,2c903b4d-7a0c-4f90-ba6b-fada8afc1083,D,1,5,1,"暗い,高い,優しい",2026-01-21T08:05:21.825Z
85,98c81f3c-7fc1-4c89-ba39-6d5864de7bcf,D,2,5,2,落ち着きのある声で安心感を与えてくれる感じがあるからです,2026-01-21T08:05:25.901Z
86,de2fd006-87bc-4631-bc0c-3d7a3a9ef148,C,1,6,3,自分の声は聞いていて恥ずかしい,2026-01-21T08:05:32.222Z
87,8b17231f-31e3-4984-8444-92cd9bbd08ae,D,1,4,6,"自分で決めつけている印象が強い
実際よりも美化しているようだ
こうありたいといった理想の声が想像を邪魔する",2026-01-21T08:05:32.782Z
88,e812d66e-1dd1-419e-a3cb-4d371f94bbe8,D,2,6,5,"話しながら想像していた話かたや声音と、実際に録音された音声にはやや違いがあった
録音しおわったタイミングでは、もっと気味が悪い声で録音されていると思っていた
実際に聞いてみると思ったよりは聞ける声だった
そのため、自分の脳内にあった「気持ち悪い声、話し方」と実際の録音のズレを感じてしまい
評価するのが少し難しいと感じた",2026-01-21T08:05:37.484Z
89,e3a5e227-6979-4b2d-afce-28f192c972cd,D,1,3,5,"人の声みたい
思ったより低い声
違和感がある",2026-01-21T08:05:48.879Z
90,7d8c835c-1483-46ac-bdee-f9196c2449af,D,1,2,5,"自分で想像している声より高いことや擦れた声に感じた。
もう少し低い声でクリアな声だと思っていた。",2026-01-21T08:06:00.402Z
91,39d04128-a3c8-44af-96f6-63cc365e1366,C,1,6,5,良くも悪くも無難な感じの声。1つ目は抑揚がなく、2つ目はやや力強さはあるものの総じて特徴は少ない印象。,2026-01-21T08:06:03.237Z
92,3b6ed862-1ebd-4b91-9ca4-ba304206237a,C,1,6,1,普段聞いている声とは違っているが、これが自分の声だとするとなかなか良い思えたから。,2026-01-21T08:06:40.958Z
93,2c903b4d-7a0c-4f90-ba6b-fada8afc1083,D,2,5,2,"優しい,暗い,つらい",2026-01-21T08:07:01.827Z
94,817b304b-8822-4a37-a40b-c67330dbe046,C,1,5,5,自分の声があまり可愛くなくて複雑な気持ちになりました。普段喋っている声と少し違うように感じました。,2026-01-21T08:07:04.840Z
95,b3f850c4-c04d-4f48-a08c-87459f9a2b58,B,1,5,3,発する声よりも高く感じ、スラスラ言えました。,2026-01-21T08:07:06.334Z
96,f790db99-6208-47e8-9bb6-b14434b0b2c0,D,2,7,1,低めの声でゆったりと発言していて落ち着いた印象を受けました。,2026-01-21T08:07:09.161Z
97,5c265be8-cd96-4f43-a27f-ce6f4ae5398a,D,2,3,6,何か起こっているように感じた。,2026-01-21T08:07:21.959Z
98,de2fd006-87bc-4631-bc0c-3d7a3a9ef148,C,2,3,6,想像はややむずかしい,2026-01-21T08:07:25.825Z
99,75903c68-a7d6-4108-a466-0c97e10b9844,D,1,3,3,自分の声を自分で聞く機会が少ないので、あまり鮮明には聞こえてこなかった。活舌が良くなく、あまり聞き取りやすい声ではないように思える。自分の声に思入れが無いので、不気味というような感情は特に感じない。,2026-01-21T08:07:28.334Z
100,755658f7-2954-4f1a-84bc-343067d0f72c,A,2,6,6,"特に先の質問と変わらず、違和感はない。
文章が棒読みだなーとおもうくらいで、自分の声にきき馴染みもあるため、違和感は特別感じなかった。",2026-01-21T08:07:42.078Z
101,13ca4c5d-d9f3-44b9-85be-1a8840f372e2,B,2,6,4,"おちついていて、ゆっくりと丁寧に読んでいる
",2026-01-21T08:07:46.488Z
102,f0b7185f-2506-45d0-aa8f-82950bb1dedd,C,1,5,3,"違和感を感じた
普段聞いている声は骨伝導の音波が加わり高く聞こえるから
自分の発話を意識して聞く機会がないから
",2026-01-21T08:07:52.557Z
103,a8739266-0dcc-47f5-b16c-91835f64b26f,D,1,5,6,"自分の声をあまり録音しないのでイメージが難しい
",2026-01-21T08:07:53.913Z
104,31bc944c-965b-4c83-a8b1-dfb62b4c19ba,C,1,5,4,特に違和感なく感じた。,2026-01-21T08:08:28.156Z
105,30c7eb18-ffc1-4880-aab6-872ae99c90f2,C,1,3,4,私が想像していた以上に声が低く、鼻声のような印象を受けました。全体としては、他者が聞き取りにくい声を発していることが分かり、残念な気持ちになりました。,2026-01-21T08:08:31.894Z
106,08ab5eea-283c-43c7-a06a-c8b73040318e,D,2,6,1,"言って、（記憶を頼りに）想像して、改めて聞いたところ、最後が一番高音に感じた。
少しよそ行き声を作ってしまったと思われる。",2026-01-21T08:08:41.167Z
107,43971bbb-9917-41d4-aa52-0f91937c07e5,B,1,6,3,1回目は少しこもった疲れた感じがしたけど、2回目はもう少し自然なトーンで、日常の会話そのままでした。,2026-01-21T08:09:00.505Z
108,e673f157-8c0b-4deb-8c58-59314444a804,D,1,2,4,"自分の声には籠った感じがあるような気がする。
アナウンサーみたいにはっきりとした口調にはなれない。
意外と活舌が悪いきがする。",2026-01-21T08:09:06.026Z
109,c4ef57c0-b1d6-47be-b3e4-ec34553480c5,D,1,4,5,緊張があり、特定の文章を読み上げる経験もほぼないので、自分の声に関しては少し違和感を感じた気がします。,2026-01-21T08:09:15.276Z
110,3b6ed862-1ebd-4b91-9ca4-ba304206237a,C,2,5,3,頭の中で再現することは難しいと感じた。しかし、自分の声は思っていたよりも良いと感じたから。,2026-01-21T08:09:20.224Z
111,7d8c835c-1483-46ac-bdee-f9196c2449af,D,2,2,5,"自分の声は少し高く、擦れて聞こえると感じた。
話すスピードがゆっくりで、感情をあまり表に出さない話し方に感じた。",2026-01-21T08:09:26.476Z
113,7ef0d741-6a9f-4d8e-ad62-04826a5c6628,D,1,1,6,"自分の思っている声質やトーンとは大きく違っており、違和感と不思議な感じと不気味さがあります。
自分の声ですが「もっとはっきり話せないのか」「どうしてこんな声なんだろう」と、聴いていてあまり聞き心地の良くない声だと思いました。",2026-01-21T08:09:44.265Z
114,f0b7185f-2506-45d0-aa8f-82950bb1dedd,C,2,4,4,"特に意識していないから
普段違和感を感じていないから
普段聞いていてそれに慣れているから",2026-01-21T08:09:49.725Z
115,7a7f8054-457c-4be2-8429-ade2dd2dff87,D,1,5,6,声が自分の物ではない不思議さがあり不気味に感じた。,2026-01-21T08:09:52.695Z
116,b1b62eac-f6f0-4978-bf52-04045b5378e2,C,2,6,3,スラスラと発せられたように感じた。はっきりと聞き取りやすく、鮮明に感じた。,2026-01-21T08:09:59.303Z
117,3b079d11-1927-44cc-a075-279caa00b98b,D,2,6,6,自分の声は、思っているより高くてハスキーな感じで違和感があった。もっと低い声だと思っていたので、高い声で、恥ずかしい声だと感じた。,2026-01-21T08:10:04.244Z
118,78eb48aa-b64b-4bcb-be68-cfd6f82e4ca9,C,1,7,4,落ち着いた感じのする声でした。言葉の抑揚がはっきりしていたのが理由です。,2026-01-21T08:10:08.937Z
119,22857e3a-5924-4623-8ac6-dd716ad0fb85,A,1,3,4,落ち着いてゆっくり話せているように感じた,2026-01-21T08:10:10.298Z
120,ec72ae78-df4f-4f53-97a1-9693e18fa1e6,C,1,6,2,普段聴いている声よりも、やや低く感じた。録音という客観を利用したからこそ、分かったことだ。,2026-01-21T08:10:13.898Z
121,fb58c502-07a8-450a-ad05-059c7d24dbc7,C,1,5,3,"緊張しやすい自分らしい弱々しい感じで思った通りの結果に感じた。
間違えないようにゆっくり読んだことで感情が抑えられている。",2026-01-21T08:10:22.246Z
122,9365227a-e261-4543-913b-17fc1501890b,D,2,4,5,"最初の声はやや不明瞭で聞き取りにくく、2番目は割とはっきりしていて聞き取りやすかった。
聞き取りにくかった方は録音状態が良くなかったのかもしれない。自分の年齢を考えると、声はどちらも幼い印象であったが、「正確に読む」ことを意識したために、子供が教科書を読むような感じで発声したからかもしれない。",2026-01-21T08:10:27.189Z
123,a8739266-0dcc-47f5-b16c-91835f64b26f,D,2,5,7,"自分の声なのかよくわからず困惑した。
声を評価することが少ないので難しかった",2026-01-21T08:10:28.132Z
124,31bc944c-965b-4c83-a8b1-dfb62b4c19ba,C,2,4,3,特に違和感なく感じた。,2026-01-21T08:10:33.492Z
125,8b17231f-31e3-4984-8444-92cd9bbd08ae,D,2,7,1,"いつもの声で安心する
意外とよいので驚いた",2026-01-21T08:10:37.457Z
126,3602c48b-bfbf-46fb-b06b-29c36914a428,D,1,6,7,録音した際の声と頭の中で話している声が一致していないく自分の声がどんな感じなのか曖昧になって不気味な感じがしたから,2026-01-21T08:11:03.987Z
127,1f29e4de-41b1-4b52-9587-04e4845cd0fd,C,1,2,5,張りが無く、生気を感じられない。自分に自信がないことがすぐにわかる。何の感情もこもっていない。,2026-01-21T08:11:11.892Z
128,75903c68-a7d6-4108-a466-0c97e10b9844,D,2,3,4,鼻が詰まっているような感じで、聞き取りにくい。自分の声とは違うとは思うが、それほど大きな違和感はない。,2026-01-21T08:11:30.844Z
129,817b304b-8822-4a37-a40b-c67330dbe046,C,2,6,2,イメージするのが簡単だった。自分の声に少し慣れてきた。,2026-01-21T08:11:39.343Z
130,ec72ae78-df4f-4f53-97a1-9693e18fa1e6,C,2,5,2,すでに確認済みの声であったので、違和感なく感じ取れた。,2026-01-21T08:11:49.473Z
131,43971bbb-9917-41d4-aa52-0f91937c07e5,B,2,6,3,時間もたち、頭の中で自分の声として完全に再現できて、すごく鮮明に感じました。実際の録音よりもむしろ理想的な自分の話し方で、トーンやリズムがぴったり合っていて違和感がゼロでした。,2026-01-21T08:11:59.802Z
132,1c3a4ce3-da4f-454e-9669-fd7e3ba54838,C,1,7,1,自分が思っている通りの声で親しみを感じた。,2026-01-21T08:12:01.811Z
133,4d48b0dd-bafd-4223-b859-b71fd8b35433,A,1,5,3,"普段自分が耳で聞こえている声とは違って聞こえました。
すごく細くて、腹から声を出していないような印象でした。こんな風に他人には聴こえているのかと思うと、少し恥ずかしい気持ちになりました。",2026-01-21T08:12:01.923Z
134,168b3ba9-a8ce-422f-bc9c-a862eaf8815c,D,2,4,6,"自分の声を耳にすることに苦痛を感じました。
もっとしっかり、自身を持って話せばいいのにと思ってしまいます。
滑舌が思ったよりも悪いのも恥ずかしいです。

",2026-01-21T08:12:02.876Z
135,676ed14d-d462-4ce7-9728-8f034eeb0d6a,C,1,6,3,テレビなどの音声と比べると一般性がなく気持ち悪い,2026-01-21T08:12:07.652Z
136,f15f86c1-9876-40f5-a527-2ddd451a9744,D,1,5,2,普段自分の声を聴くことはあまりありませんが、以前より声が良いと多数言われたことがあり、それなりに自信を持っていましたが、実際に録音してみると少し違和感を覚えました。,2026-01-21T08:12:10.693Z
137,7a7f8054-457c-4be2-8429-ade2dd2dff87,D,2,5,7,声がとても暗くてボソボソしていて聞き取りづらいと感じました。,2026-01-21T08:12:30.865Z
138,a0d4fb9c-f886-4f93-8343-d4db3d015df2,C,1,5,1,"意外と暗いと感じた
こもっていてがさがさしているから",2026-01-21T08:12:33.440Z
139,b3f850c4-c04d-4f48-a08c-87459f9a2b58,B,2,6,3,"普段あまり気にしていないので、改めて
自分の声を分析すると、
思ったよりも低かったです。",2026-01-21T08:12:48.111Z
140,e836c43a-2375-45b7-a441-f4eb17eb3aea,C,1,5,5,体の中と外に出したものの違いか、自分が思っている声と少し響きが違う気がしていつもと違うなと少し戸惑いを覚えた。,2026-01-21T08:13:03.141Z
141,1bbcd04b-690c-4eba-9458-c8dde3c859c0,C,1,2,6,声が小さく、はっきり聞こえにくい感じがしました。また、元気がない印象もありました。,2026-01-21T08:13:09.396Z
142,d9c2e8fd-b910-4cbc-b2ed-e75640c5c720,D,1,4,5,自分の声が、自分自身の印象よりもずっと低い声であることを知っているので、それを想像すると少し違和感や気持ち悪さを感じる。,2026-01-21T08:13:23.083Z
143,9135a356-c046-4459-b1b0-4078ca71f23d,D,1,2,5,声を想起するのが難しいから。また、そのことを評価するのも難しいから。,2026-01-21T08:13:24.458Z
144,78eb48aa-b64b-4bcb-be68-cfd6f82e4ca9,C,2,6,6,落ち着いた感じがする声のように感じました。声の調子に安定感があったからです。,2026-01-21T08:13:26.957Z
145,1e76a9fb-504c-46ae-a330-4f6c66e580f1,C,1,5,2,録音に不慣れなわりには良く聞き取れたからです。１発録りで難しさもなかったからです。,2026-01-21T08:13:28.068Z
146,39d04128-a3c8-44af-96f6-63cc365e1366,C,2,4,6,1回目の声は平たんで無難な印象で2回目の声はやや力強さがある分、自分の声と少し違うような印象を受けた。直接音声を聞かずに頭の中のイメージした声なので少しズレが生じたのかもしれない。,2026-01-21T08:13:34.049Z
147,fb58c502-07a8-450a-ad05-059c7d24dbc7,C,2,5,3,"天から自分をみているよう、自分であるけれど客観的な感じ
留守番電話でかつて聞いたようななじみのある感覚",2026-01-21T08:13:39.161Z
148,776820a9-7d7f-493b-b3a8-70ba710e8172,B,1,2,5,"自分の声を客観的に聴き、声のトーンの暗さや冷酷さを感じました。
まるで心の奥にある不安感が声から滲みでているようでした。
理由は、今抱えている悩みがあるからです。
",2026-01-21T08:13:49.786Z
149,8105b8f0-173b-4407-a808-e81bd9560df5,B,1,6,3,どちらかというと以前の自分の声や、それに近しいアニメなどで聞く声に近い音で読み上げているように思いました。最近特に声がかすれてきているのですが、自分の声に驚くこともあります。そういう意味では頭の中で読み上げる声と実際の声が乖離しているように思いますが、慣れた音声でもあるので不自然さは感じていないように思います。,2026-01-21T08:14:10.012Z
150,7ef0d741-6a9f-4d8e-ad62-04826a5c6628,D,2,1,4,"自分の声を録音して聞くことがないので、「こんなに鼻声なんだ、今までこんな声で話していたんだ」とショックを受けました。
自分では普通に話していたつもりですが、これからはもう少し話す声のボリュームだったり滑舌、鼻にかかった声にならないようにしないといけないと思いました。",2026-01-21T08:14:16.979Z
151,dde796aa-7269-43b6-b9f4-f06bad4b89f6,C,1,5,5,落ち着いて明確に言葉を発しているように思える。また、若干自信のなさが声から伝わってくる。,2026-01-21T08:14:18.205Z
152,22857e3a-5924-4623-8ac6-dd716ad0fb85,A,2,3,4,自分の声は若干聞き取りにくいと思った,2026-01-21T08:14:21.290Z
153,c4ef57c0-b1d6-47be-b3e4-ec34553480c5,D,2,5,6,録音した声が意外に高く、自分の気持ちとは異なる感じがしてとても違和感を感じました。,2026-01-21T08:14:27.660Z
154,4178e4f6-275e-41dd-be3f-317b84438f4c,C,1,6,2,自分の声がどこか聞きなれた感じがしたので、普段他人から言われる自分のイメージに沿った形容語が適切に感じた,2026-01-21T08:14:32.805Z
155,e673f157-8c0b-4deb-8c58-59314444a804,D,2,3,4,"録音された音声自体はクリアだが、自分の声はクリアではない。
自分がこれほど活舌が悪いとは思わなかった。
ちょっと暗い印象を与える感じがしてしまう。",2026-01-21T08:14:38.200Z
156,a0d4fb9c-f886-4f93-8343-d4db3d015df2,C,2,5,6,"自分が思っている声と実際は違うのか、他人にはどう聞こえているのかと感じた
",2026-01-21T08:14:44.534Z
157,9a455b59-fbd2-47a8-a03b-13a639db323b,C,1,3,3,好きだし良いと感じたから,2026-01-21T08:14:49.770Z
158,389586ad-b0a1-44f2-a2de-dd1662b3380e,C,1,7,3,活舌をしっかり考えて発言を普段できる。そのため鮮明さがあらわれやすいと思う。,2026-01-21T08:15:12.264Z
159,1c3a4ce3-da4f-454e-9669-fd7e3ba54838,C,2,7,1,温かい声で親しみを感じた。,2026-01-21T08:15:14.081Z
160,9a455b59-fbd2-47a8-a03b-13a639db323b,C,2,3,3,良いからですね。やはり,2026-01-21T08:15:32.001Z
161,f6a5c6fd-c50e-48be-9725-e1cf2cef873f,C,1,5,4,大体思った通りの自分の声でした。,2026-01-21T08:15:34.776Z
162,4d48b0dd-bafd-4223-b859-b71fd8b35433,A,2,4,3,先ほど聞いたよりは少し馴染みがあるようには感じた声でした。しかし、やはり声に張りがなく、暗いように感じました。,2026-01-21T08:15:45.148Z
163,1e76a9fb-504c-46ae-a330-4f6c66e580f1,C,2,4,5,どもったりすることはないが、出だしで一瞬混乱したり、頭で声を出しさらに聞くという行為が難しかったから,2026-01-21T08:15:45.173Z
164,30c7eb18-ffc1-4880-aab6-872ae99c90f2,C,2,6,1,少しだけ高い声で、透き通った感じがあり、かなり鮮明だと感じました。また若々しい声で、ハツラツとした印象があると感じています。よって、この2回の評価自体はわりと簡単だと思いました。,2026-01-21T08:15:46.136Z
165,676ed14d-d462-4ce7-9728-8f034eeb0d6a,C,2,5,4,嫌な感じがする。自意識過剰な印象を受けた,2026-01-21T08:15:46.560Z
166,27aaba39-c9f6-4de9-b0e2-f5e33f3cbce6,D,1,2,6,想像している声と実際の声にはかなりの違いがある。,2026-01-21T08:16:08.989Z
167,9ca4e310-8acd-4462-97ac-7b3ab6bd5b77,A,1,5,7,声は自分のいつもの声でした。評価が難しいです。,2026-01-21T08:16:13.222Z
168,3baf857c-7084-4b28-9e33-f579d941ed23,B,1,4,6,自分の声のはずなのに、自分の声ではないような雰囲気があって、違和感を覚えた部分があるから。,2026-01-21T08:16:17.645Z
169,1bbcd04b-690c-4eba-9458-c8dde3c859c0,C,2,5,4,想起すると声がはっきりして良く聞こえます。また、いつもより力強く言えている気もします。,2026-01-21T08:16:20.234Z
170,e836c43a-2375-45b7-a441-f4eb17eb3aea,C,2,6,5,普段文字を読んだりするときに聞こえてくる声とほぼ同じなため、安心感があった。,2026-01-21T08:16:28.107Z
171,e9bb43d0-5b47-4a66-b9aa-d8ebd1459b66,D,1,4,3,落ち着いていて、穏やかな印象を受けた,2026-01-21T08:16:31.364Z
172,f3ee4773-9965-4fbd-b8af-4552e1a34d60,A,1,4,5,録音する際、確認再生がなく私自身どの程度の声が出ているのか不安になりました。,2026-01-21T08:16:34.023Z
173,aaae2793-c14b-4aa4-acd5-cb6be7d7f917,B,1,3,3,特に大きな違和感は感じません,2026-01-21T08:16:40.670Z
174,f15f86c1-9876-40f5-a527-2ddd451a9744,D,2,6,4,短い文章なので最初はなんだか自分らしくないような感じでしたが、2回目からは普通の自分の声に近くなってきたように感じました。回数重ねるともっと自分らしい声になると思います。,2026-01-21T08:16:44.436Z
175,562f1b62-e20d-443e-a8f7-d04a2bb5fc88,B,1,5,5,"自分の声を少し自分にとって聞き心地のいい声であるように変換しているように感じました。
頭の中で聞いている自分の声から、不快感を感じないようにする必要があるからです。
安心感を得るためであるようにも感じました。",2026-01-21T08:17:18.755Z
176,9135a356-c046-4459-b1b0-4078ca71f23d,D,2,4,2,実際の声を聞く方が分かりやすい。,2026-01-21T08:17:31.408Z
177,f6076c07-8e55-4847-b722-77e9bfb7e8e6,D,1,5,4,"若干細目の声の出で、あまり力強い印象はしませんでした。
ただ、以前も自分の声を別のスピーカーで聞いたことがあるので、とくに違和感はありません。",2026-01-21T08:17:33.940Z
178,9e85146a-4e0b-4a42-8096-652bff1414fa,C,1,4,5,自分らしい声だと思ったから,2026-01-21T08:17:39.016Z
179,389586ad-b0a1-44f2-a2de-dd1662b3380e,C,2,7,5,録音機能がなかったため、その分難しさはあった。,2026-01-21T08:17:42.729Z
180,d9c2e8fd-b910-4cbc-b2ed-e75640c5c720,D,2,4,3,実際に録音された自分の声を聞いて、不自然で気持ちが悪いと感じた。自分自身の感覚よりも、ずっと暗い人物の声に感じる。,2026-01-21T08:17:54.927Z
181,ce289f52-aae0-40cb-9307-309e246765ce,C,1,4,5,これまで録音した自分の声を聴いたことがなく、１回目は想像との違いに驚き、また思ったより悪くなかったと感じた。２回目は、持病の鼻炎の影響が声に表れているのがわかり不快だった。こんな声を人が聞くと思うと恥ずかしい。,2026-01-21T08:17:59.244Z
182,776820a9-7d7f-493b-b3a8-70ba710e8172,B,2,3,5,"自分の声が暗く、重い印象を受けました。
気力のなさが伝わってくるようでした。
声のだし方、言葉を読むスピードがゆっくりで、元気のなさを感じたからです。",2026-01-21T08:18:05.053Z
183,2a1ca3ae-9043-4f6c-9a72-cc5664db7dc6,D,1,6,2,"弱い，小さい，細い
理由は自分のいつもの声が弱く、小さく、細い声だと自認していて気にしているからです。",2026-01-21T08:18:07.246Z
184,3602c48b-bfbf-46fb-b06b-29c36914a428,D,2,3,7,これが自分の声なのかと正直かなりびっくりしている。もう少し高いと思っていたのでこんなに低いとは思わなかったしかなり気味が悪いと感じました,2026-01-21T08:18:13.935Z
185,91effd7d-119c-459f-935e-bfab07159752,B,1,4,5,"活舌が悪くて聞き取りにくい
ハキハキせず、もそもそしていて聞き取りにくい",2026-01-21T08:18:16.669Z
186,8105b8f0-173b-4407-a808-e81bd9560df5,B,2,6,2,自分の声とどこか似ているようで、けれどより明瞭ではっきりとした滑舌で感じられました。普段の自分の声は滑舌があまりよくないので、その点では異なると思いますが、実際の声よりは親しみを感じているように思います。,2026-01-21T08:18:30.436Z
187,47d95d35-6eff-40ba-8778-3ceaaaf4e6c3,C,1,4,2,想像していた声と実際に聞く声はそれほど差異がないように感じたからです。,2026-01-21T08:18:38.927Z
188,9ca4e310-8acd-4462-97ac-7b3ab6bd5b77,A,2,5,7,自分の声ではあるが、評価をしづらいです。,2026-01-21T08:18:40.642Z
189,f6a5c6fd-c50e-48be-9725-e1cf2cef873f,C,2,5,4,大体、自分の考えと実際の声が一致していて違和感はないように思いました。,2026-01-21T08:18:43.178Z
190,eab10ddb-0317-41e4-831e-445f6bd325fd,C,1,4,3,声の高さに違和感があるものの、第三者にきちんと通じるような声であったので、ある程度鮮明であると感じました。一方、声の抑揚についてはあまり変化がなかったので、平板な声だと思いました。,2026-01-21T08:18:48.448Z
191,4178e4f6-275e-41dd-be3f-317b84438f4c,C,2,4,6,先ほど再生された音声に引きずられて自分の声がうまく頭の中でイメージできなかった,2026-01-21T08:18:50.881Z
192,e9bb43d0-5b47-4a66-b9aa-d8ebd1459b66,D,2,7,1,落ち着いて静かに話している,2026-01-21T08:18:55.219Z
193,3baf857c-7084-4b28-9e33-f579d941ed23,B,2,4,5,自分の声がどんなものか？分からなくなってきて、戸惑いのような部分を感じるから。,2026-01-21T08:19:03.631Z
194,1b9e1230-d172-4c71-8418-874d51ffaa05,B,1,5,5,カラオケアプリを入れているので、自分の声を少し聞き慣れているかもしれません,2026-01-21T08:19:03.894Z
195,4c6ae927-9cbd-4bd4-b065-faf732826708,D,1,4,6,思ったよりも声に意外性があって、違和感を感じました。,2026-01-21T08:19:18.841Z
196,9e85146a-4e0b-4a42-8096-652bff1414fa,C,2,3,5,自分の声を想像するのは難しいから,2026-01-21T08:19:27.939Z
197,aaae2793-c14b-4aa4-acd5-cb6be7d7f917,B,2,4,4,特に違和感はありません。,2026-01-21T08:19:33.196Z
198,415f3bf1-3bd2-4cfb-89ee-75f42862b49b,C,1,1,7,録音した声が所々かすれていて、不鮮明だったため判断しづらかった,2026-01-21T08:19:42.344Z
199,972b26d5-c1a1-4d6c-b0b4-eae4c1acffe8,D,1,4,4,自信の無さからくる、弱さなどを感じました,2026-01-21T08:19:49.367Z
200,dd07cfbf-e721-4fec-8338-933eb63b3b8a,B,1,5,3,馴染みのある感じで再生された。,2026-01-21T08:19:55.352Z
201,dde796aa-7269-43b6-b9f4-f06bad4b89f6,C,2,6,6,ある程度自分の声を想定することができて、自分なりには鮮明に想像できたような気がする。,2026-01-21T08:20:02.684Z
202,3d0999d4-231e-4775-87cd-555d4f15adac,A,1,1,1,自分の声を何度となく聞いているので、鮮明さは感じなかった。,2026-01-21T08:20:19.197Z
203,2a1ca3ae-9043-4f6c-9a72-cc5664db7dc6,D,2,7,1,"弱い，小さい，細い
普段から弱い，小さい，細いと認識しており、実際そのとおりに感じたから。",2026-01-21T08:20:19.526Z
204,0191f5c6-e810-47cd-8aab-a2c6a06f77d1,B,1,5,7,自分が思うより高めの声になっていると想像した。,2026-01-21T08:20:24.074Z
205,f6076c07-8e55-4847-b722-77e9bfb7e8e6,D,2,6,6,"とても自分らしい声でとくに大きな違和感は感じませんでした。
ただ、最初のほうはちょっと言葉をかみ気味でしたので、そこがちょっと変に思いました。",2026-01-21T08:20:24.208Z
206,27505ca0-f723-4d84-b0a0-4a52e41c8fe4,D,1,5,1,普段から自分の内部に耳を傾けることを意識的に行っている。ゆえに自身の声から何かを形容することが苦でなかった。,2026-01-21T08:20:26.367Z
207,af683920-f293-48ca-943f-a64b00038aa1,C,1,4,3,"早口に聞こえました。
またあまり男らしい芯のある声質ではないと思いました。
理由は他の人の喋り方を頭で想像したら早口だなと思いました。
男らしい声は他の人の声と比べてそう思いました。",2026-01-21T08:20:27.334Z
208,d6ed9689-052f-4106-8a2e-41de6a98ec4c,D,1,6,6,知らない方と話す時のようは声になったと思う。普段はもう少し冷たく話すと思ったから。,2026-01-21T08:20:39.590Z
209,27aaba39-c9f6-4de9-b0e2-f5e33f3cbce6,D,2,4,6,聞き取りやすさに重点を置いているのか、ゆっくりした感じに聞こえた,2026-01-21T08:21:03.384Z
210,1b9e1230-d172-4c71-8418-874d51ffaa05,B,2,5,5,少しよそ行きの声を出していると感じた,2026-01-21T08:21:16.082Z
211,47d95d35-6eff-40ba-8778-3ceaaaf4e6c3,C,2,3,5,実際の声とは違和感が少しあったからです。,2026-01-21T08:21:25.337Z
212,dd07cfbf-e721-4fec-8338-933eb63b3b8a,B,2,5,2,頭のなかで綺麗に流れた,2026-01-21T08:21:37.813Z
213,dd2c2055-1986-422c-a504-636ea57f63b0,C,1,5,5,昔から「録音された」自分の声があまり好きではないので不快に感じた。正直な話、今嫌な気分でありストレスを感じている。,2026-01-21T08:21:48.434Z
214,9165a94b-c8be-440f-87c1-3a0396bdbc4c,C,1,3,6,低い声質だった。聞き取りにくかった。きれいではなくしゃがれていた。,2026-01-21T08:22:15.422Z
215,91effd7d-119c-459f-935e-bfab07159752,B,2,5,5,"活舌が悪くて聞き取りにくい
ハキハキしていなくて、明るさがない
声自体は簡単に想像できるが、感じたことを言語化するのが難しい",2026-01-21T08:22:17.492Z
216,658134ab-c54e-44eb-b05f-14e792403e23,C,1,5,6,自分の声を録音したものは何度か聞いたことがあり、イメージ通りだった。しかし、その印象を言葉で表したことはなかったので難しかった。,2026-01-21T08:22:23.676Z
217,44a87e65-ac17-4a82-9685-30e3e6009724,C,1,6,6,自分が事前に思っていたような声とは違っていたので、少し違和感を感じました。ただ、自身の性格は知っているので、そのイメージと同じような声であるという印象は強くありました。あと、普段は話さないような内容を話したので、この点においても違和感はあり、声に影響したと感じました。,2026-01-21T08:22:26.339Z
218,948604d5-e958-4f40-8a56-64aa18aceffe,D,1,4,5,自分の声をイメージしているのにどこか違和感がある。少し高く感じる。,2026-01-21T08:22:31.655Z
219,972b26d5-c1a1-4d6c-b0b4-eae4c1acffe8,D,2,3,4,録音した声は普段の声と違って聞こえ、不快に感じました,2026-01-21T08:22:40.263Z
220,d6ed9689-052f-4106-8a2e-41de6a98ec4c,D,2,7,7,自分の声は暗いと感じた。もっと明るい声だと思っていたから。,2026-01-21T08:22:47.433Z
221,59fed673-e032-4ac4-ad49-5172efc45d50,D,1,2,6,自分の理想と大きな乖離が感じられる。,2026-01-21T08:22:50.827Z
222,27505ca0-f723-4d84-b0a0-4a52e41c8fe4,D,2,5,2,自分らしく落ち着いた声での喋りだと思った。そこの解釈は録音時、確認再生時で解釈が一致している。そのことから、それに対する質問も簡単に答えることが出来た。,2026-01-21T08:22:53.866Z
223,562f1b62-e20d-443e-a8f7-d04a2bb5fc88,B,2,5,4,声の抑揚が少なかったため、落ち着いているが、印象に残りにくい声だと感じました。,2026-01-21T08:23:00.876Z
224,4db363dd-7d42-4018-a1de-9eedf504a987,D,1,6,6,自分の声が低いのと暗い感じがしました,2026-01-21T08:23:02.608Z
225,c4e13275-a10d-4f2b-8d7b-1b0ef396b482,C,1,6,2,"じぶんのこえらしいとおもった。じぶんでよんだこえと　いわかんがないから。
ＰＣをとおしているのでこんなかんじだろうと　おもった。

",2026-01-21T08:23:08.077Z
226,1dd80020-8949-4efb-87e4-387bdfd94ec1,C,1,2,5,自分の声は覇気がなく汚く聞こえる。自分が発した声を聴き、これが自分の声なんだって驚いてしまう。こんな汚い声なんだなって。,2026-01-21T08:23:14.159Z
227,f84b755e-953a-42c3-9736-0fdd6b76589b,D,1,2,5,"想像してた。
頭の中で考えた。
不気味だった",2026-01-21T08:23:42.665Z
228,58d2d210-c133-4ab1-8f77-5197ff20b70a,D,1,5,4,先ほど録音したときに発した声を想像して評価しました。自分で聞こえる声と録音した声には差があるので、正しい評価が出来ているのかが少し不安です。,2026-01-21T08:23:53.949Z
229,4d282875-8fed-4f06-aaac-e174830b3cd2,C,1,6,1,１回目は別人の声に聞こえて不快感と違和感を感じましたが、２回目は自分の声だと思いました。普段、自分の声を聞きなれていても録音して聞くと全く別人が喋っているように聞こえるので不思議な感覚になりました。,2026-01-21T08:24:13.141Z
230,415f3bf1-3bd2-4cfb-89ee-75f42862b49b,C,2,7,3,"想像通り
早め
落ち着いた",2026-01-21T08:24:13.941Z
231,dd2c2055-1986-422c-a504-636ea57f63b0,C,2,3,6,先程自分の声が嫌だといった通りで、想像すること自体が嫌なのでかなりイライラした気分になっている。,2026-01-21T08:24:34.728Z
232,658134ab-c54e-44eb-b05f-14e792403e23,C,2,4,6,頭の中で自分の声をイメージするのはやや難しいと感じた。,2026-01-21T08:24:41.498Z
233,480b4811-adaf-4e9d-bea2-df0d21e73206,C,1,6,1,自分自身が思っている以上に、とても滑舌がよく、聞き取りやすいので、文章が、人に対して伝わりやすいと思う。,2026-01-21T08:24:57.818Z
234,9165a94b-c8be-440f-87c1-3a0396bdbc4c,C,2,3,6,低い声で掠れてしゃがれて聞き取りにくい,2026-01-21T08:25:02.646Z
235,c4e13275-a10d-4f2b-8d7b-1b0ef396b482,C,2,6,1,"まさしくじぶんらしいこえ
さきほどろくおんしてばかりなのでいめーじしやすい　
まだおぼえているから。
",2026-01-21T08:25:17.708Z
236,1dd80020-8949-4efb-87e4-387bdfd94ec1,C,2,3,4,自分の声を自分で認識することにより、修正できるいい機会であった,2026-01-21T08:25:26.726Z
237,f84b755e-953a-42c3-9736-0fdd6b76589b,D,2,5,6,"こんな声と思わなかった
以外に低い
どもっていた。",2026-01-21T08:25:29.635Z
238,948604d5-e958-4f40-8a56-64aa18aceffe,D,2,6,2,思っているより声が低い。滑舌が少し悪い。,2026-01-21T08:25:37.500Z
239,d343820a-b907-4b75-9dfe-3027e7ea3ca7,C,1,4,1,滑舌は良くなかったけど、自分らしい声かなと感じた,2026-01-21T08:25:49.735Z
240,59fed673-e032-4ac4-ad49-5172efc45d50,D,2,5,4,想像していたよりも嫌な感じはしなかった。,2026-01-21T08:25:54.450Z
241,ce289f52-aae0-40cb-9307-309e246765ce,C,2,4,5,さきほど聞いた実際の声の記憶と、気に入らなかったため今度は気を付けようと想像して発声した声とはおそらく同じではなく、美化されている。だんだん混乱して本当の声がわからなくなってくる。,2026-01-21T08:26:19.210Z
242,5684bcec-83cd-4fb0-a0bf-ec53a76a1fe9,C,1,2,4,"あまり元気がない
沈みがち
ややかれ気味",2026-01-21T08:26:24.029Z
243,3d0999d4-231e-4775-87cd-555d4f15adac,A,2,1,4,声の高さが変わったように感じたため。,2026-01-21T08:26:32.773Z
244,5748fda2-3f70-416d-acdc-73449be1fd6d,C,1,6,5,自分の声なので特に違和感もなく、すんなりと受け入れられました。自分の声から思い浮かぶ形容語がなかなかでてこなかったので、選択するのが難しかったです。,2026-01-21T08:26:38.087Z
245,caac2bc1-d0d2-4f06-b23a-3ff3570f4e73,D,1,2,6,"実際の録音の声が聞けないので、想像が難しかった。
状況によって、無意識に声を使い分けているかもしれないと気づかされた。",2026-01-21T08:26:42.535Z
246,9136607c-002c-4c13-817c-89ef3db2e974,C,1,5,4,自分の声でない他人の声のような気がした。普段、自分自身の声を録音して確認することが少ないので、意外な感じがした。,2026-01-21T08:26:45.032Z
247,24767c13-be45-4a75-86f1-103794861842,C,1,2,3,滑舌も悪く声も小さく低い声であまり良いイメージではない,2026-01-21T08:26:49.149Z
248,eab10ddb-0317-41e4-831e-445f6bd325fd,C,2,6,3,スムースに脳内再生することができたので、流暢な声だと感じました。また、場面にふさわしい抑揚がついていたので、理想に近い声だと思いました。,2026-01-21T08:26:54.354Z
249,97234376-e479-4634-b632-29674020c166,D,1,2,6,自分の声は録音するといつも以上に聞きにくい気がする,2026-01-21T08:26:55.359Z
250,af683920-f293-48ca-943f-a64b00038aa1,C,2,5,5,"はっきりと音量のある声に感じた。
短所を意識しはっきりと大きく話すように心掛けたから。",2026-01-21T08:26:57.448Z
251,44a87e65-ac17-4a82-9685-30e3e6009724,C,2,5,6,時間が経って、どのような声だったか、どのように感じたかが、不鮮明になったように感じました。ただ、緊張した感じや自信なさげな感じ、おどおどした感じの印象が強くなってきたように感じています。,2026-01-21T08:26:59.347Z
252,7e4ea26e-bd45-459a-aa5a-65ccd82b722f,D,1,6,4,よく考えてみると2つの文章で自分に聞こえてくる声が少し雰囲気が違う気がしました。 今までこのように考えたことがなかったのですが読みづらさで雰囲気が変わるような気がしました。,2026-01-21T08:27:05.331Z
253,4d282875-8fed-4f06-aaac-e174830b3cd2,C,2,7,1,頭の中の声の方が録音の声より自分らしく感じます。普段、聞きなれている自分の声と遜色ないぐらいに感じた,2026-01-21T08:27:08.464Z
254,4c6ae927-9cbd-4bd4-b065-faf732826708,D,2,3,5,自分の声に違和感を覚えました。,2026-01-21T08:27:19.521Z
255,dcab3508-de9a-4eb7-ae70-b6ff5fb39ee6,D,1,7,1,普段の生活の中で聞こえる声と同じだったからです。,2026-01-21T08:27:24.574Z
256,4db363dd-7d42-4018-a1de-9eedf504a987,D,2,4,6,自分の声を聞くのは本当に不快でした,2026-01-21T08:27:28.620Z
257,704d033c-d106-4d06-b398-b5e9a5d30480,C,1,5,5,自分で思っていたより滑舌が悪い。,2026-01-21T08:27:30.540Z
258,393871dc-d185-4e97-90f3-a2a83e257519,C,1,7,5,もの静かではっきり主張しない声に感じました,2026-01-21T08:27:30.616Z
259,ee5228de-cd14-400e-ad0f-f8b40ff5e075,D,1,4,4,いつもの自分の声は男っぽくて力強いと考えています。,2026-01-21T08:27:35.934Z
260,d343820a-b907-4b75-9dfe-3027e7ea3ca7,C,2,5,1,自分らしい声だったけど、声の雰囲気が弱く暗いかなと感じた,2026-01-21T08:27:43.739Z
261,b44adb88-8606-4ea9-822d-8741a61496ff,D,1,4,6,自分の声を聴く機会がなく、新鮮に感じたため、評価するのが難しかった。,2026-01-21T08:27:49.885Z
262,1f29e4de-41b1-4b52-9587-04e4845cd0fd,C,2,1,2,まさにいつもの切れがない声だと感じた。こもっている感じでよく伝わらない。覇気がなく抑揚もないので印象に残らない。,2026-01-21T08:28:13.240Z
263,fcd1b6c2-a870-4b5b-8b49-40a3c4d1fc2f,A,1,3,5,声が低くて気持ち悪い。自分が思っている声よりだいぶ低くて違和感があるし、ちゃんと喋ってるつもりでもわかりにくいし聞こえづらく聞こえるから。,2026-01-21T08:28:25.373Z
264,348914a8-023e-4d30-b431-804310c4b024,C,1,7,5,思ったよりも低い声で聞き取りにくい声色だった,2026-01-21T08:28:29.236Z
265,5684bcec-83cd-4fb0-a0bf-ec53a76a1fe9,C,2,4,3,"張りがない
年相応
元気がない",2026-01-21T08:29:05.841Z
266,69f42adc-d3ea-4a81-851b-d9ed360726ac,C,1,6,2,声のトーンが低く、スムーズに発声できていなかったので、ぎこちなく違和感を感じた。,2026-01-21T08:29:13.495Z
267,24767c13-be45-4a75-86f1-103794861842,C,2,4,3,滑舌が良くクリアで聞きやすい,2026-01-21T08:29:18.725Z
268,c809b5fd-9009-46ae-8add-019bfd037eee,C,1,2,5,自分の声を録音したものをあまり聞かないので違和感があった。声は低いが雰囲気は幼い印象を受けた。,2026-01-21T08:29:21.055Z
269,526434d0-0667-43d5-828a-160eaa2ea6a1,A,1,6,1,クリアで録音で来ていて、いつも聞いている声であり、違和感はないから。,2026-01-21T08:29:33.719Z
270,e7f0716a-5c9e-4998-af0d-cacea8ae3ef4,D,1,3,3,怖いと思った,2026-01-21T08:29:42.745Z
271,480b4811-adaf-4e9d-bea2-df0d21e73206,C,2,7,1,自分自身が思っている以上に、落ち着いて、伸びやかに滑舌がよいと感じた,2026-01-21T08:29:58.009Z
272,58d2d210-c133-4ab1-8f77-5197ff20b70a,D,2,6,2,実際に録音した音声を聞いたことで正確な評価をしやすくなりました。１つ目の音声はやや探り気味でしたが、２つ目は自分なりに良い声で撮れていたと思いました。,2026-01-21T08:30:04.129Z
273,348914a8-023e-4d30-b431-804310c4b024,C,2,5,5,想像した声は実際より高い声に感じた,2026-01-21T08:30:06.481Z
274,9136607c-002c-4c13-817c-89ef3db2e974,C,2,4,4,自分の声でないような気がした。普段自分の声を聴くことがあまりないので。,2026-01-21T08:30:19.715Z
275,393871dc-d185-4e97-90f3-a2a83e257519,C,2,2,7,しっかりしていない人の声に感じました,2026-01-21T08:30:24.770Z
276,0191f5c6-e810-47cd-8aab-a2c6a06f77d1,B,2,5,7,普段より甘えたような声になっているのではないかと思った。新鮮で以外に感じた。,2026-01-21T08:30:30.226Z
277,97234376-e479-4634-b632-29674020c166,D,2,4,7,自然な話し方にならず、若干聞き取りにくいきがした,2026-01-21T08:30:34.572Z
278,1aa62335-474e-4c7e-82b3-76a05b1b6625,D,1,3,5,自分らしさを出せていない,2026-01-21T08:30:46.746Z
279,fcd1b6c2-a870-4b5b-8b49-40a3c4d1fc2f,A,2,3,5,一回目よりは慣れて気持ち悪さは減った。相変わらず低くて聞き取りにくいが、違和感は少し減ったように思えるから。,2026-01-21T08:31:04.527Z
280,e7f0716a-5c9e-4998-af0d-cacea8ae3ef4,D,2,3,4,すごく汚いと思った,2026-01-21T08:31:05.376Z
281,b44adb88-8606-4ea9-822d-8741a61496ff,D,2,2,6,自分の声を聴くことが新鮮で、少し不気味に感じた。,2026-01-21T08:31:10.928Z
282,5e163f9e-347b-4f21-a0ce-3b39bd8faf5c,D,1,6,2,特に違和感なく自分の声を認識し、いつも通りの声質を感じルコとができたと思う。,2026-01-21T08:31:52.151Z
283,ee5228de-cd14-400e-ad0f-f8b40ff5e075,D,2,4,5,思った以上に声がガラガラしていてショックでした。もっと男らしい声と思っていました。,2026-01-21T08:31:55.189Z
284,2aa8510d-3d15-4f68-a653-8e39fdca1552,C,1,6,3,自分の声なので馴染みのあるような気がしました。一方で普段はこのように聞かないので目新しく感じもしました。,2026-01-21T08:32:04.552Z
285,dcab3508-de9a-4eb7-ae70-b6ff5fb39ee6,D,2,7,4,自分の録音した声を聞く事がないからです。,2026-01-21T08:32:09.531Z
286,ef6e438f-42b6-4bc0-a6ce-59458fe45ba1,C,1,7,2,"想定範囲内の落ち着いた声だと思いました。
学生時代にアナウンス部に所属していたので、それなりに自分の声は当時聞きなれていたからです。",2026-01-21T08:32:09.675Z
287,c30bb747-7eeb-4ab3-994a-d1507839deb9,B,1,3,5,自分の声を評価するのが難しい、自分の声を客観的に聞こうとするのが難しい,2026-01-21T08:32:17.598Z
288,9b82fe07-ea6b-4902-a18d-716eb4517384,A,1,5,5,全体的に抑揚がなく低く聞こえたため,2026-01-21T08:33:03.509Z
289,307cba84-575b-410e-8110-745566629e81,D,1,5,4,声質が低くて、わかりやすく発音しているように感じました。いかにも自分らしい声だと思いました。,2026-01-21T08:33:07.935Z
290,8ecf0c50-2e60-43f3-8900-6af4e84ec28f,D,1,4,5,自分の声をイメージしていたのですが、果たしてそれが正しいのかが分かりにくかったです。,2026-01-21T08:33:19.680Z
291,334c94a2-f860-47b5-9466-baa3c0381b41,D,1,5,6,"声の評価は、大体合っていると思いました。
最後の形容語は、どのように表現すればよいのか迷いました。",2026-01-21T08:33:32.981Z
292,e1a5b44e-7dce-41e9-97e4-55f2f6d6a9e4,B,1,6,4,文内容の情景を自然と思い浮かべられるので。,2026-01-21T08:33:46.185Z
293,5e163f9e-347b-4f21-a0ce-3b39bd8faf5c,D,2,6,1,落ち着いたいつもの声であると感じた。理由は、いつも自分が発話している時の声と同じものが耳に入ってきたから,2026-01-21T08:33:47.139Z
294,704d033c-d106-4d06-b398-b5e9a5d30480,C,2,2,6,具体的な音声がないと、いまいちピンとこなかったので。,2026-01-21T08:33:52.198Z
295,e652b514-f2e9-40a9-852d-3dad5cd91e86,D,1,3,6,今までに考えたことがないので、想像しているのと違う,2026-01-21T08:34:01.332Z
296,526434d0-0667-43d5-828a-160eaa2ea6a1,A,2,7,1,前のテストとの違いが分からない位、声が変化している感じがしなくて、同じ評価であったため,2026-01-21T08:34:24.199Z
297,c30bb747-7eeb-4ab3-994a-d1507839deb9,B,2,3,5,自分の声を感じるという経験があまりないので難しさを感じる,2026-01-21T08:34:34.859Z
298,58271931-a688-4291-8994-bd834bc7f2a4,D,1,5,5,声に抑揚をつけて、話すことを自然に行うのは、大変難しいと感じました。,2026-01-21T08:34:40.526Z
299,ef6e438f-42b6-4bc0-a6ce-59458fe45ba1,C,2,6,2,自分の声を聴いたことでさらに鮮明に自分の声がわかったから,2026-01-21T08:34:45.599Z
300,85d73d55-811e-467f-9f5b-27f79585c765,A,1,7,5,普段通りと指定があったものの、飾ったような声色だった気がする。子供を撮った動画に入り込んだ自分の声より高い気がした。,2026-01-21T08:35:07.689Z
301,25a0f8e0-6c15-4e3f-871b-1dd3c7e9662d,D,1,6,7,自分の語り口や調子と、自分が普段見聞きする他者の語り口や調子がどうしても自然と混ざって再生される感覚にあり、不思議に感じた。,2026-01-21T08:35:11.170Z
302,8ecf0c50-2e60-43f3-8900-6af4e84ec28f,D,2,7,2,聞き馴染みのある自分の声だったのでとても評価しやすかったです。,2026-01-21T08:35:20.454Z
303,2aa8510d-3d15-4f68-a653-8e39fdca1552,C,2,4,5,実際に音声が聞こえないが同じ言葉を繰り返しているのでなんだか恥ずかしくなってきました。しかし馴染みがあり、珍しさがある気がしました。,2026-01-21T08:35:49.648Z
304,caac2bc1-d0d2-4f06-b23a-3ff3570f4e73,D,2,6,6,実際の録音を聴いて比べられた,2026-01-21T08:35:59.258Z
305,e1a5b44e-7dce-41e9-97e4-55f2f6d6a9e4,B,2,5,4,人によっては違う意見が出るかもしれず、やや自信がないので。,2026-01-21T08:36:06.371Z
306,812b3b44-4fb3-4452-86d2-6968df6d98ce,D,1,4,3,特に問題のない感じであってこれといった代り映えもない感じで、印象的にはそこまで残らない感じでした。,2026-01-21T08:36:06.546Z
307,e652b514-f2e9-40a9-852d-3dad5cd91e86,D,2,6,5,思っていた自分の声の創造の範囲内ではあるが、とても違和感はある,2026-01-21T08:36:09.087Z
308,cb7a5574-9cb5-4cf6-87f8-c9b2e1daf4ed,A,1,7,5,自分の声を聞くことはあまりないのですが、思っている以上に低く暗く聞こえました。,2026-01-21T08:36:15.994Z
309,c809b5fd-9009-46ae-8add-019bfd037eee,C,2,5,4,自分の思っている性格と合った声だと感じた。違和感が少ない,2026-01-21T08:36:27.365Z
310,b7e74604-4b41-41b5-be74-4fbb3bf330d3,D,1,3,5,想起するのは難しいと感じました。,2026-01-21T08:37:18.982Z
311,1aa62335-474e-4c7e-82b3-76a05b1b6625,D,2,3,6,マイクに傾ける声が自分ではないみたい,2026-01-21T08:37:25.098Z
312,e7ec3ecc-306a-4fb3-97e8-b79476e440c5,C,1,2,5,自分の声を聞くという習慣がないため、違和感を感じました。また、仕事終わりということもあって、疲れていて、自分の声を暗いと感じたのかもしれません。,2026-01-21T08:37:57.613Z
313,25a0f8e0-6c15-4e3f-871b-1dd3c7e9662d,D,2,6,3,自分が発したものでありながら、機械が拾える範囲で拾い再生された人工的なものに思われて、どこか無機質に感じられた。,2026-01-21T08:38:06.423Z
314,76d28da3-6a50-4ed3-bda4-c24a41e5ca35,C,1,4,5,自分の声が思っていた以上に明るく、元気な印象がありました。しかし、言葉がややはっきりしないところや聞き取れにくい部分があり、少しがっかりしました。,2026-01-21T08:38:11.758Z
315,6af4d1b2-4851-4153-884e-e079eee73e12,C,1,2,5,自分の思っている声とは違っていて、今後話すことが恥ずかしくなりそう。,2026-01-21T08:38:20.563Z
316,58271931-a688-4291-8994-bd834bc7f2a4,D,2,2,4,自分の声が、発音をしっかりできていないと感じました。,2026-01-21T08:38:32.793Z
317,7e4ea26e-bd45-459a-aa5a-65ccd82b722f,D,2,6,5,録音した声は 良いほうは透き通ったいい声だと感じました。高音であるように聞こえるので、 録音していない普段の声はもっと低音に聞こえています。,2026-01-21T08:39:14.955Z
318,812b3b44-4fb3-4452-86d2-6968df6d98ce,D,2,5,3,自分の声を録音して聞くと今までに自分が思い描いていた感じとの差異が少しだけわかる感じで、評価というものがしやすい印象でした。,2026-01-21T08:39:35.481Z
319,85d73d55-811e-467f-9f5b-27f79585c765,A,2,5,5,最初に聞いた２回よりも、若干明るくなったような気がする。聞き取りやすかったように思う。,2026-01-21T08:39:48.037Z
320,9b82fe07-ea6b-4902-a18d-716eb4517384,A,2,5,5,全体的に声が低く、話すスピードが一定で抑揚がなかったため,2026-01-21T08:39:48.849Z
321,69f42adc-d3ea-4a81-851b-d9ed360726ac,C,2,7,2,声にハリがあり力強く、自信に満ち溢れているように感じられた。,2026-01-21T08:40:24.744Z
322,cb7a5574-9cb5-4cf6-87f8-c9b2e1daf4ed,A,2,7,6,明るく話しいたつもりでも、声がこもって暗く聞こえました。,2026-01-21T08:40:43.600Z
323,f499e2a5-11cb-4302-a58d-ba85348e1d55,D,1,3,7,日頃から感じている自信がなさげな声そのものという印象です,2026-01-21T08:40:58.691Z
324,e7ec3ecc-306a-4fb3-97e8-b79476e440c5,C,2,6,2,人と話すより、物思いにふけっていることが多いです。ですので、脳内で再生された自分の声に、ネガティブな印象は持ちませんでした。,2026-01-21T08:41:23.947Z
325,c33dd89f-16c9-4b5f-98dc-2b6471b4cb59,C,1,2,3,声が聞き取りにくい、自分の声なのに好きになれない。,2026-01-21T08:41:24.829Z
326,307cba84-575b-410e-8110-745566629e81,D,2,6,3,声がはっきりしていて、聴き取りやすいように感じました。速度もちょうど良い感じがしました。,2026-01-21T08:41:32.719Z
327,c8e54da4-f55d-4e6d-a729-5258bdc13628,C,1,5,4,思っていた声より、低くてにごった感じがしました。普段通り読もうと思いましたが、ややゆっくりになってしまいました。かつぜつが悪いので、言葉が聞き取りにくかったです。,2026-01-21T08:41:38.253Z
328,5748fda2-3f70-416d-acdc-73449be1fd6d,C,2,4,5,録音を聴くよりも感覚が鈍く、より一層評価に難しさがでました。,2026-01-21T08:41:38.871Z
329,b7e74604-4b41-41b5-be74-4fbb3bf330d3,D,2,5,3,私の声っぽいです。仕事で声を録音するのですが、違和感ないです。,2026-01-21T08:41:53.733Z
330,f6f2b8d5-7517-42df-8755-0374443db2a7,C,1,4,6,自分の声量のなさが耳に残る,2026-01-21T08:41:55.550Z
331,e2ebe7a7-f716-4772-80d8-a3df01a5ed69,D,1,5,4,頭の中の声は普段、自分で発している声で、音自体は自然ですが、言い回しが少し不自然で違和感を覚える面もややありました。,2026-01-21T08:42:39.375Z
332,6af4d1b2-4851-4153-884e-e079eee73e12,C,2,2,6,どのように表現したらよいのか，表現方法がよくわからなかった。,2026-01-21T08:42:50.146Z
333,8bfc17a4-f82d-4d5d-8041-6d0ca94f4435,D,1,2,3,自分の声を客観的に聞くことがないため変,2026-01-21T08:43:07.588Z
334,334c94a2-f860-47b5-9466-baa3c0381b41,D,2,6,5,"思ったより、発音がはっきり聞こえました。
平坦に話したつもりが、少し怒ったように感じました。",2026-01-21T08:43:26.917Z
335,ed2e1941-5de2-43d2-9e77-3ec528cba994,B,1,7,7,自分の声の魅力がイマイチわからないです。アナウンサーや声優さんのような滑舌がよければ、評価するのも楽しそうですが、今回のような内容は難しいです。,2026-01-21T08:43:30.002Z
336,e43971b5-c8b8-49ec-99a6-7cc58c3cf097,A,1,4,3,あまりしゃべりなれていなような話し方が、まるで私の声のように感じた。なんとなく機械のようなしゃべり方が、気持ち悪くなった。,2026-01-21T08:43:32.953Z
337,9729cd20-56da-4cd6-9391-08c623d94467,C,1,5,2,録音した自分の声を機ことがないので変な感じがした,2026-01-21T08:43:33.277Z
338,ab6e5a35-2419-411e-abb7-049554181d44,C,1,6,5,普段聞き慣れている自分の声なので違和感は特にないが、改めて聞くと思ったより声が低いし、発音もやや滑舌が悪く聞こえてしまった。,2026-01-21T08:43:41.774Z
339,f6f2b8d5-7517-42df-8755-0374443db2a7,C,2,4,6,自分の声量のなさが耳に残る,2026-01-21T08:44:29.557Z
340,8bfc17a4-f82d-4d5d-8041-6d0ca94f4435,D,2,3,3,意外に明るい声に聞こえた,2026-01-21T08:44:45.226Z
341,c33dd89f-16c9-4b5f-98dc-2b6471b4cb59,C,2,6,3,結構きれいな声に感じる。心に思っている声は悪い声はないと昔から思っているため。,2026-01-21T08:45:19.720Z
342,ba25d021-9b64-4cae-bfa6-285dab4d5377,C,1,5,5,録音したときはもっと高くてクリアな声だと思っていたが、実際は声が思っている以上に低く、鼻が詰まったような(実際は詰まっていません)声で話しにくそうでした。普通に話したつもりなのに、意外でした。,2026-01-21T08:45:37.007Z
343,ab6e5a35-2419-411e-abb7-049554181d44,C,2,5,6,自分の声を頭の中で思い描くと、本来よりも低い声で、かつ小さな声でぼそぼそと喋るイメージになってしまったから。,2026-01-21T08:45:42.389Z
344,f499e2a5-11cb-4302-a58d-ba85348e1d55,D,2,4,5,"以前自分の声を聴いた時よりも違和感を覚えなかった
と言うのも自分の中で聞こえている声とこの実験で聞いた声とのギャップが以前よりも埋まっている印象だったので",2026-01-21T08:46:18.122Z
345,c8e54da4-f55d-4e6d-a729-5258bdc13628,C,2,5,5,頭の中では、優しくて小さくて聞き取りやすい自分の声がしました。好きな声でした。,2026-01-21T08:46:22.067Z
346,11f2acab-eb80-4a11-8278-b5170143ef39,D,1,2,6,自分の声というのが、あまり魅力的ではないことに気付きを覚えました。,2026-01-21T08:47:10.580Z
347,1a767a58-3dd0-48a3-bac8-ee260ec72892,D,1,2,2,好きではない。声がこもっていて聞きにくいし、平板で聴いていてあまり頭に入らない。人の心に残らない。,2026-01-21T08:47:49.201Z
348,ed2e1941-5de2-43d2-9e77-3ec528cba994,B,2,7,7,決まったセリフがあっても滑舌が悪くて下手だなと気になってしまいました。,2026-01-21T08:47:49.624Z
349,4932fe80-5d53-48ce-9d42-a552a2b9e8db,D,1,4,6,自分の声が分かりにくくなった。,2026-01-21T08:48:32.654Z
350,76d28da3-6a50-4ed3-bda4-c24a41e5ca35,C,2,4,5,頭の中でイメージするのがやや難しく、うまくできなかった印象です。しかし、自分の声に興味がでたり、好きになるきっかけになったので良かったです。,2026-01-21T08:48:37.911Z
351,69e05f8e-31ac-429b-90db-e75021a6d396,C,1,6,4,迫力がなく、魅力のない声に感じた。口先だけで喋っているように聴こえるから。,2026-01-21T08:49:17.101Z
352,c467ca7b-6e10-490a-99ff-bf9dea5a4b7a,C,1,5,5,自分の声としてすんなり受け入れられたし、違和感がなかったから,2026-01-21T08:49:20.498Z
353,e2ebe7a7-f716-4772-80d8-a3df01a5ed69,D,2,3,5,改めて自分の声を聞くと、頭の中の声と結構違っていて、かなり違和感を覚えると共に、不快さも感じました。,2026-01-21T08:49:43.116Z
354,36cd02eb-a474-4ba5-888d-ed962c8b43ca,D,1,3,6,自分の声をあらためて聞くことはあまりないので恥ずかしさとともに他人の声のように感じた。,2026-01-21T08:49:59.454Z
355,9729cd20-56da-4cd6-9391-08c623d94467,C,2,3,3,はきはきした感じがない。恥ずかしくなるくらい聞くのが嫌になる,2026-01-21T08:50:05.646Z
356,79a1792c-696a-434d-bfa6-baa1ccd1c60b,D,1,6,3,"いつも話しているときに耳に入ってくる自分の声とは少し違う声に感じた。
・少し録音に緊張したから
・普段から録音しているので、直前に話した声を録音を通して聞いた声に変換してしまったから",2026-01-21T08:50:28.005Z
357,8075e519-5719-41bc-adf4-30be98e93c8b,C,1,5,3,"自分の声を録音して客観的に聞く機会はまずないため、不思議な感が少しありました。
",2026-01-21T08:51:03.292Z
358,c467ca7b-6e10-490a-99ff-bf9dea5a4b7a,C,2,4,6,ある程度想起できたと思うが、鮮明さに関してはあまり自信がないから,2026-01-21T08:51:08.919Z
359,dc444a18-cc96-4bdd-955f-08c551233d99,B,1,3,4,"ぼそぼそとして聞きずらい

",2026-01-21T08:51:21.987Z
360,442045c0-49a2-417d-b8e3-9663243ea189,D,1,2,3,自分じゃない感じがしてとても変な感じに聞こえた,2026-01-21T08:51:24.402Z
362,11f2acab-eb80-4a11-8278-b5170143ef39,D,2,4,5,抑揚がなく、淡々読み上げているだけに感じます。気持ちが入っていない印象がしました。,2026-01-21T08:51:43.107Z
363,8f798d17-c2ae-41f0-b741-60ab0838fbc7,D,1,2,2,自分の声に親しみを感じた。,2026-01-21T08:52:05.182Z
364,49756118-e239-4b8d-82da-6d90bf9dbc07,C,1,5,6,自分の耳を通して普段聞いている自分の声とは違っていて自分の声じゃないように感じました。自分が思っていた声よりも鼻にかかるような声で気持ち悪く感じたからです。,2026-01-21T08:52:47.390Z
365,442045c0-49a2-417d-b8e3-9663243ea189,D,2,3,2,こもってるように聞こえたし声が低いなと思った,2026-01-21T08:52:54.720Z
366,4932fe80-5d53-48ce-9d42-a552a2b9e8db,D,2,1,6,録音の声は、かなりはっきり話さないと、とても聞きづらい。,2026-01-21T08:52:55.543Z
367,36cd02eb-a474-4ba5-888d-ed962c8b43ca,D,2,5,6,録音された自分の声は、思っていたよりも想像に近い声だった。,2026-01-21T08:53:24.748Z
368,69e05f8e-31ac-429b-90db-e75021a6d396,C,2,5,4,理想的とまではいかないが、心地のよさを感じた。落ち着いていて、良い響きがあるから。,2026-01-21T08:53:28.576Z
369,f143e291-847d-4a51-a934-69d18930cbe1,D,1,3,4,"普段言わない
使わない
焦り",2026-01-21T08:53:35.391Z
370,1a767a58-3dd0-48a3-bac8-ee260ec72892,D,2,2,3,あまり好きではない。クリアーさに欠ける、もごもご感がある。おとなしい感じがして説得力がない。,2026-01-21T08:53:45.812Z
371,518c4b58-9e19-4ac6-b4ef-1f4b4b67d44f,D,1,5,1,自分ではない声のように感じました。理由はより伝わりやすいようにハッキリと話していたからです。,2026-01-21T08:53:47.949Z
372,8f798d17-c2ae-41f0-b741-60ab0838fbc7,D,2,1,1,聞きなれた声で新鮮さ等はなかった,2026-01-21T08:53:50.506Z
373,9c5ba8b6-e04c-45d7-91af-ec49241cc9bc,D,1,2,5,自分の声を聴いたときの違和感が頭から離れず不快感が残りました。,2026-01-21T08:54:15.797Z
374,7801ce20-5649-49c4-b76d-bf0449fc7a78,C,1,1,6,自分の声を形容語にするのが自己判断では難しかったです。,2026-01-21T08:54:32.150Z
375,e43971b5-c8b8-49ec-99a6-7cc58c3cf097,A,2,6,3,幼い声に感じた。抑揚もなく、まるで文字を読んでいるような声だったから。ただ、何を話しているかははっきりと聞き取れた。,2026-01-21T08:54:36.089Z
376,370e0804-33aa-426e-8d03-8d44b7aec1cc,C,1,4,5,声に力がない感じで、メリハリもない。もっと女性らしい声だと思っていた。,2026-01-21T08:55:03.623Z
377,bc5f8582-9a2e-4edc-ace0-150b3d0fecb0,C,1,6,5,2回でそれぞれ声の聞きやすさやトーンが少し違うように聞こえた。お題の文が違っていたからだと思う。,2026-01-21T08:55:50.483Z
378,1cabcb76-71f5-4ef2-bfe4-a739d3615472,D,1,7,5,自分の声をはっきりと確認できたと思っています。はじめて口にする文章だったので嚙まないように気を付けようと思ったことから少し難しいと感じました。,2026-01-21T08:55:57.444Z
379,f143e291-847d-4a51-a934-69d18930cbe1,D,2,5,4,"加工されている
この高さか不明
遅い",2026-01-21T08:56:02.254Z
380,8d692f07-dff6-4ca2-9768-9aae22f1fa70,B,1,5,5,いつもより高い声でぎこちない,2026-01-21T08:56:06.336Z
381,518c4b58-9e19-4ac6-b4ef-1f4b4b67d44f,D,2,5,1,リラックスして話している様に感じました。理由はいつもの自分の声に近い印象だったからです。,2026-01-21T08:56:14.485Z
382,79a1792c-696a-434d-bfa6-baa1ccd1c60b,D,2,1,1,"普段聞いている声とも、録音(歌声)で聞いている声とも違って不鮮明で｢もっとハキハキ話せよ｣と感じた。
・言い慣れない文だったから
・緊張していたから
・話しているとき耳から聞こえてくる声はもう少し鮮明だったから",2026-01-21T08:56:21.394Z
384,8075e519-5719-41bc-adf4-30be98e93c8b,C,2,5,3,"どちらも落ち着いて話していたと思います。自分がそのように話すとこのような感じなのかと分かりました。
",2026-01-21T08:57:42.612Z
385,dc444a18-cc96-4bdd-955f-08c551233d99,B,2,2,3,聞きづらくて年より臭い,2026-01-21T08:57:44.960Z
386,9c5ba8b6-e04c-45d7-91af-ec49241cc9bc,D,2,5,6,"自分が想定してるよりはっきり話せていますがやはり違和感から来る悪い印象は残ります。

",2026-01-21T08:58:38.567Z
387,8d692f07-dff6-4ca2-9768-9aae22f1fa70,B,2,3,3,ややぼやけた感じではあるが、いつも通りだと感じた,2026-01-21T08:58:40.623Z
388,2281df3e-2e46-4ae3-8eb6-9dc77db751da,A,1,2,6,気の小ささが声に表れている,2026-01-21T08:58:42.650Z
389,bc5f8582-9a2e-4edc-ace0-150b3d0fecb0,C,2,5,4,2回とも実際の声より高く感じた。想像しているためだと思う。,2026-01-21T08:59:03.940Z
390,7801ce20-5649-49c4-b76d-bf0449fc7a78,C,2,1,6,自分の声を想起するのが難しかったです。,2026-01-21T08:59:08.946Z
391,1cabcb76-71f5-4ef2-bfe4-a739d3615472,D,2,6,5,思っていたよりも声が鮮明でした。評価に関しては自分の声なのに自分でないような気がして少し難しかったです。,2026-01-21T08:59:13.899Z
392,265e8bfe-9357-42fc-b9bc-f2540a21f537,A,1,2,2,違和感がある，きもい，変な感じ,2026-01-21T08:59:26.473Z
393,d3955e8d-7cd2-44a9-a82f-39107388af2d,C,1,1,1,こんな声だったのかと気持ち悪く感じた,2026-01-21T08:59:32.268Z
394,370e0804-33aa-426e-8d03-8d44b7aec1cc,C,2,5,4,はっきりしていて鮮明で聞き取りやすい。,2026-01-21T09:00:22.782Z
395,b4a1a34c-01a3-4d89-b715-783d1fce8937,C,1,4,3,"自分の声を客観的に聞くと、ハキハキとしていないので活舌が悪く感じました。
音程も安定していなくて、少し不快でした。",2026-01-21T09:01:17.973Z
396,5a07bd3a-0cab-4cdc-b5fb-b259a383d604,A,1,3,6,普段自分の耳を通して聞いている声とは違っていて気持ち悪く感じました。自分が思っていた声よりも鼻にかかるような声をしていたからです。,2026-01-21T09:01:21.662Z
397,a4837d7f-3a50-46fe-af9c-172b68dcd011,D,1,6,5,想像した声を不快や不気味に感じることはほとんどなく、その理由は普段から電話の録音音声を聞くことがあり、自分の声に耐性が付いているからだと思います。親しみを感じるのも、自分の声をよく知っているからだと思います。,2026-01-21T09:01:45.255Z
398,5aca4666-746b-45ce-b871-815b1ab504c0,D,1,5,3,初見で頭に入ってなかったから,2026-01-21T09:01:46.129Z
399,c0eb86fc-6087-4e9c-aae3-7f92fb3d85c8,C,1,6,5,"1回目は少し他人っぽい感じがしたのですがスラスラ話してフォーマルな感じがして肯定的にとらえることができました。
2回目は照れくさいと思いましたし、声（話し方も含めて）が幼さを感じましたし、ねちねちした感じにも思て
自分の声に否定的な感じがしました。",2026-01-21T09:01:50.845Z
400,36c8554b-cbdd-4588-a494-a24ac375165a,B,1,2,5,"いつもの自分の声のイメージと結びつけて、再現される声は非常に不明瞭でアンバランスである。
録音される自分の声に慣れていないため、乖離が生じる",2026-01-21T09:02:48.288Z
401,d3955e8d-7cd2-44a9-a82f-39107388af2d,C,2,6,1,"普段の心の声だから
（１回目は意図がわかっておらず、前回の回答をしてしまいました。１回目と２回目の回答は同じ選択肢にしていたでしょう）",2026-01-21T09:02:59.743Z
402,20111a9d-5811-422f-bc45-7ae825254e03,C,1,2,5,思ったより違和感は感じなかった,2026-01-21T09:03:03.027Z
403,c2ed7f25-af6a-4a48-95df-ef0e1f969c27,D,1,5,6,文章を黙読する時と同じだったので、いつも自分が感じている声だと感じました。,2026-01-21T09:03:03.269Z
404,2281df3e-2e46-4ae3-8eb6-9dc77db751da,A,2,1,7,声に張りが無く澱んでいる,2026-01-21T09:03:16.901Z
405,265e8bfe-9357-42fc-b9bc-f2540a21f537,A,2,2,7,わからない，変な感じ，違和感がある,2026-01-21T09:04:33.232Z
406,7ee044d4-f05f-45a4-88a0-8e09badf20f4,D,1,6,5,自分が文章を読んだ声をはっきりとイメージすることができている。,2026-01-21T09:04:39.608Z
407,41905476-bc7e-409a-a796-b4641c0baef7,D,1,5,7,読む文章によって自分の声の好き嫌いが別れる感覚を知り不思議に思う。相変わらず自分の声は魅力がないと思った。,2026-01-21T09:05:22.691Z
408,20111a9d-5811-422f-bc45-7ae825254e03,C,2,4,5,自分の声を思い出すのが少し難しかった,2026-01-21T09:05:24.181Z
409,b4a1a34c-01a3-4d89-b715-783d1fce8937,C,2,4,4,2文だけだったので、最初に聴いた自分の声をしっかり思い出せていたので、聞こえなくても最初と同じような気分(少し否定的)になりました。,2026-01-21T09:05:32.937Z
410,5a07bd3a-0cab-4cdc-b5fb-b259a383d604,A,2,3,6,普段思っている自分の声よりも重たく籠っているような声に感じました。自分が思っていた声よりも鼻にかかるような声に聞こえたからです。,2026-01-21T09:05:47.455Z
411,9d4f3504-0f50-43e6-b8a6-b4adecadd664,A,1,4,3,想像していた声とあまり違いがなかった。少したどたどしい感じがした。,2026-01-21T09:06:08.977Z
412,ba25d021-9b64-4cae-bfa6-285dab4d5377,C,2,5,4,録音して聞いた実際の声は自分の予想外の声でだったので、前の2回の文章を読み上げた時は、自分の理想の声で読み上げているのかなと思いました。,2026-01-21T09:06:09.899Z
413,0439c4b6-8f52-4ed3-8178-4b5ab22361b5,A,1,3,4,"以前よりはマイクの音と自分の声が違和感がないように思う
というのもTOUTUBEで自分の声をアップロードしたことがあるから
それが理由です。",2026-01-21T09:07:00.410Z
414,22c9eaf8-6d08-4061-aa14-82f839b64d82,D,1,4,3,自分の声に関して、あまり良い印象を持っていないから。,2026-01-21T09:07:06.665Z
415,c2ed7f25-af6a-4a48-95df-ef0e1f969c27,D,2,2,5,声がこもっていたので、いつも聞いている声と違い聞こえにくいなと感じました。,2026-01-21T09:07:57.192Z
416,c73f0ef6-1181-4bea-b95a-0b1312946da8,D,1,3,5,自分の声を普段意識していないので、聞き慣れないし恥ずかしい感じがした。,2026-01-21T09:08:41.273Z
417,6317987b-5cdc-4af5-8674-9f1cdd2c75c0,D,1,1,6,通常聞いている声とは違った印象である,2026-01-21T09:08:42.672Z
418,0439c4b6-8f52-4ed3-8178-4b5ab22361b5,A,2,3,3,"自分の替えは聞き取りづらい事がよくわかった
というのも高齢者が何て言ったと聞いてこられることが多いが
職員もそのようにいうから",2026-01-21T09:09:07.433Z
419,9d4f3504-0f50-43e6-b8a6-b4adecadd664,A,2,3,3,少し声が上ずっている感じがした。単語ごとに高低があるように感じた。,2026-01-21T09:09:21.035Z
420,22c9eaf8-6d08-4061-aa14-82f839b64d82,D,2,5,3,声が悪いことに慣れているから。,2026-01-21T09:09:29.504Z
421,7ee044d4-f05f-45a4-88a0-8e09badf20f4,D,2,5,4,実際に声を聞いてみて、イメージしていた声よりもやや生気があるような気がした。しかしおおよそイメージ通りではあると感じた。,2026-01-21T09:10:08.209Z
422,41905476-bc7e-409a-a796-b4641c0baef7,D,2,6,4,読む内容によって若干の差異はあるが、いずれも無個性で魅力のない落第点の声をしている。,2026-01-21T09:10:46.721Z
423,70d89c7d-8e2c-4af5-b9b3-29d58c20edac,D,1,4,5,自分自身の声について、以前から好んではいなかったが、声の質について深く考えたことが無かったので不思議な気持ちにもなりました。少し評価するのは、はっきりと明確な答えが無く難しかったです。,2026-01-21T09:10:47.433Z
424,5aca4666-746b-45ce-b871-815b1ab504c0,D,2,5,3,慣れてきたのか、声が大きいから,2026-01-21T09:10:58.993Z
425,569236ce-3e08-44c3-9565-8a801059bc49,C,1,4,3,1回目の声は知性を感じたのに対して、2回目の声は非常にこもっていて、伝えたいことが伝わらない印象を持ちました。2回目は少しおびえているような印象も感じました。,2026-01-21T09:11:47.457Z
426,cb4694fe-b617-4631-9259-6dd6852a7b67,C,1,2,5,思っていたよりも暗く感じ、とても驚いたので。,2026-01-21T09:12:18.076Z
427,b0cd3097-4709-4d0e-92f9-85fa754056c8,D,1,5,2,事前に声に出して読み上げているので、自分の平凡な声を頭の中で鮮明に再生することができた。,2026-01-21T09:12:19.605Z
428,4236f643-0aee-4f0d-a74d-fda3e11969a4,D,1,4,5,いつも考えている声だが改めて考えてみるといつもが本当にこんな感じだったのか不安になる,2026-01-21T09:13:10.892Z
429,6317987b-5cdc-4af5-8674-9f1cdd2c75c0,D,2,6,5,自分の耳で聞くよりは違いがあるけれど、かといって意外なほどの違いは無く、自分の声として受入れられるレベルだった。,2026-01-21T09:13:28.735Z
430,c0eb86fc-6087-4e9c-aae3-7f92fb3d85c8,C,2,4,3,"安定していると感じましたし、緊張感がないので声が高くなることもなくていいと思いました。
また、いつも通り早くて、声によどみみたいなものもなくてスッキリした印象があります。",2026-01-21T09:13:39.632Z
431,c7278530-baaf-4739-8675-814d8954bb33,B,1,4,3,自分の声は、強かったり、弱かったりする。,2026-01-21T09:13:44.585Z
432,70d89c7d-8e2c-4af5-b9b3-29d58c20edac,D,2,5,4,良く分からなかった気がします。自分の声はある程度聞きなれているのですが、恥ずかしいようなそんな不思議な気持ちになった気がします。,2026-01-21T09:14:04.881Z
433,f861e947-8525-49ec-a085-1556e5fe8c1d,D,1,6,3,"自分らいしい声。
落ち着いて対応できている声。",2026-01-21T09:14:10.946Z
434,ca33f115-ca19-4d26-a81d-732b925bb164,D,1,4,3,"いつもどおり自分自身で聞こえる声
緊張感はなく、普段どおり",2026-01-21T09:14:13.265Z
435,cb4694fe-b617-4631-9259-6dd6852a7b67,C,2,5,4,自分の頭の中ではよく聞こえるように話したので。,2026-01-21T09:14:38.566Z
436,a5b45697-5b3c-4de9-89df-ceb76b2b1dc4,C,1,5,3,声は全体的に聞き取りやすく内容も明確に伝わりました。評価基準も分かりやすかったため難しさはあまり感じませんでした。,2026-01-21T09:15:09.509Z
437,569236ce-3e08-44c3-9565-8a801059bc49,C,2,6,2,先ほどの自分の声を聞いて、ネガティブな印象を持ったので、今度はポジティブな声を想起したので、伝わりやすくなったと感じたからです。,2026-01-21T09:15:31.295Z
438,4236f643-0aee-4f0d-a74d-fda3e11969a4,D,2,5,1,想像の声とはかけ離れていてすこし悲しくなりました。,2026-01-21T09:15:41.913Z
439,f861e947-8525-49ec-a085-1556e5fe8c1d,D,2,6,3,"ゆっくりで聞きやすい。
落ち着いていて聞きやすい。",2026-01-21T09:15:59.565Z
440,ca33f115-ca19-4d26-a81d-732b925bb164,D,2,4,3,思ったより力が入っていて、2回目は聞きづらかった,2026-01-21T09:16:36.716Z
441,4e95161e-a681-40d3-8ac0-f7a6b1066b13,C,1,3,3,非常に聞き取りづらく感じた。滑舌が悪かった。,2026-01-21T09:16:38.857Z
442,b0cd3097-4709-4d0e-92f9-85fa754056c8,D,2,6,3,自分の声はあまり抑揚が無いと感じましたわ,2026-01-21T09:18:32.237Z
443,c7278530-baaf-4739-8675-814d8954bb33,B,2,4,4,自分の声は、強かったり、弱かったりする。,2026-01-21T09:18:32.597Z
444,c73f0ef6-1181-4bea-b95a-0b1312946da8,D,2,6,6,自分の声を聞くのがなんだか不思議な感じがした。自分の声が低く、テンションも低めだったので他人が聞くと「この人冷めてる」と思われているのではないかと思った。,2026-01-21T09:18:50.616Z
445,4e95161e-a681-40d3-8ac0-f7a6b1066b13,C,2,3,7,あまりいい声ではないと思った。,2026-01-21T09:18:55.867Z
446,2d42b5c6-6a8e-42df-8fb1-9a1607334696,C,1,4,4,上手く読めているか分からず少し緊張したので、少し難しかった。,2026-01-21T09:20:24.069Z
447,4e1c0e2c-0250-4f93-9224-338fda794fb2,D,1,2,5,自分の声をよく聞くが、どうしてもこもった声になる。好きではない。,2026-01-21T09:21:29.851Z
448,e1086f39-3bb7-49cd-9c3d-1655e9360d64,A,1,5,6,自分の声が好きではないので、あまり聞きたいと思わなかった,2026-01-21T09:21:43.122Z
449,ed4d06f6-a349-4448-a8f0-55923f1fafcd,D,1,5,6,自分が普段発している声と客観的に評価した自分の声は全く別物に感じるので違和感を感じた,2026-01-21T09:21:59.885Z
450,9d2195fa-ee8c-4dae-8d60-53df98a751e4,D,1,4,5,形容しずらいので、言葉にしにくい,2026-01-21T09:23:01.618Z
451,493a3351-5d19-4968-9fd4-b60a23f38581,C,1,5,3,はっきりと話そうとしてゆっくりの速度にしたら、嫌味っぽい不気味な話し方になることがわかった,2026-01-21T09:23:23.514Z
452,2d42b5c6-6a8e-42df-8fb1-9a1607334696,C,2,2,5,想像での声は実際に音にはなっていないので、評価するのは難しい。,2026-01-21T09:23:35.752Z
453,4e1c0e2c-0250-4f93-9224-338fda794fb2,D,2,2,6,自分の声を毎日、聞くが声がこもるので、聞きずらいだろうなぁと思う,2026-01-21T09:23:51.495Z
454,c3272139-974b-4df7-b175-bbc4fc8edab4,C,1,2,2,"自分の思っていたより声が軽く、聞き取りづらいとこがあり、かなり不快。
ちゃんと話したつもりでしたが、たどたどしくて恥ずかしかったです。",2026-01-21T09:23:52.684Z
455,a5b45697-5b3c-4de9-89df-ceb76b2b1dc4,C,2,6,3,2回とも声は聞き取りやすく内容を明確に把握できました。評価項目は多かったものの基準がはっきりしていたため大きな難しさは感じませんでした。,2026-01-21T09:24:07.594Z
456,e1086f39-3bb7-49cd-9c3d-1655e9360d64,A,2,5,5,自分の声はあまり好きではないと思った,2026-01-21T09:24:37.970Z
457,a9385346-340b-4e3a-8435-a4666e7430b7,C,1,3,5,自分の頭で思った気持ちのまま、声から気持ちがはきだされているような声を感じた。,2026-01-21T09:25:30.678Z
459,493a3351-5d19-4968-9fd4-b60a23f38581,C,2,5,6,自分の録音した声を聞いた後では、理想とする声をイメージすることが難しかった,2026-01-21T09:26:35.010Z
460,e1914db5-9265-4041-a301-84e704a52829,B,1,6,2,"日頃から穏やかに話しますが、そのままの声でした。
ゆっくりはっきりとした声でした。
口を大きく開けないので少しこもった声になった感じもします。",2026-01-21T09:27:03.605Z
461,a4837d7f-3a50-46fe-af9c-172b68dcd011,D,2,7,6,自分の声をあまり不気味や不快に感じないのは、普段から電話の録音音声をよく聞くことがあり、自分の声に耐性があるからだと思います。同様に、自分の声に親しみを感じるのも、普段から電話の録音音声を聞いていて、自分の声に慣れ親しんでいるからだと思います。,2026-01-21T09:28:00.097Z
462,a9385346-340b-4e3a-8435-a4666e7430b7,C,2,3,6,頭に思い描いたとおりの声になっていた感じがした。,2026-01-21T09:28:56.421Z
463,ba6b3d57-3ca3-4096-b5bc-0f38ae9be0c3,D,1,4,5,自分の頭の中に聞こえている声と他人が聞く（録音）声が全く違って聞こえる。昔からそうだが、電話でやり取りしている顧客と初めて会うと、イメージが違うね、と言われていた。結構、甘ったるい声で、自分とはほど遠いので、気持ちが悪い。,2026-01-21T09:29:19.635Z
464,8c337680-85a5-43ed-8147-c4764e70b11b,C,1,6,6,声が低いとよく言われるのですが、想像していた声より少しだけ高く感じました,2026-01-21T09:29:28.334Z
465,ad47027a-1d1e-438e-8438-6cead8903e7f,D,1,2,3,"改め自分の声を聞くことでその時の感情が理解できました。
相手にはこんな風に聞こえていたと思うと色んな思いがこみ上げてきます。",2026-01-21T09:29:53.653Z
466,c3272139-974b-4df7-b175-bbc4fc8edab4,C,2,6,5,自分が普段出している声で行っていると思っているので違和感がなく、恥ずかしくもなかった。,2026-01-21T09:30:20.333Z
467,2cb8be9a-9047-4ae3-a18c-3d90eb6c363a,D,1,6,5,自分の声を改めて意識する事があまりないので、新鮮でした。意識せず、相手を不快にさせてしまう事もありえるのかもしれないと思いました。,2026-01-21T09:30:43.428Z
468,beb83608-6229-478b-9a75-39ceea03b1f7,D,1,4,4,分かりやすかった,2026-01-21T09:30:48.685Z
469,ed4d06f6-a349-4448-a8f0-55923f1fafcd,D,2,5,6,自分の録音した声が、普段聞いている自分の声とあまりに違っていて、非常に違和感があった。,2026-01-21T09:30:49.437Z
470,c206cc52-3e53-40b9-8d2a-f444ece388e4,C,1,6,7,どうしても誰かと比べてしまう気持ちがあるので、本当に主観的に自分がそう思っているのか、確証が持てない気持ちになる。,2026-01-21T09:30:54.699Z
471,beb83608-6229-478b-9a75-39ceea03b1f7,D,2,4,4,分かりやすかった,2026-01-21T09:32:41.519Z
472,5956d859-65f4-4ad9-89cc-354015c1da6e,D,1,5,5,心の中であまり意識せずイメージしたせいか、評価するほど印象にも残らなかった気がする,2026-01-21T09:32:44.533Z
473,c206cc52-3e53-40b9-8d2a-f444ece388e4,C,2,6,5,なんとなくもわっとしたような印象になって、無意識なのかもしれないが、自分で補正している感じがある。,2026-01-21T09:33:42.303Z
474,ad47027a-1d1e-438e-8438-6cead8903e7f,D,2,2,3,"内気で人見知りな性格がそのまま表現できていると思います。
録音開始における緊張も伝わってきました。",2026-01-21T09:33:44.942Z
475,a6c010dd-5247-4a4b-90d0-dee6e14d50f0,D,1,4,4,"よむ文章によって、感じ方が違う。
頭で動作をイメージしながら読んだ。
",2026-01-21T09:33:52.147Z
476,e1914db5-9265-4041-a301-84e704a52829,B,2,6,2,"ゆっきりはっきりした声で鮮明だったと思います。
落ち着いた声で読み上げたと思います。
少し淡々としている感じもします。",2026-01-21T09:33:53.810Z
477,ba6b3d57-3ca3-4096-b5bc-0f38ae9be0c3,D,2,5,4,思ったよりも、声がこもっていたが、最後の方はハッキリと言えていたと思う。でも相変わらず甘い。,2026-01-21T09:34:00.250Z
478,2cb8be9a-9047-4ae3-a18c-3d90eb6c363a,D,2,7,5,実際のイメージと、聞いてみるとでは、まるでイメージが違いました。自分の聞こえ方と相手の聞こえ方は違うのかもしれないと思いました。,2026-01-21T09:34:15.769Z
479,fc7ab572-23ec-4694-b2de-0c0de9d3eb5b,D,1,3,4,想像になると自身の声が少し違う印象になった。,2026-01-21T09:34:27.366Z
480,8c337680-85a5-43ed-8147-c4764e70b11b,C,2,7,2,いつもの自分の声だと感じることが出来ました,2026-01-21T09:34:34.211Z
481,e0b1776f-0c58-4f3a-87dd-2c2264d5afea,B,1,3,5,自分の声には話し方を含めて昔から自信がなく、とくにこのような実験では顕著に現れます。音楽に関しては3歳からスクールに通っていたのですが、発音は駄目みたいです。,2026-01-21T09:35:04.198Z
482,5956d859-65f4-4ad9-89cc-354015c1da6e,D,2,6,3,音声としてはよく聞こえたが、いい声と思えず不気味さが残った,2026-01-21T09:35:53.656Z
483,fc7ab572-23ec-4694-b2de-0c0de9d3eb5b,D,2,4,2,自身の声なので違和感がなかった,2026-01-21T09:35:54.369Z
484,2e43423f-f448-4254-839c-1209bd27417c,C,1,6,7,自分が発声したつもりの声より、濁っていたり、速かったり、濁っていたりと、違和感を覚えました。,2026-01-21T09:36:57.065Z
485,a6c010dd-5247-4a4b-90d0-dee6e14d50f0,D,2,3,4,"親しみがある
小さい
普通",2026-01-21T09:37:06.690Z
486,3492670a-cf22-455d-9038-f159c3e30bd2,A,1,5,1,改めて自分の声を聞くととても気持ち悪く感じた。,2026-01-21T09:40:16.844Z
487,e0b1776f-0c58-4f3a-87dd-2c2264d5afea,B,2,3,6,声をはっきりしない発音になるので、非常に苦手です。親しい友人同士が周りにいれば、少しはましになると思います。,2026-01-21T09:40:47.873Z
488,45d6ceff-0faa-4c12-b90b-30cfcef7fe04,C,1,5,5,"録音した自分の声を聞くと、少し恥ずかしい。
自分が他人との会話で感じている「自分の声」と録音した声と比べてみると、録音した声は理想的な声ではない。",2026-01-21T09:40:59.909Z
489,2e43423f-f448-4254-839c-1209bd27417c,C,2,5,6,頭の中で読むと、実際より、ゆっくり、はっきり、綺麗に聞こえると感じました。,2026-01-21T09:41:06.065Z
490,92e7bc88-5d13-4a60-8623-4084905ac095,C,1,6,5,声が枯れていてもう少しざらついた聞き取りづらい音になっていると思ったが、思ったよりもクリア喋れている。もう少し低い声で話していると思ったが思ったより声が高い。,2026-01-21T09:42:13.688Z
491,5a7b9374-a59c-4a86-ad3a-a2c0beefa75a,D,1,4,5,自分の声ではありますが、どこか自分の声でないような部分があり、いつ聞いても不思議な感覚になってしまいます。,2026-01-21T09:42:23.148Z
492,45d6ceff-0faa-4c12-b90b-30cfcef7fe04,C,2,4,5,"自分の声を聞くのは恥ずかしい
普段の会話で感じている自分の声とは、少し違う気がする。",2026-01-21T09:44:32.936Z
493,7f5dff6c-c6e7-4ed2-9b36-5454a7e2616e,C,1,3,5,声が暗く、元気がない。自分の声は好きではないと改めて思いました。,2026-01-21T09:45:00.337Z
494,3b300776-2c05-4662-aa33-22bea6ab327c,D,1,5,3,自分の声に違和感を覚えるのでマイナス評価を多めにしました。,2026-01-21T09:45:09.761Z
495,3492670a-cf22-455d-9038-f159c3e30bd2,A,2,5,6,この2回目の音声は、1回目の音声よりも、はっきりとハキハキしたように聞こえた。,2026-01-21T09:46:01.323Z
496,92e7bc88-5d13-4a60-8623-4084905ac095,C,2,6,3,いつも自分が話しているのと同じトーンや声色で頭の中で再生できたの特に違和感はありませんでした,2026-01-21T09:46:18.873Z
497,5a7b9374-a59c-4a86-ad3a-a2c0beefa75a,D,2,6,3,改めて聞いても、少し違和感のような、自分の声だけど自分の声じゃないような不思議な感覚を覚えました。,2026-01-21T09:46:23.459Z
498,db7cdeb4-8124-4d8a-ba8c-96f4457a3c96,C,1,2,3,違和感があり、自分ではないみたい。,2026-01-21T09:46:28.689Z
499,91784fe9-5835-48d3-86d0-4f5940256154,C,1,6,4,穏やかで一定のリズムで聴くことが出来た。,2026-01-21T09:47:09.543Z
500,45052006-776d-48a4-a65b-8e396d30ee69,D,1,5,6,なんだか他人のような気もするし、自分で間違いないような不思議な感覚,2026-01-21T09:47:27.262Z
501,fecf1adc-fda7-46ba-aa3e-c55e851dd292,C,1,5,1,録音された自分の声は、どこか喉や鼻が詰まっているように聞こえ、又、内容の難しについては、とても簡単だと感じたからです。,2026-01-21T09:47:31.460Z
502,3b300776-2c05-4662-aa33-22bea6ab327c,D,2,5,3,意外と不愉快に感じなかったので評価を上げました。,2026-01-21T09:48:01.788Z
503,7f5dff6c-c6e7-4ed2-9b36-5454a7e2616e,C,2,5,5,明るい声であり、ハキハキしている。自分の理想としている声を想像している。,2026-01-21T09:48:14.965Z
504,45052006-776d-48a4-a65b-8e396d30ee69,D,2,3,4,少し違和感を感じる部分はありつつ、おおむね自分の声だと認識できる,2026-01-21T09:49:27.428Z
505,db7cdeb4-8124-4d8a-ba8c-96f4457a3c96,C,2,2,4,違和感しかない。何となく変な感じだから。,2026-01-21T09:51:35.159Z
506,91784fe9-5835-48d3-86d0-4f5940256154,C,2,5,4,落ち着きや安心感を感じた。,2026-01-21T09:51:59.866Z
507,c63f5540-bbba-4022-b670-7044d686389d,D,1,5,6,普段から鼻声だと感じていたり、人に言われたりしているのでまずそれが思い浮かぶ。後は課題に対しての緊張とかからそう感じた。２回目は少し理解したので低音で読んだ気がした,2026-01-21T09:52:23.004Z
508,fecf1adc-fda7-46ba-aa3e-c55e851dd292,C,2,2,1,声が鼻にかかっているのであまり鮮明ではないと感じ、録音しながら短い文章を読むことは全く難しくないと思ったからです。,2026-01-21T09:53:18.803Z
509,b925bf64-8c48-42ea-a879-dc962be9acf1,D,1,3,5,普段の声より少しだけ高く感じる,2026-01-21T09:54:44.278Z
510,04334d94-0747-4eeb-8236-2793e3661142,C,1,4,7,自分の声は気持ち悪いと感じた。理由としては、ダミ声で滑舌が悪いから。,2026-01-21T09:54:52.730Z
511,3803af6d-a6ea-4ec4-b122-a42a191845f9,C,1,6,5,普段自分自身の声を録音し外部から聞く機会が全く無いため、想像以上に違和感や嫌悪感を覚えてしまった。特に声質が想像以上に高音で弱弱しく、女性的である事に驚いた。ただ活舌は比較的良く感じられたので、自分の伝えたい事が相手に確実に伝わっているという自信は覚える事が出来た。,2026-01-21T09:55:17.356Z
512,f8524a6c-3602-4bf9-a02c-c5d2ef150a04,C,1,6,5,"あまり好ましく思っていない自分の声を機械を通して聴くことで、不快、歯がゆく感じた。
また自身の声を他者の声と比較するとネガティブな印象を受けるため。",2026-01-21T09:56:20.641Z
513,c63f5540-bbba-4022-b670-7044d686389d,D,2,5,6,思っていたより高めの声だった。いつもより高い。２回目の方が落ち着いていた気がしたが逆にうわずっていた。言い回しが難しい箇所があったからだと思う。,2026-01-21T09:56:30.759Z
514,e3a55a6a-c20c-4791-9212-39159b95231f,C,1,3,2,"丁寧な声だった
優しい声だった
聞きやすかった",2026-01-21T09:56:43.684Z
515,04334d94-0747-4eeb-8236-2793e3661142,C,2,1,7,気持ち悪いと感じた。実際の声より気持ち悪い声が脳内で再生されたから。,2026-01-21T09:57:00.525Z
516,248a00b1-c413-4188-838a-4ea02a33d22d,D,1,5,6,自分の声を実際に聞くのではなく、頭の中で再生して聞いているだけなので、それで良い声に聞こえるように脳が自動的に処理しているのかも知れない。男らしく、ダンディな声で、優しく強い発声をしていると感じる。,2026-01-21T09:57:07.566Z
517,b925bf64-8c48-42ea-a879-dc962be9acf1,D,2,6,1,自分が思っていた通りの声だった。もう少し高く聞こえると思ったが、そうでもなかった。,2026-01-21T09:57:14.021Z
518,917c3abf-8ad1-4c8c-997b-77a663f92683,C,1,4,4,"聞きにくい
聞きたくない
嫌悪",2026-01-21T09:57:59.912Z
519,917c3abf-8ad1-4c8c-997b-77a663f92683,C,2,3,4,自分の声が大きらいなのでできれば聞きたくなかった,2026-01-21T09:59:28.719Z
520,e3a55a6a-c20c-4791-9212-39159b95231f,C,2,7,2,"すごく丁寧に感じた
優しく感じた
幼く感じた",2026-01-21T09:59:39.313Z
521,248a00b1-c413-4188-838a-4ea02a33d22d,D,2,5,2,自分の頭の中で再生していた声よりも、口の中でどもっているような声だった。声が低い事は確かだが、別にダンディにも感じない。ただただ声が低いだけのように感じた。なぜ自分はこんなに声が不細工なのだろうと不快に感じた。,2026-01-21T10:00:40.372Z
522,f8524a6c-3602-4bf9-a02c-c5d2ef150a04,C,2,3,4,"頭の中で想起することで都合の良い方に解釈、想像するため多少実際に聞くより良いイメージになった。
しかし根底には自身の声に対するネガティブな印象があるため、そこまで評価はあがらない。",2026-01-21T10:00:49.030Z
523,3803af6d-a6ea-4ec4-b122-a42a191845f9,C,2,6,5,自分の本当の声を聞いてしばらくすると、だいぶその音質に馴染む事が出来た。一旦馴染むと「こんな声でもいいか」と納得出来る様になった。音質はともかく言語ははっきり聞き取れそれ程不快感は感じなかったので。,2026-01-21T10:01:14.831Z
524,9ea387fc-db77-4e45-9aca-6f171b11ab81,D,1,3,5,"自分の声を想像するのと、実際に声を聴いて評価するのではかなり感覚の違いを感じる。
",2026-01-21T10:05:36.538Z
525,9ea387fc-db77-4e45-9aca-6f171b11ab81,D,2,3,2,実際に声を聴いているので、感想は出しやすい。,2026-01-21T10:07:39.708Z
526,2c4603d3-ee75-4925-8435-cce0dd5bb53d,B,1,4,5,"低い感じがする

自分で聞こえている声と印象が違う",2026-01-21T10:07:47.394Z
527,6f4b5b82-381d-45f4-814d-906b09c59c08,D,1,6,3,自分の声が頭の中で聞こえた。,2026-01-21T10:08:48.210Z
528,2c4603d3-ee75-4925-8435-cce0dd5bb53d,B,2,4,4,"高い感じがした

自分で聞こえている声より高く感じた",2026-01-21T10:10:21.155Z
529,6f4b5b82-381d-45f4-814d-906b09c59c08,D,2,6,2,自分の声がしっかりと感じられた。,2026-01-21T10:11:01.067Z
530,8f283b6a-42b5-44f0-89d5-3760d87a9f25,C,1,2,5,自分の声は、もう少しメリハリがあるように思っていたが、全然だめだった。,2026-01-21T10:12:29.566Z
531,8f283b6a-42b5-44f0-89d5-3760d87a9f25,C,2,3,5,自分でイメージしていたよりも、実際の声は全然違うと思った,2026-01-21T10:15:57.404Z
532,60708572-dcd1-456b-b12b-590682b700f6,D,1,3,2,普通に話すのと何かを意図的に読み上げるのでは、意図的に読み上げた方が声が低くなって不自然さが増す気がした。,2026-01-21T10:18:00.257Z
533,e20a600f-3a03-4cc8-be28-d9f74327f0b2,C,1,4,4,こういう形で聴いていると違和感があるが、それほど変とは思わない。ごく普通に感じた,2026-01-21T10:18:48.096Z
534,e20a600f-3a03-4cc8-be28-d9f74327f0b2,C,2,4,4,特に大きな感動もなく不快さもなかったから。普通だった。,2026-01-21T10:20:16.137Z
535,a28fa28a-d87d-4423-9ed9-7720ef6f1c4d,D,1,4,5,低めで、抑揚が少なめだと思った。耳馴染みは悪くなく、不快に感じる事もなかった。,2026-01-21T10:21:05.596Z
536,78c3af50-68fb-4be9-999f-71880e5af44d,D,1,6,4,普段話している自分の声を思い出しやすかったので自分の声に違和感など感じることはなかった,2026-01-21T10:21:48.795Z
537,60708572-dcd1-456b-b12b-590682b700f6,D,2,5,2,録音は自分が思っていたよりも高くて好印象だった。,2026-01-21T10:23:12.025Z
538,9ace683c-b2c4-4c3a-8f80-240b0fcec51d,D,1,5,5,"喉が詰まる感じが続いていて
声が通らない。",2026-01-21T10:23:57.633Z
539,a28fa28a-d87d-4423-9ed9-7720ef6f1c4d,D,2,5,5,低めの声だが、言葉は聞き取りやすかった。抑揚がないので耳馴染みは良かった。,2026-01-21T10:24:02.206Z
540,601c36ff-4dc3-4a75-8069-fc61f04b2534,C,1,5,3,自分の声を録音する機会はあまりないですが、自分の声であることは認識できました。良い声とは感じませんが、より発音よく的確に喋りたいという願望があるので、余計に満足出来かねるという可能性があります。,2026-01-21T10:24:52.058Z
541,9ace683c-b2c4-4c3a-8f80-240b0fcec51d,D,2,5,5,もっと、聞き取りやすく綺麗や声になりたい,2026-01-21T10:25:22.836Z
542,0d5dddea-662a-4d2b-b26c-47d36c8d0b48,B,1,5,3,普段の自分の声と違うような違和感を感じる。声の響きや滑舌の悪さを感じたから。,2026-01-21T10:25:24.338Z
543,933a29d6-85ed-435b-bb03-da6cb7978f0c,A,1,4,5,普段自分が聞いている声よりも明らかに低かった。他人の声のような感じがして、気持ちが悪かった。でも二回目に聞いたときは、一回目よりも普通に聞けたような気がして、不快感も少し減ったように感じた。,2026-01-21T10:25:33.529Z
544,7ac3f34b-2f93-40bc-ba4b-5ac6a982d48d,C,1,3,5,自分っぽさが感じられたがやや声のトーンが低かった。,2026-01-21T10:26:51.201Z
545,f1a4c027-7b1b-48b9-a130-02fb07100f0d,D,1,5,7,はっきりと音声として聞こえているわけではないので、とらえどころのない感じが強いです。,2026-01-21T10:27:54.830Z
546,7ac3f34b-2f93-40bc-ba4b-5ac6a982d48d,C,2,3,5,自分っぽさは感じられ親しみもあったが、声のトーンが小さい。,2026-01-21T10:29:10.646Z
547,601c36ff-4dc3-4a75-8069-fc61f04b2534,C,2,5,3,録音で聞いた声の印象が記憶に残っており、実際に聞いているような不思議な感覚になりました。良くも悪くも自分であることを再認識しました。,2026-01-21T10:29:50.409Z
548,8255305d-12c3-4f8d-a931-0692ba2e2c49,C,1,6,1,抑揚のない声だと感じたが自己イメージ通りではあった。単調な話しぶりだったのでそう感じました。,2026-01-21T10:29:51.919Z
549,78c3af50-68fb-4be9-999f-71880e5af44d,D,2,6,5,自分はもう少しはっきり喋っているつもりだったので、聞いてみると少したどたどしく感じてしまった。だが、ある程度は自分の声だとも感じた。,2026-01-21T10:30:16.812Z
550,0d5dddea-662a-4d2b-b26c-47d36c8d0b48,B,2,4,4,過去にも録音を聴いたことがあるから、想像することに慣れてきて、気恥ずかしさは減った。意識的に話してることが気取ったように感じた。,2026-01-21T10:30:51.924Z
551,933a29d6-85ed-435b-bb03-da6cb7978f0c,A,2,6,5,ちょっと慣れたように感じていたが、あらためて聞くとやっぱり不快感や違和感が強かった。あまり長く聞きたくないと思った。,2026-01-21T10:30:53.604Z
552,f1a4c027-7b1b-48b9-a130-02fb07100f0d,D,2,5,6,普段、自分の声を客観的に聞く機会がないので、こうして耳にしてみると奇異な感じが最初に来ます。そうした状況で冷静に評価するのは少し難しいかもしれません。,2026-01-21T10:31:51.726Z
553,8255305d-12c3-4f8d-a931-0692ba2e2c49,C,2,5,1,はっきりした声だと感じた。内容に合わせたトーンになったかもしれない。,2026-01-21T10:32:07.745Z
554,693a5827-36d5-4ae2-a3ad-37813231e4fd,D,1,5,5,いつもの聞きなれた声だった。そのため、内容に興味が注がれる。,2026-01-21T10:33:44.921Z
556,68f656a7-9a62-4a27-bcce-fd3d4a2c6bdb,D,1,2,1,"自分が思っている声と違う
滑舌が悪い音がある
思ったよりゆっくりしていて違和感がある",2026-01-21T10:36:37.504Z
557,693a5827-36d5-4ae2-a3ad-37813231e4fd,D,2,6,5,思ったよりも良い声だと感じた。そのため、他の人に聞かれても抵抗はない。,2026-01-21T10:37:03.051Z
559,68f656a7-9a62-4a27-bcce-fd3d4a2c6bdb,D,2,3,4,自分が思っている声と実際に聞こえてくる声に違和感が大きく、あまり好ましくないように感じてしまう,2026-01-21T10:40:28.374Z
560,e01daa4e-2fc7-4edf-9c6b-65e8df4db19d,C,1,5,5,自分の声を評価する機会がないので、どう選択するか迷うことがありました。,2026-01-21T10:42:54.863Z
561,683c2722-4840-420c-b042-7e9f71e59c65,C,1,4,5,少し根暗に感じた　　自分の耳で聞く声と違う　思ったより暗い,2026-01-21T10:43:38.651Z
562,a96d441e-3ae3-4fc5-9bd7-d8e41eea00c0,C,1,3,3,自分の思っている声と違いがあり、自分の声が余り聞き取りやすい声でないと感じました。,2026-01-21T10:44:34.449Z
563,e01daa4e-2fc7-4edf-9c6b-65e8df4db19d,C,2,5,2,頭の中でイメージした方が選択しやすい,2026-01-21T10:44:39.112Z
564,683c2722-4840-420c-b042-7e9f71e59c65,C,2,4,4,根暗　トーンが低くて聞き取りにくい,2026-01-21T10:45:50.782Z
565,03e1271e-dba6-4337-9c4a-dbf1c7f7ea2c,D,1,3,4,"自分の声でないような感じがしたのと、
やっぱり自分の声は気持ち悪いと思った",2026-01-21T10:46:32.222Z
566,9bcaf9df-45b6-44cc-8ce1-80895b09e2f2,D,1,1,4,一応考えてはいるが個性を感じないし、印象に残らずに消えてしまう。,2026-01-21T10:46:35.201Z
567,03e1271e-dba6-4337-9c4a-dbf1c7f7ea2c,D,2,3,6,"自分の声を聴く機会がないので、
違和感しかなかったのと、
純粋に気持ち悪いと思った",2026-01-21T10:48:00.780Z
568,a96d441e-3ae3-4fc5-9bd7-d8e41eea00c0,C,2,3,5,しっくりくる言葉が思い浮かばず、自身のなさだけがしっくりくるから。,2026-01-21T10:48:41.834Z
569,e0f2e310-c7d9-4941-9df4-338b995d5cec,D,1,2,4,自分の声を改めて聞くことはないので、優しいと感じた,2026-01-21T10:50:49.778Z
570,9bcaf9df-45b6-44cc-8ce1-80895b09e2f2,D,2,4,4,自分の声って感じがしないが、何かで聞いた事がありそうとは思った。,2026-01-21T10:51:48.607Z
571,cf084e72-d1e3-4dda-8e99-308ec60cda32,D,1,3,5,疲労のせいか、若干自身の声が、いつもより低いトーンに収録された気がしたため。,2026-01-21T10:52:26.173Z
572,e0f2e310-c7d9-4941-9df4-338b995d5cec,D,2,5,1,頭で考えた声と実際聞いてみると違うように感じた,2026-01-21T10:53:15.511Z
573,3b032666-ad9c-4a88-b8ca-220fbf8b51df,C,1,2,2,思ったよりも聞き取りにくい。不快感はないが、この内容が留守電に入っていたら、一度では聞き取れないかもしれない。,2026-01-21T10:54:34.550Z
574,edd57796-14d8-4076-b9d2-7586384b223f,B,1,5,2,普段自分の声をあまり好きではないと感じてるが、やはり自分の声なので親しみがあるように感じた,2026-01-21T10:54:49.430Z
575,cf084e72-d1e3-4dda-8e99-308ec60cda32,D,2,2,4,途中で痞えた所があり、クリアに聞こえなかったため。,2026-01-21T10:55:02.557Z
576,961f8154-c486-4d76-a326-df0c5ef21100,B,1,4,6,緊張してしまい、不自然な感じがします,2026-01-21T10:55:28.392Z
577,3b032666-ad9c-4a88-b8ca-220fbf8b51df,C,2,5,2,自分の声について、一度録音を聞いた上で、本来このように聞こえる、というのをイメージできた。,2026-01-21T10:57:19.529Z
578,edd57796-14d8-4076-b9d2-7586384b223f,B,2,5,2,基本的に落ち着いていて心地よい声だと感じた。,2026-01-21T10:58:01.958Z
579,4816712f-cc9f-42f3-95fa-f0fd4460a297,A,1,5,3,"1回目の声は明るく親しみやすい印象で、聞く人を安心させる雰囲気があった
2回目の声は柔らかく落ち着いた印象で、軽やかさや楽しさがあった",2026-01-21T10:59:55.979Z
580,961f8154-c486-4d76-a326-df0c5ef21100,B,2,4,6,少し緊張が取れて、普段通りに近い感じます。,2026-01-21T11:02:38.038Z
581,4816712f-cc9f-42f3-95fa-f0fd4460a297,A,2,5,2,"1回目の声ははっきりと落ち着いた印象で、
2回目の声は明るく親しみやすい印象でした",2026-01-21T11:03:12.929Z
582,f8acb1e8-f759-4050-916a-663f4069ae8a,C,1,6,3,自分の声に似ていると感じた,2026-01-21T11:10:47.971Z
583,f8acb1e8-f759-4050-916a-663f4069ae8a,C,2,5,6,声を評価することが難しい,2026-01-21T11:12:58.197Z
584,5df66b48-e2c9-4507-9a4f-d94704a45428,D,1,5,5,普段から頭の中で鮮明に自分の声が聞こえている方だと思うが、改めて意識して読み上げることが少し困難だったため,2026-01-21T11:13:11.398Z
585,5df66b48-e2c9-4507-9a4f-d94704a45428,D,2,3,6,モゴモゴとしていてはっきりと発音されていないため若干の不快感を感じた,2026-01-21T11:16:44.711Z
586,2c086539-5ebf-480b-b18d-a97332c9f0e7,D,1,2,5,思っている以上に小さいのかなと感じました,2026-01-21T11:16:50.139Z
587,d540c53e-e812-4bfc-bb90-667341b3147e,C,1,3,3,落ち着いている,2026-01-21T11:17:04.228Z
589,d540c53e-e812-4bfc-bb90-667341b3147e,C,2,3,3,落ち着いた声,2026-01-21T11:18:13.698Z
590,cd8d6d97-2d16-4da0-a6dd-05ed896414a3,C,1,2,4,声も発音も聞き取りづらい,2026-01-21T11:20:44.991Z
591,2c086539-5ebf-480b-b18d-a97332c9f0e7,D,2,3,4,発生したのと似た声が聞こえた,2026-01-21T11:21:20.609Z
592,76aecbe6-f24f-47cd-9f0b-90177679e8c1,B,1,7,3,"言葉を鮮明に感じ取れた。
ありきたりの言葉だったので、いつも通りの自分の声に感じた。
不自然さはなく、言葉にした。",2026-01-21T11:24:04.093Z
593,02506431-1a9c-4bd5-bf1a-6439c07aae10,A,1,5,6,改めて自分の声を自分で聞くと、なぜか恥ずかしい気持ちになった。ただ２回目のを聞くともう慣れてしまっていた。,2026-01-21T11:24:29.088Z
594,3a289ebb-3c18-4d8f-8ad1-bca6f928643d,C,1,4,2,いつも聞いてる声より暗いと感じた。違和感がすごかった,2026-01-21T11:25:11.277Z
595,cd8d6d97-2d16-4da0-a6dd-05ed896414a3,C,2,4,4,無機質で感情が感じられない,2026-01-21T11:25:35.609Z
596,981fb0be-8a97-4f44-9035-55ee6bb0af85,D,1,6,3,普段自分で聞いている声だと思いました。,2026-01-21T11:25:40.047Z
597,857def1a-bd51-4c9a-9310-187e613a258c,D,1,2,6,慣れない実験で緊張して声がうまく出せなかったので、自信がなさそうに感じた。,2026-01-21T11:26:01.345Z
598,02506431-1a9c-4bd5-bf1a-6439c07aae10,A,2,5,6,自分の声を聞くことに慣れたためか、違和感なく聞けた。ただ少しの恥ずかしさは残る。,2026-01-21T11:26:55.462Z
599,76aecbe6-f24f-47cd-9f0b-90177679e8c1,B,2,3,5,"容易にイメージができなかった。
普段の自分ではないような感じがした。
少し気分を害した。",2026-01-21T11:27:16.125Z
600,981fb0be-8a97-4f44-9035-55ee6bb0af85,D,2,7,2,いつも通りの声で、落ち着いていたと思います。,2026-01-21T11:28:23.828Z
601,3a289ebb-3c18-4d8f-8ad1-bca6f928643d,C,2,5,2,普段の会話の中で自分では発しない言葉だったので、特に違和感を感じました。,2026-01-21T11:28:48.556Z
602,857def1a-bd51-4c9a-9310-187e613a258c,D,2,3,6,慣れない実験で緊張したし、難しい文章で、自信がなさそうに感じた。,2026-01-21T11:31:02.998Z
604,8c32e163-9cee-4166-878e-cd4dfbfa84d0,C,1,7,6,"もっと違和感を感じるかと思ったが意外と普通に聞こえた。
そのせいか形容詞を考えるのに少し難しさを感じた。",2026-01-21T11:34:42.609Z
605,0cd2c242-1787-47e4-8198-faef9842434f,C,1,5,5,一言違和感をかなり感じる、自分の声なのに他人の声のように聞こえる、どちらかというと不愉快だった,2026-01-21T11:38:07.937Z
606,cf3abb11-9dc7-4ad4-ac08-b74c1e1fac5e,D,1,5,2,普段の自分の声に感じました。理由は特にないですが、普段話している感じです。,2026-01-21T11:39:11.987Z
607,0cd2c242-1787-47e4-8198-faef9842434f,C,2,3,3,"わからない
気持ち悪い
混乱する",2026-01-21T11:40:01.495Z
608,8c32e163-9cee-4166-878e-cd4dfbfa84d0,C,2,6,3,"それほど違和感はない
理由はわからない",2026-01-21T11:40:57.732Z
609,cf3abb11-9dc7-4ad4-ac08-b74c1e1fac5e,D,2,7,1,いつもの声と変わらずでした。普段自分の思う声です。,2026-01-21T11:41:54.090Z
610,6e19e365-6f74-4ede-bf5c-a355e91c6dfe,D,1,7,1,親しみやすく感じた。なぜなら、自分の声が好きだから。,2026-01-21T11:42:52.758Z
611,1dba3f02-790e-4bc4-8a0e-f0963514e274,D,1,4,4,普通でやや低い声,2026-01-21T11:44:42.764Z
612,9cebc055-6d17-4138-be7a-097c7591825a,C,1,7,5,自分の声が思ったよりも高く感じた。また、話し方にたどたどしさがあった。そのため、子どもっぽい声の印象が強い。,2026-01-21T11:46:06.884Z
613,7d7bfbc0-7b4e-4405-9518-3598cf39ed50,A,1,6,4,はっきりしていたりどもっていたり、いつもの自分の声とは少々異なり、自分の声がベースとなっていることが分かりづらいと感じた。,2026-01-21T11:46:09.508Z
614,6e19e365-6f74-4ede-bf5c-a355e91c6dfe,D,2,5,1,思ったより、こもった感じがする,2026-01-21T11:46:29.399Z
615,1dba3f02-790e-4bc4-8a0e-f0963514e274,D,2,4,4,普通でやや低い声,2026-01-21T11:46:30.374Z
616,7d7bfbc0-7b4e-4405-9518-3598cf39ed50,A,2,5,5,自分のいつもの声とは違うように聞こえ、自分の声ではないような違和感を感じた。,2026-01-21T11:49:03.001Z
617,9cebc055-6d17-4138-be7a-097c7591825a,C,2,6,6,普段からあまり滑舌が良くないので、ゆっくり話すような声に感じた。,2026-01-21T11:49:18.392Z
618,1c0fe8c6-ab2f-4344-8db1-490539df26b7,C,1,6,4,のろのろした遅い、活舌も悪く、鼻にかかった甲高い声でイラつかせる。,2026-01-21T11:51:53.427Z
619,3bf83e62-62dc-4680-b6f2-16e9fe03164e,D,1,5,3,"安定してきた,聞くと慣れてくる,もっと聞きやすくなる",2026-01-21T11:54:31.955Z
620,1c0fe8c6-ab2f-4344-8db1-490539df26b7,C,2,7,4,頭の中の声は活舌もよくハキハキとした明るそうな声で誰からも好かれそうだなと思った。,2026-01-21T11:55:25.212Z
621,3bf83e62-62dc-4680-b6f2-16e9fe03164e,D,2,5,2,"聞き取りやすい,馴染みある,安心",2026-01-21T11:56:27.846Z
622,1370f401-f8d3-4d78-a560-32b42276f17e,B,1,6,5,自分の声があまり好きじゃないなと思った。,2026-01-21T11:59:07.852Z
623,6e080c4e-30aa-4204-8839-66b0db62d842,C,1,6,1,親しみやすい声に感じた。,2026-01-21T12:00:47.193Z
624,1370f401-f8d3-4d78-a560-32b42276f17e,B,2,6,5,自分の声は、やはり低いなと思った。,2026-01-21T12:01:30.968Z
625,6e080c4e-30aa-4204-8839-66b0db62d842,C,2,5,4,穏やかで優しい声に感じた。,2026-01-21T12:02:58.659Z
626,8fe431d6-3027-4292-b84f-c654756425fc,D,1,6,4,実年齢よりも若い感じで満足,2026-01-21T12:03:59.943Z
627,8fe431d6-3027-4292-b84f-c654756425fc,D,2,6,3,構えたためか、思ったよりも少しだけ太い声だった。,2026-01-21T12:10:02.411Z
628,08c84f5e-ae21-491d-8285-0f0ca8595b89,D,1,3,5,声は人が聞きやすい高さがありはきはきしゃべったほうがわかりやすい,2026-01-21T12:17:05.845Z
629,33644d67-f2ef-4c4e-b321-f0aa6d650cf3,B,1,6,5,自分が想像しているよりも高く、お腹からというより喉で喋っている感じの音圧。何度か頭にもっと低い声が浮かぶが、自分の録音した声をある程度記憶しているので、それが間違いだと認識し、改めて高い印象に落ち着く。,2026-01-21T12:18:35.773Z
630,08c84f5e-ae21-491d-8285-0f0ca8595b89,D,2,5,5,家族と似ており慣れ親しんだ声だった,2026-01-21T12:20:28.196Z
631,792179ba-b06c-4c25-a341-004b6e4f1960,A,1,6,2,"親しみやすく感じた
優しく感じた
落ち着いていると感じた",2026-01-21T12:20:34.787Z
632,786d968a-1f0c-4284-bb1d-0903c0d4de21,C,1,1,6,声が鮮明にならず、聞き取りやすくするのが難しかった。意識しすぎてしまったことが原因だ。,2026-01-21T12:23:34.312Z
633,792179ba-b06c-4c25-a341-004b6e4f1960,A,2,6,2,"自然に感じた
朗らかに感じた
優しく感じた",2026-01-21T12:24:00.156Z
634,33644d67-f2ef-4c4e-b321-f0aa6d650cf3,B,2,4,6,頭の中でも読みやすい文章とそうでない文章があり、特に男と女の〜の例文は「の」が必要以上に続くことですらすらと読むのが難しく、その際、間違わないようにゆっくりとした喋り方になるので、合わせて声も低くなっているように感じる。逆に文章に慣れてすらっと読めるようになると、高く早く再生される感覚がある。,2026-01-21T12:24:02.046Z
635,6d387266-f20a-42f7-9f3b-d3b873af8570,C,1,7,6,声がくっきりと聞こえたからです。自分の声が好きではないので評価が難しかったからです。,2026-01-21T12:24:54.560Z
636,786d968a-1f0c-4284-bb1d-0903c0d4de21,C,2,3,3,聞き取りやすい声を目指して意識したことで、発声の課題に気づくことができた。,2026-01-21T12:28:09.213Z
637,6d387266-f20a-42f7-9f3b-d3b873af8570,C,2,4,6,実際に声を聞いているわけではないのであまり鮮明には感じられなかったからです。,2026-01-21T12:29:30.935Z
638,d7f93070-7538-4577-81fa-cb6ce344cf8c,D,1,6,1,普段から自分の声を聴く機会があるため、いつも通りの感じがした。,2026-01-21T12:39:29.285Z
639,3beeb59c-941b-4b24-ab05-6953e0a48ef0,D,1,6,5,聞き慣れた声だけど、気に入らないです,2026-01-21T12:39:46.167Z
640,239c29de-4444-41de-8e6d-9bff727be38e,C,1,5,2,"普段自分で話している言葉より少し高い声に聞こえる
電話の録音を聞いた時や、ビデオで話している自分の声と同じ感覚",2026-01-21T12:41:01.274Z
641,3beeb59c-941b-4b24-ab05-6953e0a48ef0,D,2,6,2,あらためて、自分の声はすきではないと感じた。,2026-01-21T12:43:09.820Z
642,9f2ac796-340a-4ff2-a4e5-7dd07d36d9fd,D,1,3,5,"言葉と声の感じが合っていないような気がする。
声のトーンに違和感があるためと思う。",2026-01-21T12:43:44.970Z
643,239c29de-4444-41de-8e6d-9bff727be38e,C,2,7,1,"普段通りの声
自分の脳内再生では特に変わることがない",2026-01-21T12:44:26.481Z
644,d7f93070-7538-4577-81fa-cb6ce344cf8c,D,2,3,5,"「フィルムケース」の文章はある程度聞きなじみのある声だったが、「他の人が」の文章は想像よりも変な声をしていた。
文章によって自然と話し方を変えているのかと思った。",2026-01-21T12:45:19.007Z
645,690d30eb-6633-41cc-b8e3-72e7f7568ac3,C,1,3,5,特に2番目の音声に関して、聞き取りづらさを感じました。また、録音することに対して若干の緊張もありました。,2026-01-21T12:46:20.899Z
646,9f2ac796-340a-4ff2-a4e5-7dd07d36d9fd,D,2,1,5,小さくて聞こえにくい。日常で声を張ることが少なく大きさを気にしていないためと思う。,2026-01-21T12:46:49.505Z
647,690d30eb-6633-41cc-b8e3-72e7f7568ac3,C,2,5,4,頭に思い描く音声はとても聞き取りやすく、また、親しみがあり安心できる感じがしました。,2026-01-21T12:50:34.533Z
648,a258866f-1dc0-4b7a-8412-25e6fbd93b9b,A,1,3,1,自分の体を通さずに聞く声は何回聞いても慣れず、自信のなさが声色に表れているなと感じる,2026-01-21T12:54:13.232Z
649,a258866f-1dc0-4b7a-8412-25e6fbd93b9b,A,2,3,1,能力の低さが声に出ているように感じる,2026-01-21T12:55:49.100Z
650,cf8aa541-8d9b-4cf1-8217-db612ab40fc5,D,1,5,6,自分の声についてあまり考えたことがなかったが、時々録音で聞いて変な感じがしたのはよく覚えている。そのことを思い出した。,2026-01-21T12:57:56.280Z
651,f5b656aa-342a-46b5-8c21-9651430b3f9f,B,1,5,4,"低く感じる。
大人しく感じる。
違和感があまりない。",2026-01-21T12:58:52.072Z
652,cf8aa541-8d9b-4cf1-8217-db612ab40fc5,D,2,4,5,文の意味についてあまり理解せず読んでいると感じました。,2026-01-21T13:00:46.393Z
653,65ed375f-fe98-440a-9f36-3a4a5f2515ec,C,1,6,5,自分の声であるので聞き馴染みはあったが、改めて録音して聴くと自分好みの声質ではなかったので恥ずかしく感じた。無理だということはわかっていて、すぐに変えられない物ではあるが、理想とする声には遠いと思った。,2026-01-21T13:00:53.337Z
654,f5b656aa-342a-46b5-8c21-9651430b3f9f,B,2,5,4,"違和感はない。
低く感じる。
低く感じる。",2026-01-21T13:01:54.023Z
655,65ed375f-fe98-440a-9f36-3a4a5f2515ec,C,2,6,6,黙読する時に頭の中で発して感じている声と実際に発音する声の違いを意識してみて、その違いに恥ずかしさを感じた。頭の中で想像している自分の声は実際の物よりきれいに聞こえている気がした。,2026-01-21T13:04:22.276Z
657,1b9a19fa-3d89-4278-8e23-c2657ad6720a,D,1,2,5,想起するのが難しいと感じました。普段経験することがないためです。,2026-01-21T13:07:52.660Z
658,e9d9468e-fec8-40ba-b97d-d172da17284e,C,1,2,3,"老人特有の声
普通よりゆっくり
舌がおかしいかも",2026-01-21T13:08:28.691Z
659,da5bb4b0-4327-4783-adbf-045ca88b00d9,D,1,3,5,その文によって声の感じが違う,2026-01-21T13:10:10.346Z
660,1b9a19fa-3d89-4278-8e23-c2657ad6720a,D,2,5,4,自分の声のように聞こえているが、なにか違和感を感じました。,2026-01-21T13:11:02.085Z
661,d7b65a31-9f3f-47c0-a313-e26576a829f1,C,1,5,4,"心地よい
優しい
独特",2026-01-21T13:11:52.521Z
662,e9d9468e-fec8-40ba-b97d-d172da17284e,C,2,5,3,"音量は十分
聞き取りにくい
老人特有の声",2026-01-21T13:12:29.238Z
663,da5bb4b0-4327-4783-adbf-045ca88b00d9,D,2,5,3,自分の声の感じがよくわかる,2026-01-21T13:13:54.467Z
664,7afc8dbb-4217-4683-963e-42e91f9c0377,D,1,3,6,最近、1歳の子供が自分のムービーを見たがるので、それに録音されてしまった自分の声を聞く機会も多く、自分で思う自分の声は、実際他人が思うところの私の声にかなり近いだろうと思います。それでも、やはりちょっと聞きたくないというか、あまり好きとは言えないです。できれば聞きたくない。,2026-01-21T13:14:07.970Z
665,d7b65a31-9f3f-47c0-a313-e26576a829f1,C,2,5,5,"怖い
恐怖
畏怖　",2026-01-21T13:14:09.334Z
666,5c3c86b1-9c14-4f17-a9b6-6703d7a824dd,C,1,5,4,"自分の声が活舌が悪く、はっきりせず、好きではないと感じました。
前からそのことは知っていましたが、このように集中して聞くことはないので、余計に強くそう感じました。
このような声では、しゃべっている内容もうまく人に伝わらないなと感じます。この声でよく仕事ができているなと逆に感心します。
生きる上で緩やかに大きなハンディキャップになっていると思います。",2026-01-21T13:14:26.500Z
667,7afc8dbb-4217-4683-963e-42e91f9c0377,D,2,6,3,思ったより自然に読めていて自分でなにかに安心しました。ただ、ちょっと緊張しています。日常生活でなら、もう少し方言が出るかもしれません。,2026-01-21T13:16:41.515Z
668,5c3c86b1-9c14-4f17-a9b6-6703d7a824dd,C,2,3,5,"やはり活舌が悪く不快ではっきりしない声だなと思います。
直前に自分の声を聞いていたので、思い出して想像できますが、はっきりしないので、不快な感じがやや薄れました。
あと、何度も聞いてきたので多少慣れてきたのもあります。",2026-01-21T13:17:48.507Z
669,34392531-a72d-4af8-94d8-aef49d07aaac,D,1,6,3,慣れ親しんだ声なので安心感がある。全体的に落ち着いた感じがする。,2026-01-21T13:21:07.075Z
670,d12549a1-54a5-4637-9ec6-4da0d6a17667,C,1,6,2,ゆったりと話していたので優しさを感じました,2026-01-21T13:23:18.038Z
671,d12549a1-54a5-4637-9ec6-4da0d6a17667,C,2,4,6,頭のなかで想像するのは思いのほかできたし声も良かった,2026-01-21T13:25:23.734Z
672,6f09e6b0-9ad7-465e-ba29-7e0dad01b100,B,1,4,5,普段言わないような言葉を自分の声で発し、聞き取ると、なんだか自分と声が似ている他人が話しているように感じた。,2026-01-21T13:25:57.749Z
673,34392531-a72d-4af8-94d8-aef49d07aaac,D,2,6,2,普段と変わらない感じで落ち着いた。低めで安心できる感じ。,2026-01-21T13:27:37.499Z
674,1195d2de-95b4-4852-b0cb-3000fb43b57d,D,1,4,3,自分の声の違和感,2026-01-21T13:32:07.422Z
675,6f09e6b0-9ad7-465e-ba29-7e0dad01b100,B,2,5,5,自分の声によく似た他人が話している感じ。,2026-01-21T13:32:33.109Z
676,1195d2de-95b4-4852-b0cb-3000fb43b57d,D,2,3,3,違和感がある,2026-01-21T13:33:01.673Z
677,fa80c015-a86e-4c22-9f45-34be542eda18,A,1,7,6,録音した時に聞こえていた声質と体感のスピードとは全く異なるから。過去にも何度か録音した声を聴いたことはあるので、再生した声は知っている声ではあるが、普段から聞いている声ではないので他人を評価するような感じで難しかった。よく考えてみると、自分が話すときの音声は耳で聞いているというより脳内で聞こえてくる感覚の方が近い。,2026-01-21T13:39:13.784Z
678,4fbb4d74-cbd9-4113-86d6-d726c6fb4f3a,C,1,7,4,自分が認識しているよりも幼い声・印象だなと思いました。,2026-01-21T13:43:03.180Z
679,04fe46a8-a833-44c6-9caf-d360cf0a10a3,D,1,4,2,"ゆっくり聞こえた
近くで話しているように感じた",2026-01-21T13:43:04.538Z
680,fa80c015-a86e-4c22-9f45-34be542eda18,A,2,7,6,普段脳内で聞いてる声と、声質と速度が違うので違和感を感じる。,2026-01-21T13:44:44.520Z
681,04fe46a8-a833-44c6-9caf-d360cf0a10a3,D,2,4,4,実際聞くと違和感がある。声が暗くてざわざわする,2026-01-21T13:45:17.859Z
682,4fbb4d74-cbd9-4113-86d6-d726c6fb4f3a,C,2,5,5,声を想起するという形だと、自分が想像する自分の声にプラスして、似ている声だと思われる有名人の声も混ざってくる感じがして、若干、「理想的」な声になるなと思いました。,2026-01-21T13:51:07.157Z
683,082ee8ad-6334-475b-a5e0-5cbbb9f74664,D,1,4,5,思ったよりも低く、感じました。,2026-01-21T13:52:57.278Z
684,082ee8ad-6334-475b-a5e0-5cbbb9f74664,D,2,6,4,思ったよりも弱々しく感じました。,2026-01-21T13:57:59.469Z
685,ed304352-9e2c-49cf-8696-fb5aa21bef23,C,1,6,1,"あまり好きな声ではない。
そっけない感じがした。",2026-01-21T14:03:43.151Z
686,a03abfa8-13e8-4d88-894c-92827df91592,C,1,7,1,"ごく普通の話し方だと思った。
方言を使っていないという意味で、「自分らしさ」は少し下がると思った。
普段聞こえている自分の声も好きだが、自分の録音した声はさらに良い声だと思った。",2026-01-21T14:06:11.195Z
687,ed304352-9e2c-49cf-8696-fb5aa21bef23,C,2,2,2,イメージと実際に差がある,2026-01-21T14:07:15.355Z
688,a03abfa8-13e8-4d88-894c-92827df91592,C,2,6,5,"直前に録音した声を聞いたので、頭の中で再生するのは簡単だったと感じる。
しかし、実際の音声より、自分の中で美化されているかもしれないと感じた。",2026-01-21T14:09:28.335Z
689,b758666a-51d5-4870-aff2-ffa34288cbc3,C,1,6,6,親しみがある,2026-01-21T14:20:27.400Z
690,84c7d109-36a7-4b6e-887d-e1f02ba1e92d,B,1,6,6,自分がどんなふうに文章を読んだのかは大体、思い出しながら回答する事が出来ましたが、実際に聞いていないのでちょっと不安でした。特に普段、録音した自分の声を聞く機会はほとんどないので苦労しました。,2026-01-21T14:20:47.867Z
691,b758666a-51d5-4870-aff2-ffa34288cbc3,C,2,6,7,親しみがある,2026-01-21T14:21:02.958Z
692,84c7d109-36a7-4b6e-887d-e1f02ba1e92d,B,2,6,6,自分の声と文章を読んだ際のシーンを思い出しながら回答する事が出来ました。でも実際にその声を聞いていないので難しかったです。,2026-01-21T14:24:17.251Z
693,8b8b6316-257a-4c66-914c-60209c8a9d43,C,1,6,5,"いつも聞いている声と違って他人の声のように思える
自分の声より再生した声は低く聞こえているように思える",2026-01-21T14:33:05.375Z
694,c1ebebb9-eacd-4494-8649-13f36c60ea71,A,1,2,5,"録音された自分の声は、過去にビデオなどで聞いているので、自分の声だと認識できるが、発生時直接耳に入ってくる声とかな利差を感じる。
録音された声（＝他の人が聞く声）が本当の自分の声だとすると、思った以上に、こもっている、発音が悪いなど、マイナス点を強く感じる。
声の質は悪くないのだと思うが（人からは褒められることが多い）、自身で聞くと、あまりそうは思わない。（違和感）",2026-01-21T14:34:32.057Z
695,4d894bab-6a0c-4736-ab5d-fcf10c7e3a85,C,1,5,4,いつもの自分の声だなという感じでした。3語で形容するのが少し難しかったです。,2026-01-21T14:37:02.107Z
696,4d894bab-6a0c-4736-ab5d-fcf10c7e3a85,C,2,4,4,想像するのが少し難しかったです。,2026-01-21T14:39:02.304Z
697,d1ac213b-c756-47ec-aaf1-7370be0f4dac,D,1,5,2,文脈に沿った声のトーンがある程度自然にイメージされ、現実に発する声とさほど大きな乖離は感じなかった。,2026-01-21T14:39:34.360Z
698,8b8b6316-257a-4c66-914c-60209c8a9d43,C,2,6,7,"いつも聞こえている声を想像したので違和感を感じられない
理想的な声を想像たので活舌よく話している感じを想像してしまった",2026-01-21T14:40:16.750Z
699,54539b83-3621-449c-9b5a-c123af3950bb,D,1,4,6,自分が思っているより低くて感情がこもっていない感じがする,2026-01-21T14:44:17.261Z
700,d1ac213b-c756-47ec-aaf1-7370be0f4dac,D,2,2,5,自身が普段から発している声よりも不明瞭なように聞こえて、極めて不快でした。,2026-01-21T14:44:21.192Z
701,c1ebebb9-eacd-4494-8649-13f36c60ea71,A,2,2,5,"自分の声を録音などで知っているが、改めてこういう形で聞きなおしてみると、他の人が聞く自分の声を再認識する。
違和感があり、発声の悪さなどを感じ、気を付けるべきところが分かった。
以後気を付けたい。",2026-01-21T14:45:37.948Z
702,e64a6e66-3a44-4a03-a205-2d4bd8738d7a,D,1,5,6,一度自分で発声したあとだと、自然にイメージする自分の声が正しいのかという気持ちが生まれて、イメージが固まりにくい。,2026-01-21T14:47:05.361Z
703,54539b83-3621-449c-9b5a-c123af3950bb,D,2,5,6,自分が認識している声と異なっており、とても違和感を覚えた,2026-01-21T14:47:48.741Z
704,e64a6e66-3a44-4a03-a205-2d4bd8738d7a,D,2,6,2,あまり自分の声という感覚にならないので、これが当たり前じゃないかという気持ちにもならず、評価の方向性が見えてくる。,2026-01-21T14:49:58.977Z
705,6a08a5c1-19bf-443a-92df-13a3b2df3352,C,1,5,4,"自分のこえを聞く機会が近年ふえておりなれてきてはいるものの、すきではないので苦痛ではある。
自身で認識しているよりも、甲高くまた鼻にかかった声に聞こえて不快を伴う。",2026-01-21T14:54:39.092Z
706,6a08a5c1-19bf-443a-92df-13a3b2df3352,C,2,5,4,脳内で自分に話しかけることは日ごろから頻繁にしているためです,2026-01-21T14:58:06.250Z
707,0dcb0329-5a39-4c6c-9ce1-08dd487f78e5,D,1,4,4,暗くてボソボソ聞こえる,2026-01-21T15:13:20.284Z
708,299a26af-e991-4e37-bfea-2ab5c8a6ef5f,C,1,6,5,自分の声をあまり客観的に聞かないから、少し戸惑っている,2026-01-21T15:14:36.040Z
709,0dcb0329-5a39-4c6c-9ce1-08dd487f78e5,D,2,3,4,暗くて聞きとりづらい,2026-01-21T15:16:39.715Z
710,299a26af-e991-4e37-bfea-2ab5c8a6ef5f,C,2,5,6,実際に聞こえない声をイメージするのが難しかった,2026-01-21T15:17:55.653Z
711,6753c462-6cb5-4c0f-9bcb-e7fb6d210a41,A,1,4,3,声に暗い雰囲気を感じられた。その理由は、声が籠って聞こえていて、話し方もゆっくりだったから。,2026-01-21T15:30:33.209Z
712,6753c462-6cb5-4c0f-9bcb-e7fb6d210a41,A,2,4,4,自分の声よりも明るいように感じられた。理由は、さっき聞いた録音よりも聞き取りやすいと思ったから。,2026-01-21T15:34:36.384Z
713,c0fcdb43-3ed1-4523-a688-1b97e1a721af,C,1,2,5,"声量が小さいと感じた。
理由は単純に、聞き取りにくかったからである。",2026-01-21T15:38:30.447Z
714,c0fcdb43-3ed1-4523-a688-1b97e1a721af,C,2,2,7,"小さな声でも明朗に読み上げている。
普段から声が小さいとよく言われているが、滑舌はいいほうだと自認しているので。",2026-01-21T15:43:05.276Z
715,62fb40fc-8698-4f64-a1d4-4a3a4974e2cb,D,1,5,4,違和感を感じる。自分で思っている声よりとても高い。,2026-01-21T15:44:25.238Z
716,b43f54f7-8333-4367-b4a8-ba7a31582665,D,1,5,2,"声が頭の中で反響しているような感じがした。
評価中もずっと頭の中に声がある感じがしたので評価自体はすぐに取り掛かりやすかった。",2026-01-21T15:49:39.979Z
717,62fb40fc-8698-4f64-a1d4-4a3a4974e2cb,D,2,5,4,"思っているよりも落ち着きのない抑揚のある声。
自分の中で聞いている声とは全く違う。",2026-01-21T15:50:42.220Z
718,b43f54f7-8333-4367-b4a8-ba7a31582665,D,2,7,1,"実際の声を聴いたことでイメージがより具体的になり嫌悪感も想起するときよりも増した。
実際の声を聴いたので評価自体は先ほどよりもより簡単にできた。",2026-01-21T15:53:21.019Z
719,cd82b193-4a11-4777-a46a-d21eaa0e8f04,C,1,6,5,自分のイメージしている高さとはやや違うように思える部分もあります。でも全体的には自分の声として認識できます。,2026-01-21T16:43:47.484Z
720,9e46b2b0-aa87-4857-96c7-f1251159c361,D,1,5,6,"自分が思っている自分の声とのギャップを感じた。
1音の発声が悪く、これまで相手にちゃんと伝わっていなかったこともあるのでは？と少し不安になった。",2026-01-21T16:45:05.812Z
721,cd82b193-4a11-4777-a46a-d21eaa0e8f04,C,2,6,6,頭の中でイメージしながら評価するのは結構難しかったです。でも普段自分で聴いている声をイメージするので慣れていきました。,2026-01-21T16:46:19.484Z
722,9e46b2b0-aa87-4857-96c7-f1251159c361,D,2,5,6,"発声の難しさ
息遣いが荒くなり聞き取りにくくなってしまった",2026-01-21T16:57:49.852Z
723,b4d8df9f-a059-4df6-b53c-9fe537d25d31,C,1,6,2,簡単な工程ではあるが、自分のボソボソとした味気ない話し方がよくわかる録音だった。,2026-01-21T17:02:07.382Z
724,b4d8df9f-a059-4df6-b53c-9fe537d25d31,C,2,5,4,自分の声を思い出して再度回答するのは少し難しかったが、作業自体は今日も深く声もきちんと聞こえていた。,2026-01-21T17:06:09.673Z
725,34992f9c-339c-480d-ae6a-177332e02747,A,1,3,2,"もっと自分の声はハキハキしていて欲しいと思ったが、現実はそうではなかった。
あまり気分が良くない。相手にもそう聞こえているのかと思うと恥ずかしい。",2026-01-21T17:21:37.550Z
726,34992f9c-339c-480d-ae6a-177332e02747,A,2,4,2,"とにかく声が気持ち悪い。
自分が思っている声ではなく恥ずかしい。
人に聞かれたくない。",2026-01-21T17:23:24.500Z
727,6ad66b61-cab4-4e79-a74e-3f71f7f45d70,D,1,3,4,自分の声がきらいなので、やや不快だった。,2026-01-21T18:01:17.967Z
728,6ad66b61-cab4-4e79-a74e-3f71f7f45d70,D,2,5,4,声を想像したときとほとんど同じように感じた。,2026-01-21T18:04:17.014Z
729,8fc108a8-b6d6-4213-9d69-0f07d52ba45c,C,1,3,6,いつ聞いても録音した声は何だか恥ずかしい。客観的に聞く自分の声が自分の思うものと違うことは認識してるので昔ほど新鮮さはない。明瞭さに欠ける声だと感じる。,2026-01-21T19:07:15.985Z
730,8fc108a8-b6d6-4213-9d69-0f07d52ba45c,C,2,2,6,思い出すときは声が、曇りなくクリアになっているように感じた。自分の声を客観的に認識するのは難しいと感じた。,2026-01-21T19:13:52.538Z
732,d439ff6c-084f-45a1-bf37-08f1b6836f96,D,1,3,6,自分の声でない気がする,2026-01-21T20:23:34.095Z
733,d439ff6c-084f-45a1-bf37-08f1b6836f96,D,2,6,2,自分の声だが好きになれない,2026-01-21T20:36:29.475Z
734,7145240a-d0f0-425e-8191-f61d28143441,A,1,3,4,普段自分の声を録音することに慣れていないので、ぎこちなさがあったと思うからです。,2026-01-21T20:51:42.843Z
735,7145240a-d0f0-425e-8191-f61d28143441,A,2,3,4,ふだん録音に慣れていないため、緊張感が伝わってくると感じたからです。,2026-01-21T20:54:18.258Z
736,88f187bb-9b06-4777-bf82-0c19100286f2,B,1,5,3,低い声でおどおど話しているように感じました。普段から内気な性格なので、そのような発声になっているのではないかと思います。,2026-01-21T21:15:15.261Z
737,ad4af757-233e-4d43-9c54-0ec1d114bbac,C,1,5,3,最初の声は自分の声とは思えなくてとても違和感があったが、二回目の声聞いた時には、一回目よりは自分の声のように感じた。,2026-01-21T21:15:59.981Z
738,ad4af757-233e-4d43-9c54-0ec1d114bbac,C,2,5,6,文章を思い出して読むという点で、二回目に提示された文章が読みにくく、発声を思い出すときにも言いにくさがある感じで想起されました。,2026-01-21T21:18:36.555Z
739,88f187bb-9b06-4777-bf82-0c19100286f2,B,2,4,5,普段使わない言葉遣いが含まれていました。自分が話しているように思えず、演技っぽさや違和感を感じました。,2026-01-21T21:20:25.724Z
740,ba9564f8-94ca-44ff-809f-f70f4da3308f,C,1,2,6,暗い声で覇気がなく弱々しい。,2026-01-21T21:24:39.848Z
741,ba9564f8-94ca-44ff-809f-f70f4da3308f,C,2,2,6,一度自分の声を聴いた後なので印象が変わることはなかった。,2026-01-21T21:27:12.971Z
742,486ef2c3-7d89-4664-b321-2ddfb327bb9c,C,1,4,4,自分の声は聞き取りにくい変な声だと思った。アナウンサーなど美しい声の人に憧れる。,2026-01-21T21:46:04.250Z
743,486ef2c3-7d89-4664-b321-2ddfb327bb9c,C,2,3,4,2回目の方が自分の声を美化している感じがした。おそらくいつも聞こえているものよりも美声なはず。,2026-01-21T21:50:16.261Z
744,af3d358b-e4fa-4133-92f3-cfedf7092420,C,1,5,6,普段の自分の声と違うように感じて嫌だった,2026-01-21T22:03:24.635Z
745,af3d358b-e4fa-4133-92f3-cfedf7092420,C,2,5,7,自分の声が好きではない,2026-01-21T22:04:53.369Z
746,30baa0d1-cb9b-4126-87b6-fe57abdac37f,D,1,3,3,普段自分の声を聞いているようで聞いていないんだなと思いました。カラオケの聞こえ方と違った。想像した声ではなかった。,2026-01-21T22:07:31.693Z
747,30baa0d1-cb9b-4126-87b6-fe57abdac37f,D,2,3,3,想像した声。聞き慣れていた。落ち着いていた。,2026-01-21T22:13:27.091Z
748,f8e0907a-ab8a-4ab3-8899-98c23e6bf2d9,B,1,2,6,"・普段、聞いている自分の声と録音を通した自分の声が違う為、違和感しかありません。
・改めて、汚い声だなと感じます。",2026-01-21T22:14:07.791Z
749,9bab7fee-0bad-4647-bcf8-7d892f85bd6b,C,1,3,1,"自分の声を知っているはずなのに、やたらと不気味に感じました。
他の人はこの声を聞いていると思うと恥ずかしく思います。",2026-01-21T22:15:14.950Z
750,9bab7fee-0bad-4647-bcf8-7d892f85bd6b,C,2,6,1,"自分が想像している声はいつもはっきりと相手に聞こえていると思っているので、この2回の評価も難しくなかったです。
実際の声より想像する声の方が良く思っています。",2026-01-21T22:17:26.368Z
751,f8e0907a-ab8a-4ab3-8899-98c23e6bf2d9,B,2,2,2,聞き慣れていないのも理由ですが、やはり不快な声だと思います。,2026-01-21T22:18:02.842Z
752,7fe3116d-efc2-4cc6-8590-18a8caad1795,D,1,3,6,どちらも、おどおどしくて自信なく感じられました。小さい声からそう感じさせていただきました。,2026-01-21T22:32:36.751Z
753,7fe3116d-efc2-4cc6-8590-18a8caad1795,D,2,4,4,小さな声がとても自信がないように感じさせていただきました。,2026-01-21T22:34:56.130Z
754,bb917f7d-f500-4d19-9c95-17841647ecde,C,1,1,7,"自分っぽい
稚拙な
速い",2026-01-21T22:46:31.208Z
755,3a07659b-9a6d-4ad4-912d-4eb4d542b4a5,C,1,3,1,落ち着いていて、聴きやすかった,2026-01-21T22:49:09.905Z
756,bb917f7d-f500-4d19-9c95-17841647ecde,C,2,2,7,想像上の声の方が実際に聞くより自分らしく聞こえました。発生時のイメージと自分の声が大きく異なっています。,2026-01-21T22:49:17.391Z
757,5c7cfb26-3246-4556-be0f-2f1fd09cbc56,C,1,4,2,普段自分が話している時の音とは明らかに違和感があるので、他人にはこう聴こえているのかと思うと何故か恥ずかしくなる。,2026-01-21T22:49:48.907Z
758,5c7cfb26-3246-4556-be0f-2f1fd09cbc56,C,2,5,2,自分で聞く声と他人に向けた声ではこんなにも違和感を感じるのだと知りました。,2026-01-21T22:52:25.786Z
759,3a07659b-9a6d-4ad4-912d-4eb4d542b4a5,C,2,5,1,イメージではキレイな声をしている,2026-01-21T22:53:52.208Z
761,e0f80776-ddbf-44c5-8094-f12d24a09b84,D,1,5,5,注意深く想起すると、いつも感じている声よりも他人の声のように感じました,2026-01-21T23:25:24.084Z
762,d6f3e0fe-e81c-49ce-aa47-7a4a7219344e,B,1,3,6,"自分の声に違和感があった
声に自信のなさを感じた
声に透明性がない",2026-01-21T23:27:25.069Z
763,e0f80776-ddbf-44c5-8094-f12d24a09b84,D,2,7,6,"声よりも滑舌などが気になり難しかったです。
声は想起してたときに思ったよりゆっくりに感じました。",2026-01-21T23:28:39.606Z
764,d6f3e0fe-e81c-49ce-aa47-7a4a7219344e,B,2,5,7,"自分の声が想像と違った
透明性がないと思った
同じ内容でも声によって信憑性が異なると感じた",2026-01-21T23:29:18.268Z
765,4eb62c53-1dd5-4c9a-9b51-b86099e93ebe,A,1,3,1,自分の声を普段から録音などで聞かないので新鮮味はあるが、想像していたよりも活舌がわるく、不気味に感じた。,2026-01-21T23:41:05.902Z
766,4eb62c53-1dd5-4c9a-9b51-b86099e93ebe,A,2,6,2,"最初のテストと比較して、収録された音源は聞き取りやすくなった半面、やはり自身の声と活舌の悪さが
あまり好きではないので不快感は拭えなかった。",2026-01-21T23:48:44.745Z
767,0776ced7-01cf-4318-95d0-206b9bae122c,D,1,6,5,自分の声を聴くことがあまりないので、感じ方がむずかしかった,2026-01-21T23:55:14.037Z
768,0776ced7-01cf-4318-95d0-206b9bae122c,D,2,7,2,"自分の声がどう聞こえるのか、客観的に考えるのが
少し難しかった",2026-01-21T23:58:41.893Z
769,b56593e1-8563-44da-9e00-8027e88de613,C,1,5,2,"録音した自分の声は聴き慣れないから、違和感はあるものの、何度か録音した声を聴いたことはあるから、こんなものかと思う。
でも、自分が想像している以上に子供っぽいかわいい声をしているので、恥ずかしい気持ちがある。",2026-01-22T00:07:39.676Z
770,663fc0dc-79f5-44e4-b3c5-283c34e322a8,C,1,4,4,いつも自分に響いている声とかけ離れた声だった。アナウンサーのようなハキハキした理想の声とはかけ離れていて好きじゃない。,2026-01-22T00:09:18.711Z
771,663fc0dc-79f5-44e4-b3c5-283c34e322a8,C,2,6,5,いつも聞いている声だと感じた。また、ハキハキしていて語尾なども鮮明だった。,2026-01-22T00:10:51.142Z
772,b56593e1-8563-44da-9e00-8027e88de613,C,2,3,5,"本当に正しい評価ができているのか、正しい印象を文字に起こせているのか、ということが難しく感じました。
録音した時の声ははっきりと聞こえていたから、判断しやすかったからかもしれません。
",2026-01-22T00:12:18.871Z
773,bf6dfb35-74de-4396-ade1-02e726ebc132,D,1,2,6,録音したものを再生して聞くことができなかったので、自分が過去に録音で自分の声を聞いたときのことを思い出しながら回答したため難しかった。,2026-01-22T00:34:59.951Z
774,98ab5301-f925-41e2-bf5c-e633be44cd81,C,1,6,2,"親しみはある
1回目より2回目の方が落ち着いている気がした
緊張感があるのが自分らしい声だと思った",2026-01-22T00:36:41.036Z
775,bf6dfb35-74de-4396-ade1-02e726ebc132,D,2,4,6,思い出していた声と違ったので驚いた。,2026-01-22T00:37:29.702Z
776,98ab5301-f925-41e2-bf5c-e633be44cd81,C,2,7,1,"落ち着いている声のイメージが湧いた
自分の声が少し好きになった
自分頑張ってるなって思う声（のイメージ）だった",2026-01-22T00:39:30.339Z
777,8e0dbb1a-36d6-4834-8078-1d04baeb9668,D,1,4,6,あまり普段自分が言わないようなセリフであることと、もともと自分の声があまり好きではないことから、何とも言えない少々不快な気持ちを感じました。明確に具体的な言葉にするのが難しいです。,2026-01-22T00:44:31.696Z
778,f6f5aaad-1bc1-4f23-957a-2494bc67622c,D,1,3,4,録音とリアルとのギャップがあり恥ずかしく感じた。,2026-01-22T00:47:22.173Z
779,8e0dbb1a-36d6-4834-8078-1d04baeb9668,D,2,4,6,言葉にしづらい違和感を自己解釈して、言葉にするのが非常に難しく感じました。自分の声を聴くということは無意識のうちに日常生活の中で避けていることであり、このようにいざ向かい合う機会というのは非常に変な気持ちになりました。,2026-01-22T00:47:47.691Z
780,f6f5aaad-1bc1-4f23-957a-2494bc67622c,D,2,5,2,声に穏やかさを感じて聞きやすかった。,2026-01-22T00:51:01.045Z
781,a44b16c7-17ac-4115-b3e8-631616c845ed,C,1,6,4,仕事をしていた頃は、自分の声を聴く機会がよくあったが、今は仕事をやめて、そうした機会もなくなっていた。久ぶりに自分の声を聴いたが、ほとんど声が変わってなかったという印象です。ただ自分が声を出した時より、録音の声はスピードが遅く感じました。自分では普通のスピードのつもりだったが、録音の声はゆっくりしたスピードに感じました。,2026-01-22T00:56:40.192Z
782,a5782fd4-4ef8-40c2-b80c-05b56b21f6cb,D,1,5,4,"声は自分、
耳で聴いている声が、頭の中でリプレイされた
いつもの声、
",2026-01-22T00:58:40.963Z
783,a44b16c7-17ac-4115-b3e8-631616c845ed,C,2,6,2,久しぶりに聞いた自分の声は、思ったより遅いスピードに感じました。,2026-01-22T01:00:06.522Z
784,a5782fd4-4ef8-40c2-b80c-05b56b21f6cb,D,2,5,2,"少しかしこまった声、
話し言葉ではなく、文章を読み上げているので、誰かに聞かれるという感じがしているから",2026-01-22T01:02:40.396Z
785,3cc4a4ec-ff70-48c1-a10c-881c2c758101,D,1,5,3,"爽やか
誠実
素晴らしい",2026-01-22T01:21:26.093Z
786,3cc4a4ec-ff70-48c1-a10c-881c2c758101,D,2,6,2,"新鮮味を感じる
素敵な声
信用できる声
",2026-01-22T01:23:21.988Z
787,31e0e8e7-cdb8-4065-a6ec-02ee9d4429f0,C,1,1,4,"自身がなさそうに聞こえる
積極的でない
苦手そうに話している",2026-01-22T01:23:36.920Z
788,31e0e8e7-cdb8-4065-a6ec-02ee9d4429f0,C,2,6,6,"いつもより、伝えようとしている
誰かに向かって話している感じ
すこし頑張る感じ",2026-01-22T01:27:03.858Z
789,37ac4184-5e9b-4dff-b037-bcf418eb3eea,B,1,6,5,いつも自分の耳で聞いている声をイメージしましたが、自分の声があまり好きではないほうなので、全体的に良い感覚ではありませんでした。一方で、自己肯定感に関する質問にはポジティブなチェックを入れたためか、いつもよりは自分の声を好ましく感じたようにも思います。,2026-01-22T01:27:30.548Z
790,37ac4184-5e9b-4dff-b037-bcf418eb3eea,B,2,2,5,いつもの自分の声をイメージしましたが、普段からぼんやりと聞き取りづらい声を自覚しているため、あまり良い感覚ではありませんでした。,2026-01-22T01:32:30.102Z
791,cfc294bc-d1a6-4640-8be4-67f7f7b8b641,D,1,6,3,簡単で馴染みのある文章なので、それなりに鮮明に想像して感じる事ができました。,2026-01-22T01:39:14.204Z
792,cfc294bc-d1a6-4640-8be4-67f7f7b8b641,D,2,5,4,実際に聞いた自分の声が自分の想像とは違っていて、少し戸惑いと違和感がありました。,2026-01-22T01:45:14.705Z
793,2d2c4c88-3b97-43ab-9d4c-8afb1e7dd648,D,1,3,3,あまり自分の声がすきじゃないからそう感じるのかもしれません。,2026-01-22T01:47:44.466Z
794,3895ac33-9576-499f-91e8-bd5951a3fb78,C,1,5,6,特に意味のない読み上げた声に対して感想が正直何も感じなかったので形容詞を3つ挙げるのが困難でした。,2026-01-22T01:47:48.484Z
795,2d2c4c88-3b97-43ab-9d4c-8afb1e7dd648,D,2,3,3,録音ができていない箇所があった,2026-01-22T01:49:44.157Z
796,3895ac33-9576-499f-91e8-bd5951a3fb78,C,2,5,3,自分の録音した声を聞くより、違和感無く、言葉の意味をちゃんと理解できるような感覚があった。,2026-01-22T01:50:52.553Z
797,30d01c43-016c-455a-8095-328180610ceb,C,1,6,3,真剣に読んでいる。間違えないように気を付けている。なるべくはっきり喋ろうとしている。,2026-01-22T01:53:09.234Z
798,152820c1-cd7b-4129-89a1-bb194141a6d5,D,1,6,4,自分の声について、想像と実際のものにズレがないと感じている。なので声に違和感も不安感も感じない。,2026-01-22T01:53:36.704Z
799,152820c1-cd7b-4129-89a1-bb194141a6d5,D,2,7,1,ちゃんと自分が想像したとおりの声を発していて、イメージとリアルにズレがなく満足した。,2026-01-22T01:55:10.485Z
800,30d01c43-016c-455a-8095-328180610ceb,C,2,5,5,自分の声が想像はできたが、評価は少し難しかった。直前に聞いていたので好意的には聞こえた。,2026-01-22T01:57:19.297Z
801,bcad81e9-de21-459d-817c-7997a948f4f4,B,1,3,5,声がこもっていて、あまり良い印象を受けない。理由は暗く感じるから。,2026-01-22T02:17:48.542Z
802,bcad81e9-de21-459d-817c-7997a948f4f4,B,2,4,6,あまり良い声と感じなかった。理由は声が小さくてこもっているから。,2026-01-22T02:23:02.537Z
803,4d8d9203-20e7-46c7-b7d3-ddbedce63041,A,1,6,2,間違えないように読んだせいか、いつもよりゆっくりだったので、声が暗く聞こえた。,2026-01-22T02:26:20.402Z
804,4d8d9203-20e7-46c7-b7d3-ddbedce63041,A,2,6,5,書いてある文章を読んでいるせいか、口調がきつめに感じた,2026-01-22T02:29:30.110Z
805,05bb8f08-92b1-4e73-9f19-e6b77b1c9878,C,1,4,2,やはり自分が認識している「声」との違いがあり、違和感を覚えます。かなり籠った声に聞こえ、陰気臭いと感じます。,2026-01-22T02:33:53.530Z
806,05bb8f08-92b1-4e73-9f19-e6b77b1c9878,C,2,2,4,鮮明さに欠けるので、非常に聞き取りずらいと思いました。普段の自分が発し際の声との違いがあり、違和感は大きいです。,2026-01-22T02:37:32.881Z
807,fa2910f7-4272-4b2a-aa63-09eeda5b7806,D,1,6,5,いつもの声に感じた。少し緊張している様子。,2026-01-22T02:56:25.831Z
808,fa2910f7-4272-4b2a-aa63-09eeda5b7806,D,2,5,2,実際に自分の声が聞こえたから,2026-01-22T02:58:44.653Z
809,4a71059f-8c81-4c39-9d55-a3c75897ea61,D,1,4,2,自分の声を想起したので、違和感なく感じることができた。,2026-01-22T03:03:13.253Z
810,c13231ff-cfe2-401b-af93-1d48ebe113e5,C,1,6,5,"多少低く感じたけれど、いつも通りの自分の声なので特に違和感が無い。
もう少しハキハキした話し方になりたいと改善点を見つけた。",2026-01-22T03:03:53.353Z
811,4a71059f-8c81-4c39-9d55-a3c75897ea61,D,2,6,1,雑音なく鮮明に聞こえ、また内容的にも難しくない。,2026-01-22T03:06:10.617Z
812,67832bc4-2c35-494e-8c85-ec9dbb3f00ab,C,1,6,1,意外と自分が思っている声と大差ない感じがした。ゆっくり喋ろうと無意識にしていたのでゆっくりに感じるが、通常はもっと早くしゃべるので聞き取りにくいかもと実感。,2026-01-22T03:06:36.457Z
813,c13231ff-cfe2-401b-af93-1d48ebe113e5,C,2,6,4,"特に変わることなく、自分らしい声だと感じた。
",2026-01-22T03:07:32.598Z
814,67832bc4-2c35-494e-8c85-ec9dbb3f00ab,C,2,6,1,"ゆっくり話すと声は低くなるので落ち着きを感じる。カタカナが入ると早口、明るめになる気がする
",2026-01-22T03:10:54.385Z
815,59f4822b-ce41-4ee1-9125-d4b6d11924c2,D,1,3,5,"自分の声に対してぎこちなさを感じた。
普段は意識せず話しているが、意識すると不自然な感じがした",2026-01-22T03:30:06.673Z
816,59f4822b-ce41-4ee1-9125-d4b6d11924c2,D,2,6,2,自分が想像している以上にボソボソとしていて聞き取りにくかった。,2026-01-22T03:33:08.694Z
817,3389b834-66bd-40c2-89ad-bd5d45847baa,C,1,2,1,自分の声については以前からあまりすきではありません。ですので、自分の声を聞くとその先入感がまず判断の根拠となります。,2026-01-22T03:42:03.236Z
818,834b5830-5353-4985-ada9-2119002e9a91,D,1,4,3,"録音した声を実際に聞いたのであれば、違和感を感じたかもしれませんが、自分の声を頭の中で再現しました声は、特別な感情はなく、ただ聞いていました、聞こえていたという感じでした。

",2026-01-22T03:42:42.377Z
819,0f910bd2-851e-45cc-b817-8ad3b3dc9d9b,C,1,2,4,普段自分の声を録音して聞くことがないので、こんな感じなんだと、以外とキモイと思った。,2026-01-22T03:42:54.338Z
820,0f910bd2-851e-45cc-b817-8ad3b3dc9d9b,C,2,4,5,あまり自分で自分の声を聞くことが無いためどんな感じなのか掴みにくいため難しいと感じた,2026-01-22T03:44:50.798Z
821,3389b834-66bd-40c2-89ad-bd5d45847baa,C,2,2,5,実際に声を聞いていないのでイメージが難しく、より自分の先入観に引きずられていく気がした。,2026-01-22T03:45:09.486Z
822,834b5830-5353-4985-ada9-2119002e9a91,D,2,5,4,録音した声はかなり違和感のある声に聞こえると思っていましたが、肯定的に声を聴いている自分がいました。,2026-01-22T03:50:00.748Z
823,76aeb18d-5eb5-48ff-a277-714621947f59,C,1,1,7,マイクの問題か音が聞こえず、音量を上げてもノイズが大きくて評価ができる音声が聞こえなかった。,2026-01-22T03:53:00.879Z
824,34b3b422-1056-47cb-b394-2894352c03af,D,1,4,3,はっきりと滑舌がよくてわかりやすい,2026-01-22T03:53:19.288Z
825,76aeb18d-5eb5-48ff-a277-714621947f59,C,2,4,3,過去に聞いたことのある自分の声をイメージしながら評価したので難しいとは感じなかった。,2026-01-22T03:54:53.355Z
826,34b3b422-1056-47cb-b394-2894352c03af,D,2,3,3,自分の声で緊張したが、不快感はない,2026-01-22T03:55:01.984Z
827,f697880c-15c9-4eb2-a5dc-59aa616e0c28,D,1,4,4,過去に聞いたことのある自分の声をイメージして評価しました。,2026-01-22T03:59:22.031Z
828,f697880c-15c9-4eb2-a5dc-59aa616e0c28,D,2,3,3,自分が想像したよりはっきりと喋っていて驚きました。,2026-01-22T04:01:23.682Z
829,c896fbcc-a245-4c66-9d78-5796ed21df9e,C,1,7,4,1回目は理想および想定どおり。2回目は少しもたついて、甘えるような鼻にかかったような声に聞こえた。,2026-01-22T04:08:48.074Z
830,c896fbcc-a245-4c66-9d78-5796ed21df9e,C,2,7,6,実際に視聴せずに、想起するだけで自分の声を評価するのは難しい。最初に視聴しながら評価した評価にひっぱられる。,2026-01-22T04:12:50.362Z
831,1f1046b3-c2a6-4666-939a-ebacd1d35b9a,C,1,7,5,クリアーに聞こえた。マイクがきちんと声をひろっていたため。準備をしてから録音に臨んだため。,2026-01-22T04:17:41.220Z
832,47e1f2a1-660d-4b93-94ef-59e007f6aada,A,1,6,7,とても堅い印象の声で無機質な印象を受けた。理由は話す時にとても緊張していたからです。,2026-01-22T04:21:41.533Z
833,1f1046b3-c2a6-4666-939a-ebacd1d35b9a,C,2,5,6,頭の中で感じるということが難しかった。実際に頭の中で声がなるわけでもないし、音量など想像しずらかったため。,2026-01-22T04:23:58.752Z
834,47e1f2a1-660d-4b93-94ef-59e007f6aada,A,2,3,7,堅い印象で無機質な声だった。理由は録音時に何度か失敗し緊張していたからです。,2026-01-22T04:24:37.130Z
835,cb18e3cc-d4e7-4901-9530-7c2616f31806,D,1,6,2,よそ行きのような、発音を意識してしまったような声に感じます。自分の声を意識しないので変な感じです。,2026-01-22T04:29:54.800Z
836,cb18e3cc-d4e7-4901-9530-7c2616f31806,D,2,5,2,自分の声じゃないように聞こえました。,2026-01-22T04:31:34.379Z
837,7c49d50e-ea9c-40b1-aed4-9dba85c5554d,B,1,3,4,自分の声を客観的に聞く機会がないので、違和感を覚えた。,2026-01-22T05:00:27.566Z
838,7c49d50e-ea9c-40b1-aed4-9dba85c5554d,B,2,3,4,自分の声が、読む文章の内容によって変わるのが不思議だ。,2026-01-22T05:05:05.647Z
839,b09cf30a-1049-4c71-bdca-8fe1045cd99f,C,1,5,6,"自分の想像している声よりもトーンが低く、文章を読むのにも抑揚がついておらず堅苦しい、冷めたような印象がありました。
理由としては短い文章だったことや言いなれていない文章だったため棒読みになったことが考えられると思います。",2026-01-22T05:07:42.799Z
840,b8698eda-5b46-441b-867c-a79f9ba4c283,C,1,3,2,想像していたよりも普通の声だと感じた。特徴があまり無いので、自分の声だと言われなければわからないと感じる。,2026-01-22T05:09:11.335Z
841,b09cf30a-1049-4c71-bdca-8fe1045cd99f,C,2,6,1,"文章に合わせて自分の声が女性や男性の声に変わっていました。
その文章を発していそうな人物を勝手に想像しているからだと思います。",2026-01-22T05:13:16.557Z
842,b8698eda-5b46-441b-867c-a79f9ba4c283,C,2,3,6,頭の中で反芻する声は、実際に聞いたものよりも自分に馴染んでいる感じがして自分自身の声だと感じる事が出来た。また、気恥ずかしさみたいなものはほぼ感じなかった。,2026-01-22T05:13:50.970Z
843,40e1d155-75bb-4d01-834d-0e65be0af162,C,1,3,5,声はゆっくりだけど、声の量が小さく感じる。,2026-01-22T05:14:14.983Z
844,b0868bf5-1a14-4d45-9f6f-c19cb4ef2344,C,1,3,5,自分が思っているよりも声がこもっていてハキハキしていないので、感情がないように感じました。また軽く聞こえてるので、まるで子供に読み聞かせしているような感じで、重みや深刻さがないので人に響かないだろうなと感じました。,2026-01-22T05:15:13.351Z
845,40e1d155-75bb-4d01-834d-0e65be0af162,C,2,3,5,親しみは感じるが 滑舌が悪いというか ゆっくり過ぎる 喋り方 なのが気になります。,2026-01-22T05:16:30.522Z
846,b0868bf5-1a14-4d45-9f6f-c19cb4ef2344,C,2,4,4,イメージではハキハキと鮮明に声をだしているような状況で、とくに違和感なく聞こえた。ただあまり強い口調ではないのでトーンとしては落ち着いた感じなので鮮明さの中でも少し低めと感じて判断しました。,2026-01-22T05:18:47.118Z
847,2e4474a4-7153-4eb0-b13f-903394faf40b,D,1,5,6,"低い,暗い,悪い",2026-01-22T05:28:35.452Z
848,6009528b-199f-45c1-8ea2-209d7ddd02c5,D,1,6,6,自分の声が鮮明に思い出されて、頭の中にスッと出てきた。自分の声を評価したことがなかったので難しかった。,2026-01-22T05:28:59.202Z
849,2e4474a4-7153-4eb0-b13f-903394faf40b,D,2,5,4,"想像よりは悪くない
思っていたほど低くない
意外と普通の範囲内",2026-01-22T05:31:18.612Z
850,6009528b-199f-45c1-8ea2-209d7ddd02c5,D,2,7,2,一生懸命文章を読んでいる感じが声に出ていた。自分自身の声を再生することで適正に評価できた。,2026-01-22T05:33:02.719Z
851,54af9737-6b2e-4c55-ae78-2f7e08cc8014,C,1,4,5,自分が普段耳から聞いてる声より幼く、舌足らずで滑舌が悪く聞こえる,2026-01-22T05:34:02.448Z
852,54af9737-6b2e-4c55-ae78-2f7e08cc8014,C,2,4,5,何回聞かれても同じで、幼く、舌足らずで滑舌が悪く聞こえる,2026-01-22T05:35:36.463Z
853,181acbc0-3daa-4aec-8b4a-cb37aa3e67fb,A,1,5,5,"自分が普段聞いている声と録音された声では全然違うということ。
ただ、ほかの人にはそのような声で聞こえていることを改めて感じた。",2026-01-22T05:40:50.583Z
854,181acbc0-3daa-4aec-8b4a-cb37aa3e67fb,A,2,5,5,"自分の声を評価するのは難しい。
また、あまり聞きたくない声でもある。",2026-01-22T05:46:16.229Z
856,64956e84-d924-4190-9b27-27293e059135,C,1,7,2,いつも聞いてる声の感じがしました。よい感じです。,2026-01-22T06:24:55.338Z
857,64956e84-d924-4190-9b27-27293e059135,C,2,5,4,先ほど感じたようによい感じのハスキーな声だと感じた,2026-01-22T06:26:51.076Z
858,58466563-e920-4435-88ca-7f0ccd600581,D,1,4,5,声を頭の中で再生するということがやや難しかった。,2026-01-22T06:30:27.920Z
859,9e9beeb2-56ca-4dae-b233-903a4248afa6,D,1,7,2,1回やったときは自分の声を受け入れられない気持ちだった。2回目をやってみて自分の声を受け入れようという気持ちに変わった。,2026-01-22T06:31:33.357Z
860,58466563-e920-4435-88ca-7f0ccd600581,D,2,5,4,2回目で実際に自分の声を聴いたことで、よりはっきりと自分の声をイメージできた。,2026-01-22T06:35:04.040Z
861,9e9beeb2-56ca-4dae-b233-903a4248afa6,D,2,7,6,自分の声は好きではないですが、声を受け入れようという気持ちで聞くと、自分の声をすんなり聞けました。,2026-01-22T06:37:15.382Z
862,ec28c76d-d107-4fec-a55e-994de9c2f268,C,1,5,5,少し日本語としてわかりにくい文章のため、つっかえてしまった。そのためゆっくりだったり読み違えそうになりたどたどしくなったと思う。一回くらい取り直したため、多少はスムーズにはできたのかなとは思う。,2026-01-22T06:39:55.155Z
863,ec28c76d-d107-4fec-a55e-994de9c2f268,C,2,5,6,声が高くゆっくり話している印象。少しつっかえてそうな部分もあるかと思う。,2026-01-22T06:43:28.831Z
864,6c03a8e4-6384-4369-95a9-ab57d5f6bed1,D,1,2,4,特に普段の自分の想像している声と乖離はない,2026-01-22T06:54:33.574Z
865,6c03a8e4-6384-4369-95a9-ab57d5f6bed1,D,2,5,4,一定の声量がないと非常に覇気がなく感じる。逆にいえば実際には元気がなくても、最低限の声量を出せば相手が不快に思うような声ではない,2026-01-22T06:59:12.642Z
866,4d0507b0-72d4-4e1a-a90e-237182e4a3b6,C,1,7,1,普段、喋っていて自分の声が自分の耳で聞こえている時とは、印象は違います。思ったより幼いです。一瞬、誰の声かと思うくらいですが、これが人が聞いている自分の声なのだと思うと若干不思議です。,2026-01-22T07:03:20.028Z
867,4d0507b0-72d4-4e1a-a90e-237182e4a3b6,C,2,6,1,自分の声がこういう風に、届いているのだと思うと不思議な感覚がありました。自分ではこのような声に聞こえていないので、驚きがあります。,2026-01-22T07:05:56.264Z
868,b1e2bd36-a52d-4ce7-bce6-31fbc7d1bf9e,C,1,4,5,自分の声を改めて聞くと変な感じがしました。普段耳から聞こえる音よりも暗い声だと感じます。,2026-01-22T07:19:56.717Z
869,b1e2bd36-a52d-4ce7-bce6-31fbc7d1bf9e,C,2,5,6,自分の声を聞かずに想像すると、頭の中の自分の声は耳で聞くよりも明るく鮮明に聞こえる気がしました。,2026-01-22T07:24:30.338Z
870,db467003-a056-4838-8a52-084b22d16ffb,B,1,4,5,普段自分の声を意識していないのである意味新鮮。,2026-01-22T07:56:09.219Z
871,2acde13c-e297-427e-916d-4650c3ece61f,A,1,3,4,"自分の声ではないような気がした。
恥ずかしいと感じた。
とても変な感じがした。",2026-01-22T07:56:41.925Z
872,db467003-a056-4838-8a52-084b22d16ffb,B,2,3,6,普段声を聞いて（？）いないんだなと感じた。,2026-01-22T08:00:40.277Z
873,2acde13c-e297-427e-916d-4650c3ece61f,A,2,3,4,"自分の声なのに変な感じがした
なんとなく恥ずかしく感じた
聞き慣れない声だと思った",2026-01-22T08:01:17.384Z
874,1d8c5423-3a6f-4753-8189-b88d25bd158b,C,1,2,3,ぼんやりとして低く暗い声だった。自分の声を録音して聞くことはないため、最初聞いたときはぞわっとした。,2026-01-22T08:10:12.140Z
875,3a5c60ca-0c79-4968-a55a-17b80a216753,C,1,5,3,録音した話し声は、歌っている時の声とは違い。欠点が際立っているような感じがしました。なぜなら、ザラザラした質感や媚びたような感じ、甘えたような感じが強調されているように聴こえたからです。自分は男性なのに、それらしくはありませんでした。,2026-01-22T08:14:36.891Z
876,f2b2aed2-b872-4b87-a812-5308975b3497,D,1,4,6,自分自身の声を評価することは難しい、自分の声が心地良い声なのか、いわゆる良い声なのかどうか自分では判断が難しい。,2026-01-22T08:15:51.033Z
877,1d8c5423-3a6f-4753-8189-b88d25bd158b,C,2,3,5,声はぼんやりと思い浮かんだ。声に出さずイメージだけして声をはっきり思い描くのは難しい。,2026-01-22T08:16:46.566Z
878,3a5c60ca-0c79-4968-a55a-17b80a216753,C,2,3,6,自分の中では、本来持っている癖を取り払っているように聴こえました。無意識に自分の個性を否定していたのかもしれません。そのため、変な個性が無い反面、味気の無い声だと感じました。,2026-01-22T08:18:13.969Z
879,3515f357-bd0e-4c43-b2bb-ad12a594ff10,D,1,5,7,舌を噛みそうになった,2026-01-22T08:23:27.663Z
880,f2b2aed2-b872-4b87-a812-5308975b3497,D,2,5,3,自分の声を客観的に聞くことができ、自分で思っているよりも自分の声は高い、普通に話しているように思っても案外ゆっくりめに話しているように感じた。ただ聞き慣れないので他人のような気がしてしまう。,2026-01-22T08:24:42.490Z
881,3515f357-bd0e-4c43-b2bb-ad12a594ff10,D,2,7,7,噛み噛みしている,2026-01-22T08:25:29.390Z
882,45b30787-7571-4af2-8c24-c1da4ec02f19,C,1,5,2,声は比較的鮮明に聞こえましたし難しいとは思わなかったからです。,2026-01-22T08:25:29.572Z
883,45b30787-7571-4af2-8c24-c1da4ec02f19,C,2,6,1,声は鮮明でしたし難しさは特に感じられなかったからです。,2026-01-22T08:28:35.047Z
884,7a6a3737-50f8-4fd9-8068-db85b4a26fbb,D,1,5,2,いつもの自分という感じがしたから,2026-01-22T09:05:06.876Z
885,ee0ff843-a4d1-471f-a678-48f3fefa877f,C,1,2,2,とても聞きにくく明瞭な発音ではなかった。,2026-01-22T09:07:56.207Z
886,ee0ff843-a4d1-471f-a678-48f3fefa877f,C,2,5,3,早く読んで明瞭であった,2026-01-22T09:09:37.564Z
887,557cea93-deb1-4de8-b4a2-9b183c834393,D,1,3,5,自分の声を評価したことがないので、改めて自己分析するのが難しいとかんじました。はっきり喋ったつもりでも聞き取りの印象はそうでないイメージです。,2026-01-22T10:02:26.494Z
888,557cea93-deb1-4de8-b4a2-9b183c834393,D,2,3,2,他人の声だと思って聞くと、そこまで難しくなかったです。不快では無かったですが、独特な喋り方だと感じました。,2026-01-22T10:08:50.302Z
889,c3200fe9-e8ba-4f6b-a456-1e10d24859bc,D,1,3,4,"自分が思っているよりも声が高い
声のとおりが良くない
聞き取りにくい",2026-01-22T11:03:34.844Z
890,191266ea-b858-4cee-b3ed-ac405af7538f,C,1,6,2,自分の普段の声とほとんど違いがなかったので、違和感なく聞くことが出来た。,2026-01-22T11:07:02.240Z
891,c3200fe9-e8ba-4f6b-a456-1e10d24859bc,D,2,5,4,"自分で思っているよりも聞き取りやすい
声のトーンがちょうどいい
違和感はあるが落ち着く",2026-01-22T11:09:52.688Z
892,191266ea-b858-4cee-b3ed-ac405af7538f,C,2,6,1,自分の声を想起しているのでとてもイメージしやすかった。,2026-01-22T11:12:05.968Z
893,9331a6f9-73dc-4e42-af58-ceb5e98f13cf,C,1,3,5,普段聞こえている自分の声と全然違うように聞こえ、違和感を感じたため。普段の声は録音した声より鮮明に、やや高めの声がはっきり聞こえ、自分自身に合っているように思うため。,2026-01-22T11:20:33.652Z
894,9331a6f9-73dc-4e42-af58-ceb5e98f13cf,C,2,6,5,録音した自分の声を聴いた直後だったのでそれに引っ張られる部分はあったものの、自分が普段聞いている自分の声に近い声が想起され、違和感や不快感はほとんど感じなかったため。また想起した声は実際の声よりもやや良い声だったため。,2026-01-22T11:25:23.823Z
895,5df6d9f1-a2b7-4f10-bfd7-715ea8101e6e,D,1,3,3,"高めの声で気持ち悪いように思った。
こんな声が人に聞かれていると思うと嫌な気持ちになる。",2026-01-22T13:15:55.505Z
896,5df6d9f1-a2b7-4f10-bfd7-715ea8101e6e,D,2,4,2,聞き慣れていない自分の声が気持ち悪く、もう聞きたくない,2026-01-22T13:19:01.177Z
897,338034e2-c082-403d-9fb4-23b37d3a89a5,C,1,7,6,特に特徴のない声に感じました。自分がイメージするより低いように思いました。,2026-01-22T14:39:27.571Z
898,338034e2-c082-403d-9fb4-23b37d3a89a5,C,2,6,7,いつもと同じ声に感じました。,2026-01-22T14:43:32.852Z
900,ce8971c7-4246-445a-9b3c-193de114a6a1,D,1,3,5,"自分に語り掛けるように想起したため、朗読をするように感情をのせて話している感じがしました。
頭のなかではありますが、頭の後ろ側のやや遠くに声がある感覚があったため、不鮮明さや難しさを感じたと思います。",2026-01-22T15:10:39.677Z
901,ce8971c7-4246-445a-9b3c-193de114a6a1,D,2,3,5,"２回の文の違いによって、感じた印象が異なりました。
風邪は引いていないのにどこか鼻声っぽい感じがして、録音された声はあまり好きではないと感じました。",2026-01-22T15:20:54.038Z
902,97c71167-0935-4f69-9bbc-6297d23b726b,C,1,3,5,"あ
あ
ああ。ああ。ああ。",2026-01-22T23:02:08.246Z
903,97c71167-0935-4f69-9bbc-6297d23b726b,C,2,3,2,あ・あ。あ。あ。,2026-01-22T23:02:52.018Z
904,a1899acd-d917-4bac-b82a-cabf84470280,D,1,2,3,"自分の声は普段から頭の中で鳴っているのに意識することは少ないので良い機会になった。
頭の中で鳴る自分の声を意識することで不思議な感覚に陥った。",2026-01-22T23:04:49.768Z
905,a1899acd-d917-4bac-b82a-cabf84470280,D,2,4,4,予想していたより自分の声がこもっていることにショックを受けた。,2026-01-22T23:07:27.192Z
906,9fb5891c-10ca-4cd0-bcca-2ba5c0908271,B,1,5,3,"冷静
沈着
陽性",2026-01-23T00:37:09.929Z
907,9fb5891c-10ca-4cd0-bcca-2ba5c0908271,B,2,5,4,"冷静
沈着
聡明",2026-01-23T00:38:43.211Z
908,e8c7204f-4101-43d8-9540-0ea57202adda,D,1,2,4,自身の声を聞く機会がほとんどないので他人の声のように感じた。,2026-01-23T01:19:44.067Z
909,e8c7204f-4101-43d8-9540-0ea57202adda,D,2,1,5,自分が想像していたよりもトーンが低いことが分かった,2026-01-23T01:23:33.043Z
910,15631c86-255f-4e87-a8b9-c1824e354b4e,C,1,3,3,中年が話している声に感じた,2026-01-23T01:27:49.220Z
911,15631c86-255f-4e87-a8b9-c1824e354b4e,C,2,2,3,身近に聞こえる,2026-01-23T01:30:48.005Z
912,769169b2-a7e3-4f26-a3f1-328a55ef4650,C,1,7,1,明るくはつらつとした大きな声で自分自身としては好印象でした。,2026-01-23T02:00:43.782Z
913,79ba07f0-07db-4213-8071-5a9810e7193e,D,1,5,4,割と鮮明に聞こえました。よく頭のなかで自分と会話してるからだと思います,2026-01-23T02:05:10.656Z
914,769169b2-a7e3-4f26-a3f1-328a55ef4650,C,2,7,5,声に出すより頭で想起する方が冷静に自分の声を聴けたような気がする。違和感を感じた。,2026-01-23T02:06:15.198Z
915,79ba07f0-07db-4213-8071-5a9810e7193e,D,2,6,5,少し鼻声に感じました。マイクを通すと少し癖が有りました,2026-01-23T02:08:03.967Z
916,6f548ccb-2cfe-40eb-9ef8-83cf5100d205,D,1,6,3,いつも通りの声が頭に響いた。鼻炎なので鼻声っぽく、聞き苦しい人もいる可能性もある。,2026-01-23T02:15:38.437Z
917,6f548ccb-2cfe-40eb-9ef8-83cf5100d205,D,2,7,2,普段通りの声で、頭の中でも鮮明にこの声が聞こえる。,2026-01-23T02:18:35.429Z
918,85ff7ba5-3072-496a-9c61-9999666aa7f2,C,1,3,5,自分で思っているより、喋り始めの声が強いと感じた。,2026-01-23T02:19:43.781Z
919,85ff7ba5-3072-496a-9c61-9999666aa7f2,C,2,3,5,実際に聞こえる自分の声と、どのくらい印象が違うのか判断に悩んだ。,2026-01-23T02:24:39.046Z
920,46b47ff0-3cc1-418b-9ec8-14d321b5f277,B,1,2,6,若い頃と比べて明瞭さが衰えていて、またあまり自信をもって発声していない。舌付近の筋肉などの劣化を意識していることもあって、しゃべることに躊躇気味なのかもしれない。悪い声ではないと思うが、あまり好感度を持てない。,2026-01-23T02:53:45.375Z
921,46b47ff0-3cc1-418b-9ec8-14d321b5f277,B,2,2,6,（想像の状況でも）舌の動きが鈍いようで、それを意識して、自信を持った声とは言い難い。しかし、柔らかく優しい声なので、決して好感度は悪くない。,2026-01-23T03:06:20.260Z
922,9fb660d2-17cf-47aa-b9dd-45425179063b,C,1,7,5,録音した自分の声は違和感があると聞きますが、今回の録音ではあまり違和感を感じませんでした。普段自分が認識している声に近いと感じました。,2026-01-23T04:07:08.602Z
923,9fb660d2-17cf-47aa-b9dd-45425179063b,C,2,5,6,自分が音読したときの声をなんとなくならば、再現することができるのだなと思いました。違和感なく感じました。,2026-01-23T04:12:45.730Z
924,21a9fc76-ab6c-4573-9c4c-5d426c5c0752,C,1,2,6,普段から録音している自分んお声を聞くことがちょこちょこあるが、それとはまた違った感じがした。何も意識しないと抑揚が無く単調でつまらない不気味さのある声であると感じました。,2026-01-23T05:13:29.528Z
925,4d59912f-171f-4478-8aaa-aa65f3baed69,D,1,5,1,自分が声を出さずに思考している時の声に感じたので親しみやすい感じがした。,2026-01-23T05:14:01.555Z
926,21a9fc76-ab6c-4573-9c4c-5d426c5c0752,C,2,4,6,特に違和感などは感じなかったし、快不快もありませんでした。いつもの声だからかと思います。,2026-01-23T05:16:43.923Z
927,4d59912f-171f-4478-8aaa-aa65f3baed69,D,2,2,3,自分の頭の中で聞こえている声と違ってとても違和感がありました。できれば自分の声だと思いたくないです。,2026-01-23T05:19:50.748Z
928,512122f0-33d8-47ce-bfa6-2c7abcb111db,C,1,5,5,意外と声が低いんだなと思いました。そのためある程度はっきり、落ち着いては聞こえますが、快か不快か、と考えるのはそこそこ難しかったです。,2026-01-23T05:20:50.840Z
929,512122f0-33d8-47ce-bfa6-2c7abcb111db,C,2,6,4,どんな文なのかよく考えて臨みました。そのため、前よりも明るく、安心した声に感じられた気がします。,2026-01-23T05:22:54.926Z
930,cb8c748a-7484-4269-9fc9-62580b816f82,C,1,5,6,自分の声は低く聞き取りづらいという評価をされているのであまり好きではない。活舌もあまり良いとは言えない。,2026-01-23T05:36:10.061Z
931,cb8c748a-7484-4269-9fc9-62580b816f82,C,2,2,7,実際に自分の声を録音したものを聞いたあとだったためそちらに引っ張られるように感じた。自分が発する声を録音などでなくそのまま聞く声の方がよく耳にするため想像が難しかった。,2026-01-23T05:39:32.467Z
932,3a9c5b23-91a5-4758-b0ae-53226269b127,B,1,5,5,"ゆっくり話していて聞きやすかった
穏やかで優しく、親しみのある声だった
自分の声を客観的に聞くことがあまりないので違和感を感じた",2026-01-23T06:09:47.830Z
933,3a9c5b23-91a5-4758-b0ae-53226269b127,B,2,5,5,"自分の声をあまり客観的に聞くことがないので違和感を感じた
優しく穏やかな声で良かった
ゆっくりで聞き取りやすかった",2026-01-23T06:12:44.810Z
934,26c04a7c-363b-40af-b5f9-f6f71c2fff59,B,1,6,7,普段、自分の声について意識することが少ないので、体の一部のはずなのに遠いもののように感じました。,2026-01-23T07:15:22.646Z
935,9143ae49-a85e-44a0-bd03-eb2d0d6d5adf,A,1,2,6,自分の声がどの様に発しているか、理解できました。他の人にどの様に聞こえているか分かりました。自分のイメージと少し離れていましたね。,2026-01-23T07:26:55.059Z
936,26c04a7c-363b-40af-b5f9-f6f71c2fff59,B,2,2,6,自分の声が記憶から遠のいて、思い出すのを難しく感じます。１回目よりは、不快感は軽減しました。,2026-01-23T07:27:30.665Z
937,8c31cd95-09d8-40c5-9981-caeaa34019c9,C,1,7,2,自分の声を録音して聞く機会が少ないので不思議な感じがした。,2026-01-23T07:31:47.530Z
938,42bb5c8a-58b6-4b11-b325-6c90f1ead0a6,D,1,1,7,"普段、自分の耳を通して聴いている声と想像の声は違うように感じています。
また、頭で考えていることと実際に話すことはべつものであると感じました。",2026-01-23T07:33:11.139Z
939,8c31cd95-09d8-40c5-9981-caeaa34019c9,C,2,3,6,普段耳で聞いてる自分の声を想起して評価するのは結構難しいと感じた。,2026-01-23T07:35:48.824Z
940,9143ae49-a85e-44a0-bd03-eb2d0d6d5adf,A,2,4,5,自分の声を改めて認識出来ました。良くも悪くも声は人との関わりに大事な機能です。声帯を有効に使って生活を豊かにしないといけません。,2026-01-23T07:36:10.610Z
941,42bb5c8a-58b6-4b11-b325-6c90f1ead0a6,D,2,1,7,"自分の声を改めて聴いてみると違和感はあまり感じませんでした。
また、想像していたよりもはっきりと聞き取ることが可能な声でした。",2026-01-23T07:36:43.640Z
942,c8de89b3-13bf-4e2c-8181-785b5df290c9,D,1,5,3,不機嫌で単調な声に感じた。その理由は、年齢的なことが大きいと感じる。年齢的に声が低くなってきた。,2026-01-23T07:50:02.127Z
943,15bad4a8-1f45-43df-a2ae-aecaca174aa3,D,1,5,4,聞き慣れているので、自分らしい声だと感じた,2026-01-23T07:53:15.816Z
944,c8de89b3-13bf-4e2c-8181-785b5df290c9,D,2,6,3,真面目であり不機嫌な声に感じた。その理由は、普段からこういう話し方をしているからだと思う。明るい性格ではないことも声に反映しているように思う。,2026-01-23T07:55:34.226Z
945,15bad4a8-1f45-43df-a2ae-aecaca174aa3,D,2,7,2,自分らしい声だと感じた,2026-01-23T07:56:00.384Z
946,54f509b0-a7bc-41f1-8272-26922605d32c,C,1,2,2,"自分の声ではない感じがする
低い声であると感じる",2026-01-23T08:43:58.875Z
947,3416d172-6106-415f-990a-d43d9d200e16,C,1,3,7,いつもこのようなトーンと滑舌で　会話をしているのだと感じた,2026-01-23T08:46:27.844Z
948,54f509b0-a7bc-41f1-8272-26922605d32c,C,2,2,6,想起することがやや困難であった,2026-01-23T08:46:41.032Z
949,3416d172-6106-415f-990a-d43d9d200e16,C,2,2,7,自分の声が　少し滑舌が悪いのだと感じた,2026-01-23T08:51:36.783Z
950,8e783601-cfeb-45ca-add2-8d453e847a58,D,1,4,5,自分が想像していたより若く感じられました。,2026-01-23T09:28:55.004Z
951,8e783601-cfeb-45ca-add2-8d453e847a58,D,2,6,4,自分が想像していたより若く感じられました。,2026-01-23T09:30:54.042Z
952,a26cbcfb-817b-4f6a-bf6b-8e16854f60cd,D,1,5,3,舌足らずで滑舌が悪い、しかし聞き慣れた声だと思いました。今に始まった事ではないので脳内再生しやすかったです。,2026-01-23T10:24:18.342Z
953,a26cbcfb-817b-4f6a-bf6b-8e16854f60cd,D,2,5,5,思っていたより声が高かった。自覚していたものと違った。,2026-01-23T10:46:49.979Z
954,5e47fc55-8a68-4009-bf94-e151da823d50,C,1,6,1,普段耳で聞きなれているのとほぼ一緒だったので驚きはないです。ただ自分で言うのもなんですが、しゃべり方も含めて50代の声には聞こえませんね。,2026-01-23T12:13:55.564Z
955,5e47fc55-8a68-4009-bf94-e151da823d50,C,2,5,3,最初のころよりももっとくぐもって聞こえる気がしました。そして羞恥心もはじめのころよりアップしています。,2026-01-23T12:20:35.290Z
956,e8be1ae2-7bb3-45bb-89b1-b19fd610dcb8,D,1,3,3,"普通でした。
違和感ないので。",2026-01-23T12:35:55.973Z
957,e8be1ae2-7bb3-45bb-89b1-b19fd610dcb8,D,2,4,3,"普通でした。
想像通りなので。",2026-01-23T12:38:11.777Z
958,241a84b1-e926-4d72-868b-2dcdedc0c5c2,C,1,5,5,文章を読んで録音することがなく、声が自分の声ではないよう感じだったし棒読みだった気がする。緊張したせいもあるかもしれない。,2026-01-23T13:52:14.982Z
959,241a84b1-e926-4d72-868b-2dcdedc0c5c2,C,2,6,2,頭で感じるのはよくあるので、あまり違和感がない。,2026-01-23T14:00:48.540Z
960,23bd051d-5577-4981-85dd-e9e5390808bd,B,1,4,1,良い声も悪い声でもなく普通。,2026-01-23T14:10:54.633Z
961,23bd051d-5577-4981-85dd-e9e5390808bd,B,2,4,7,連想することの難しさを感じる。,2026-01-23T14:14:18.380Z
962,aff0d6df-6e7b-47b2-9329-d1232bab2400,C,1,2,5,"少し明瞭でないようなかんじ
どのような感情なのか掴みにくい
少しつよい言い方のように感じた",2026-01-23T16:02:45.918Z
963,aff0d6df-6e7b-47b2-9329-d1232bab2400,C,2,3,3,"立場が上の人に言っていて声に感じた
少し反抗的な感じ
楽しそうじゃない感じ",2026-01-23T16:08:09.720Z
964,8673dfb2-1b5f-4da7-8a08-a53d9dd80d63,C,1,5,6,自分の声はあまり良くないように思う。,2026-01-24T01:41:33.520Z
965,55887c3a-92e8-41e3-b27c-64f453d06ffe,D,1,5,6,あまり滑舌がよくなく、賢そうでもないが明るさがあって良いと感じた,2026-01-24T01:44:12.841Z
966,8673dfb2-1b5f-4da7-8a08-a53d9dd80d63,C,2,6,4,自分の実際の声よりは美化していると思う。,2026-01-24T01:45:03.220Z
967,55887c3a-92e8-41e3-b27c-64f453d06ffe,D,2,7,6,自分で想像していた声よりも穏やかな声だった,2026-01-24T01:49:21.056Z
968,7f0a3c9d-a42b-4415-b46f-75171489eb2f,D,1,3,5,普段慣れない文章のせいか不思議な感じを持っていることが多いのと人に説明している文章な気がしたため理解を求めているようなイメージになった。,2026-01-24T06:09:32.973Z
969,7f0a3c9d-a42b-4415-b46f-75171489eb2f,D,2,5,5,声を聴くと淡々としているため、言っていることは問題ないかなという印象を持った。,2026-01-24T06:12:57.688Z
970,e9632a94-25c3-4f8c-8e77-8792d79e2473,C,1,3,6,"自分の声を自分で評価する経験がないので、難しかった。
決められた分を音読することがこの頃ないので、難しかった。",2026-01-24T06:40:12.078Z
971,e9632a94-25c3-4f8c-8e77-8792d79e2473,C,2,6,2,頭のなかでは常に最善の声が流れるため、簡単だった。,2026-01-24T06:42:54.627Z
972,0e5c9c56-5c20-4221-83e3-83b48a56f3a0,D,1,6,6,低め，すでに読み上げたことがあるから，その音声を思い出したのだと思います．,2026-01-26T06:42:42.854Z
973,0e5c9c56-5c20-4221-83e3-83b48a56f3a0,D,2,6,3,思ったほど不快じゃない,2026-01-26T06:46:14.890Z
