trial_row_id,participant_id,group_code,phase,trial_index,block_index,sentence_id,condition,audio_file_id,desirability_1_7,valence_1_7,discomfort_1_7,comfort_1_7,self_likeness_1_7,familiarity_1_7,eerie_1_7,strange_1_7,descriptors_text,stimulus_start,stimulus_end,rating_start,rating_submit,rt_ms,created_at
1,be8f8798-1099-4696-9508-17d7d9cb8dc7,C,main,1,1,8,audio,498a35e3-73f0-43f8-a18c-741bd6c60ed9,2,4,3,5,3,3,4,3,ほげほげ，ほげ，ほげ,2026-01-20T08:16:26.143Z,2026-01-20T08:16:27.278Z,2026-01-20T08:16:27.783Z,2026-01-20T08:17:13.055Z,45272,2026-01-20T08:17:13.572Z
2,be8f8798-1099-4696-9508-17d7d9cb8dc7,C,main,2,1,6,audio,736ba598-2e0e-4f9a-9df2-e0775950c6e0,2,3,4,4,5,4,3,2,あ，あ，あ,2026-01-20T08:17:14.615Z,2026-01-20T08:17:15.862Z,2026-01-20T08:17:16.327Z,2026-01-20T08:17:28.384Z,12057,2026-01-20T08:17:28.455Z
3,be8f8798-1099-4696-9508-17d7d9cb8dc7,C,main,3,2,6,image,,2,3,2,6,2,5,4,2,あかるい，こもる，早口,2026-01-20T08:17:35.478Z,2026-01-20T08:17:38.483Z,2026-01-20T08:17:39.143Z,2026-01-20T08:17:59.327Z,20184,2026-01-20T08:17:59.407Z
4,be8f8798-1099-4696-9508-17d7d9cb8dc7,C,main,4,2,8,image,,6,5,4,4,3,2,1,2,あかるい，こもる，早口,2026-01-20T08:17:59.369Z,2026-01-20T08:18:02.370Z,2026-01-20T08:18:02.679Z,2026-01-20T08:18:11.152Z,8473,2026-01-20T08:18:11.225Z
5,1b760647-ad3e-41b6-a01b-8583b2c51fb4,C,main,1,1,4,audio,c2574ef3-4e8a-4465-bbc5-c314904d660f,3,3,3,5,5,3,1,1,やや高い，噛み，可もなく不可もなく,2026-01-20T09:28:50.257Z,2026-01-20T09:28:57.745Z,2026-01-20T09:28:59.905Z,2026-01-20T09:31:13.822Z,133917,2026-01-20T09:31:14.102Z
6,1b760647-ad3e-41b6-a01b-8583b2c51fb4,C,main,2,1,6,audio,d2ab4d7b-7b6e-4ac1-a1b6-824b82bb5972,3,4,4,4,5,3,1,1,舌足らず，しりすぼみ，やや緊張,2026-01-20T09:31:16.437Z,2026-01-20T09:31:21.805Z,2026-01-20T09:31:23.850Z,2026-01-20T09:33:29.347Z,125497,2026-01-20T09:33:29.637Z
7,1b760647-ad3e-41b6-a01b-8583b2c51fb4,C,main,3,2,4,image,,5,5,2,6,5,6,1,1,"活舌が良い，早口，落ち着いている，思慮深い
",2026-01-20T09:34:34.479Z,2026-01-20T09:34:37.481Z,2026-01-20T09:34:46.333Z,2026-01-20T09:35:53.682Z,67349,2026-01-20T09:35:53.889Z
8,1b760647-ad3e-41b6-a01b-8583b2c51fb4,C,main,4,2,6,image,,5,5,2,6,3,6,1,1,平静，舌足らず，力強い,2026-01-20T09:35:53.731Z,2026-01-20T09:35:56.736Z,2026-01-20T09:36:05.137Z,2026-01-20T09:37:31.647Z,86510,2026-01-20T09:37:31.836Z
11,018b48c3-9429-4537-b166-5dcc93969986,C,main,1,1,8,audio,cb6e6589-69dc-416b-816c-e74f89290687,6,5,1,7,6,6,3,1,落ち着いた，冷静な，中立な,2026-01-20T11:00:55.939Z,2026-01-20T11:01:01.760Z,2026-01-20T11:01:04.455Z,2026-01-20T11:01:42.479Z,38024,2026-01-20T11:01:42.601Z
12,018b48c3-9429-4537-b166-5dcc93969986,C,main,2,1,2,audio,f92e7199-f532-45b8-a8d5-f146025b64d9,7,7,1,7,2,1,1,1,冷静な，中立な，か細い,2026-01-20T11:01:43.894Z,2026-01-20T11:01:49.099Z,2026-01-20T11:01:49.824Z,2026-01-20T11:02:24.645Z,34821,2026-01-20T11:02:24.751Z
13,b21b35d0-a040-4aa4-a5a3-cfd522bd55e2,D,main,1,1,3,image,,5,4,1,7,7,5,1,1,普通の，落ち着いた，平常の,2026-01-20T11:01:27.045Z,2026-01-20T11:01:30.046Z,2026-01-20T11:01:38.405Z,2026-01-20T11:03:21.287Z,102882,2026-01-20T11:03:22.541Z
14,018b48c3-9429-4537-b166-5dcc93969986,C,main,3,2,2,image,,3,2,5,3,6,6,6,1,くぐもった，太い，低い,2026-01-20T11:03:18.747Z,2026-01-20T11:03:21.749Z,2026-01-20T11:03:29.484Z,2026-01-20T11:04:15.973Z,46489,2026-01-20T11:04:16.081Z
15,018b48c3-9429-4537-b166-5dcc93969986,C,main,4,2,8,image,,2,2,3,5,5,7,5,1,くぐもった，太い，低い,2026-01-20T11:04:16.039Z,2026-01-20T11:04:19.041Z,2026-01-20T11:04:22.473Z,2026-01-20T11:04:46.993Z,24520,2026-01-20T11:04:47.101Z
16,b21b35d0-a040-4aa4-a5a3-cfd522bd55e2,D,main,2,1,6,image,,4,4,1,7,7,5,1,1,まじめな，前向きな，おだやかな,2026-01-20T11:03:21.333Z,2026-01-20T11:03:24.333Z,2026-01-20T11:03:32.701Z,2026-01-20T11:05:04.986Z,92285,2026-01-20T11:05:06.237Z
17,b21b35d0-a040-4aa4-a5a3-cfd522bd55e2,D,main,3,2,6,audio,ea82e01f-16d1-4c42-aee5-1f26afc8cf3d,4,4,2,6,6,5,2,3,鼻の詰まった，低い，落ち着いた,2026-01-20T11:05:54.079Z,2026-01-20T11:05:58.741Z,2026-01-20T11:05:59.443Z,2026-01-20T11:07:12.217Z,72774,2026-01-20T11:07:13.484Z
18,b21b35d0-a040-4aa4-a5a3-cfd522bd55e2,D,main,4,2,3,audio,1a321eba-c957-4740-9416-95be671f8c05,5,5,1,7,6,5,2,2,普通の，棒読みな，抑揚のない,2026-01-20T11:07:13.488Z,2026-01-20T11:07:17.730Z,2026-01-20T11:07:18.764Z,2026-01-20T11:08:59.249Z,100485,2026-01-20T11:09:00.497Z
19,c1fff809-97d2-4226-be9e-43e11ab741aa,D,main,1,1,3,image,,4,4,2,6,5,3,5,4,"低い
よどんでいる
均一",2026-01-20T12:05:17.138Z,2026-01-20T12:05:20.145Z,2026-01-20T12:05:30.340Z,2026-01-20T12:08:01.409Z,151069,2026-01-20T12:08:05.247Z
20,c1fff809-97d2-4226-be9e-43e11ab741aa,D,main,2,1,2,image,,5,6,3,5,4,4,2,3,"低い
なめらか
無表情",2026-01-20T12:08:01.643Z,2026-01-20T12:08:04.645Z,2026-01-20T12:08:12.799Z,2026-01-20T12:09:11.989Z,59190,2026-01-20T12:09:15.646Z
21,c1fff809-97d2-4226-be9e-43e11ab741aa,D,main,3,2,3,audio,667f80fe-07ab-4770-bf92-1be1724469a3,4,5,3,5,3,3,3,3,"素朴
低い
滑舌が悪め",2026-01-20T12:09:59.312Z,2026-01-20T12:10:07.511Z,2026-01-20T12:10:09.046Z,2026-01-20T12:11:39.161Z,90115,2026-01-20T12:11:42.829Z
22,c1fff809-97d2-4226-be9e-43e11ab741aa,D,main,4,2,2,audio,0319bc3c-56c5-435c-aaad-08225dff8ddc,5,5,2,6,6,5,3,3,"明瞭
低め
早口",2026-01-20T12:11:40.272Z,2026-01-20T12:11:46.397Z,2026-01-20T12:11:46.819Z,2026-01-20T12:12:15.911Z,29092,2026-01-20T12:12:19.564Z
23,721d4b26-4e58-4cbb-86fe-13c299007e2f,D,main,1,1,6,image,,5,5,2,6,5,5,1,1,"中立
男性
自然",2026-01-20T12:17:45.852Z,2026-01-20T12:17:48.857Z,2026-01-20T12:18:09.840Z,2026-01-20T12:19:15.912Z,66072,2026-01-20T12:19:16.201Z
24,721d4b26-4e58-4cbb-86fe-13c299007e2f,D,main,2,1,3,image,,5,5,1,7,6,1,1,1,"中立
自然
男性",2026-01-20T12:19:16.261Z,2026-01-20T12:19:19.265Z,2026-01-20T12:19:20.940Z,2026-01-20T12:19:47.146Z,26206,2026-01-20T12:19:47.419Z
25,721d4b26-4e58-4cbb-86fe-13c299007e2f,D,main,3,2,6,audio,8c908d5e-0804-4797-a9cc-0f50a026a1bb,3,3,5,3,4,4,4,4,"男性
幼い
高い",2026-01-20T12:20:26.891Z,2026-01-20T12:20:29.872Z,2026-01-20T12:20:30.871Z,2026-01-20T12:21:14.099Z,43228,2026-01-20T12:21:14.418Z
26,721d4b26-4e58-4cbb-86fe-13c299007e2f,D,main,4,2,3,audio,cfe6b5c8-89bc-4065-a98e-dcbc38f234c5,3,3,3,5,3,4,4,4,"男性
幼い
違和感",2026-01-20T12:21:15.515Z,2026-01-20T12:21:18.576Z,2026-01-20T12:21:19.364Z,2026-01-20T12:21:49.232Z,29868,2026-01-20T12:21:49.682Z
27,5c1b6e8a-63f4-41d6-b917-7ee05fcd6d90,C,main,1,1,7,audio,6fbe7a45-7dea-42dc-9fbe-90a53801c2c3,3,2,5,3,5,6,4,2,"おそい
不安げ
めりはりがない",2026-01-20T15:51:30.194Z,2026-01-20T15:51:35.148Z,2026-01-20T15:51:38.268Z,2026-01-20T15:54:06.875Z,148607,2026-01-20T15:54:07.030Z
28,5c1b6e8a-63f4-41d6-b917-7ee05fcd6d90,C,main,2,1,4,audio,c7afc787-a925-4501-b565-d903499cf7e3,4,4,3,5,5,5,2,2,"はきはき
明るい
ちょうど良い",2026-01-20T15:54:10.269Z,2026-01-20T15:54:16.245Z,2026-01-20T15:54:17.941Z,2026-01-20T15:55:05.087Z,47146,2026-01-20T15:55:05.177Z
29,5c1b6e8a-63f4-41d6-b917-7ee05fcd6d90,C,main,3,2,7,image,,5,5,2,6,6,3,2,2,"明るい
はきはきしている
早口",2026-01-20T15:57:00.383Z,2026-01-20T15:57:03.387Z,2026-01-20T15:57:14.796Z,2026-01-20T15:58:33.757Z,78961,2026-01-20T15:58:33.896Z
30,5c1b6e8a-63f4-41d6-b917-7ee05fcd6d90,C,main,4,2,4,image,,6,2,2,6,4,3,2,2,"明るい
きれい
調子がいい",2026-01-20T15:58:33.910Z,2026-01-20T15:58:36.913Z,2026-01-20T15:58:41.759Z,2026-01-20T15:59:11.666Z,29907,2026-01-20T15:59:11.773Z
31,4632b249-77b7-453d-8099-7ecd1f947d64,A,main,1,1,1,audio,987f4a83-0e34-4d41-aaa7-990712d22caa,5,3,5,3,6,5,2,3,"低い
鈍い
遅い",2026-01-20T16:07:04.090Z,2026-01-20T16:07:11.084Z,2026-01-20T16:07:13.726Z,2026-01-20T16:08:44.886Z,91160,2026-01-20T16:08:45.062Z
32,4632b249-77b7-453d-8099-7ecd1f947d64,A,main,2,1,2,audio,bd1023cd-14b8-4035-9f38-a2a0f56762ea,5,4,6,2,6,6,2,2,"うれしい
遅い
前向きな",2026-01-20T16:08:47.085Z,2026-01-20T16:08:53.052Z,2026-01-20T16:08:54.221Z,2026-01-20T16:10:19.298Z,85077,2026-01-20T16:10:19.494Z
33,4632b249-77b7-453d-8099-7ecd1f947d64,A,main,3,2,1,audio,987f4a83-0e34-4d41-aaa7-990712d22caa,4,5,2,6,7,6,2,2,"普通
親しみ
遅い",2026-01-20T16:11:24.996Z,2026-01-20T16:11:31.984Z,2026-01-20T16:11:34.666Z,2026-01-20T16:13:02.175Z,87509,2026-01-20T16:13:02.330Z
34,4632b249-77b7-453d-8099-7ecd1f947d64,A,main,4,2,2,audio,bd1023cd-14b8-4035-9f38-a2a0f56762ea,5,5,2,6,6,6,1,1,"普通
低い
太い",2026-01-20T16:13:03.860Z,2026-01-20T16:13:09.824Z,2026-01-20T16:13:10.730Z,2026-01-20T16:13:57.387Z,46657,2026-01-20T16:13:57.800Z
35,9280b0f5-36ae-4fae-9a50-4eac661e75f5,C,main,1,1,7,audio,429a26cb-5b97-49c0-9a8b-939a6b5187b5,1,1,7,1,4,1,5,5,"不安さ
自信のなさ
さびしさ",2026-01-21T07:51:28.465Z,2026-01-21T07:51:33.243Z,2026-01-21T07:51:34.471Z,2026-01-21T07:52:09.970Z,35499,2026-01-21T07:52:10.088Z
36,9280b0f5-36ae-4fae-9a50-4eac661e75f5,C,main,2,1,6,audio,54062479-2b79-47c0-b378-07b8878b182d,3,2,3,5,6,5,3,5,"かたい
真剣
真面目",2026-01-21T07:52:11.844Z,2026-01-21T07:52:16.197Z,2026-01-21T07:52:16.984Z,2026-01-21T07:52:41.312Z,24328,2026-01-21T07:52:41.427Z
37,edcce918-507d-49ef-9ec6-8d882e4e28c6,A,main,1,1,5,audio,f40836b7-012b-45ec-a54f-d9cbc2c2787a,4,6,1,7,7,6,1,1,"自分らしい, 好き, 誇りに思う",2026-01-21T07:51:54.347Z,2026-01-21T07:52:00.406Z,2026-01-21T07:52:01.276Z,2026-01-21T07:52:44.310Z,43034,2026-01-21T07:52:44.326Z
38,edcce918-507d-49ef-9ec6-8d882e4e28c6,A,main,2,1,2,audio,b1ff2003-a9cf-4e60-8dd8-dd56c1140dde,5,6,1,7,7,7,1,1,"親しい, 自分らしい, なじみがある",2026-01-21T07:52:45.358Z,2026-01-21T07:52:50.557Z,2026-01-21T07:52:50.928Z,2026-01-21T07:53:12.258Z,21330,2026-01-21T07:53:12.273Z
39,3bc33595-bbff-4ab3-bf81-39c28c7b50ef,D,main,1,1,8,image,,6,5,2,6,6,5,1,3,ハキハキ，優しい，しっかり,2026-01-21T07:52:02.782Z,2026-01-21T07:52:05.784Z,2026-01-21T07:52:11.354Z,2026-01-21T07:53:17.739Z,66385,2026-01-21T07:53:17.830Z
40,9280b0f5-36ae-4fae-9a50-4eac661e75f5,C,main,3,2,6,image,,6,5,3,5,5,5,5,6,"かたさ
詫びしさ
緊張",2026-01-21T07:53:17.499Z,2026-01-21T07:53:20.502Z,2026-01-21T07:53:22.201Z,2026-01-21T07:53:45.062Z,22861,2026-01-21T07:53:45.082Z
41,a37f4fd3-2cd6-4783-8337-c7d7d27f41a3,B,main,1,1,3,image,,3,3,2,6,5,5,2,3,"落ち着き
低い
ゆっくり",2026-01-21T07:52:26.256Z,2026-01-21T07:52:29.259Z,2026-01-21T07:52:50.597Z,2026-01-21T07:53:57.430Z,66833,2026-01-21T07:53:58.809Z
42,edcce918-507d-49ef-9ec6-8d882e4e28c6,A,main,3,2,2,audio,b1ff2003-a9cf-4e60-8dd8-dd56c1140dde,5,6,1,7,7,7,1,1,"親しい, 自分らしい, 誇りに思う",2026-01-21T07:53:31.915Z,2026-01-21T07:53:37.106Z,2026-01-21T07:53:37.440Z,2026-01-21T07:54:03.742Z,26302,2026-01-21T07:54:03.761Z
43,3bc33595-bbff-4ab3-bf81-39c28c7b50ef,D,main,2,1,7,image,,6,6,2,6,6,7,1,2,聞きやすく，ハキハキ，美声,2026-01-21T07:53:17.784Z,2026-01-21T07:53:20.786Z,2026-01-21T07:53:22.560Z,2026-01-21T07:54:17.993Z,55433,2026-01-21T07:54:18.076Z
44,9280b0f5-36ae-4fae-9a50-4eac661e75f5,C,main,4,2,7,image,,5,2,6,2,5,5,6,1,"親しみ
安心
同じ",2026-01-21T07:53:45.102Z,2026-01-21T07:53:48.105Z,2026-01-21T07:53:51.082Z,2026-01-21T07:54:18.179Z,27097,2026-01-21T07:54:18.317Z
46,edcce918-507d-49ef-9ec6-8d882e4e28c6,A,main,4,2,5,audio,f40836b7-012b-45ec-a54f-d9cbc2c2787a,5,7,1,7,7,6,1,1,"自分らしい, 聞きやすい, 親しい",2026-01-21T07:54:05.085Z,2026-01-21T07:54:11.126Z,2026-01-21T07:54:11.504Z,2026-01-21T07:54:34.422Z,22918,2026-01-21T07:54:34.443Z
47,3dbc349b-06d7-4858-a25b-e869815bfb4c,D,main,1,1,7,image,,2,3,1,7,1,1,2,5,"不気味さ
不快さ
悲しさ",2026-01-21T07:53:28.244Z,2026-01-21T07:53:31.253Z,2026-01-21T07:53:41.064Z,2026-01-21T07:54:38.166Z,57102,2026-01-21T07:54:38.327Z
48,10eaaa5a-7e40-4dcf-bbce-15eacb80f21c,C,main,1,1,2,audio,0f918c68-5266-4d39-91d6-afe3336c3463,1,1,1,7,5,2,7,7,"気持ち悪い,ハッキリしない,合わない",2026-01-21T07:53:48.768Z,2026-01-21T07:53:55.243Z,2026-01-21T07:53:55.967Z,2026-01-21T07:54:39.609Z,43642,2026-01-21T07:54:39.702Z
49,e9156bda-5dfc-475c-bf9e-cc38146f91b0,D,main,1,1,6,image,,4,4,4,4,5,4,4,5,低い，理屈っぽい，揺らぎ,2026-01-21T07:53:38.952Z,2026-01-21T07:53:41.954Z,2026-01-21T07:53:45.085Z,2026-01-21T07:54:47.387Z,62302,2026-01-21T07:54:48.384Z
50,10eaaa5a-7e40-4dcf-bbce-15eacb80f21c,C,main,2,1,1,audio,8c9ce43c-062a-4032-b2b3-72937d3aec1b,1,1,7,1,7,5,7,7,"ゾっとする,身の毛がよだつ,不快な",2026-01-21T07:54:40.737Z,2026-01-21T07:54:48.155Z,2026-01-21T07:54:49.097Z,2026-01-21T07:55:31.442Z,42345,2026-01-21T07:55:31.541Z
51,e9156bda-5dfc-475c-bf9e-cc38146f91b0,D,main,2,1,7,image,,3,3,3,5,4,4,3,4,低い，小さい，通らない,2026-01-21T07:54:47.436Z,2026-01-21T07:54:50.438Z,2026-01-21T07:54:51.997Z,2026-01-21T07:55:34.059Z,42062,2026-01-21T07:55:35.054Z
52,a37f4fd3-2cd6-4783-8337-c7d7d27f41a3,B,main,2,1,6,image,,4,3,2,6,4,4,2,3,"低い
軽い
下手な",2026-01-21T07:53:57.959Z,2026-01-21T07:54:00.962Z,2026-01-21T07:54:07.004Z,2026-01-21T07:55:51.728Z,104724,2026-01-21T07:55:53.110Z
53,3dbc349b-06d7-4858-a25b-e869815bfb4c,D,main,2,1,3,image,,2,1,4,4,2,1,4,4,"切なさ
悲しさ
不気味さ",2026-01-21T07:54:38.225Z,2026-01-21T07:54:41.229Z,2026-01-21T07:54:44.809Z,2026-01-21T07:55:54.481Z,69672,2026-01-21T07:55:54.644Z
54,3bc33595-bbff-4ab3-bf81-39c28c7b50ef,D,main,3,2,8,audio,07521266-3552-4ea1-a7bc-424690769c9f,3,3,2,6,3,2,6,7,低い，滑舌悪い，感情がない,2026-01-21T07:55:12.349Z,2026-01-21T07:55:17.112Z,2026-01-21T07:55:18.145Z,2026-01-21T07:55:54.612Z,36467,2026-01-21T07:55:54.701Z
55,e58ea172-366c-49bd-9ca9-bc35af9d16c6,C,main,1,1,6,audio,dfb808b9-2e19-49be-accd-17bd0ae2152c,3,4,4,4,6,5,2,2,"子どもっぽい,明瞭ではない,賢そうでない",2026-01-21T07:53:37.781Z,2026-01-21T07:53:42.543Z,2026-01-21T07:53:47.095Z,2026-01-21T07:56:08.109Z,141014,2026-01-21T07:56:09.113Z
56,b33fb81a-3126-49d2-bc69-c5123eba1c13,D,main,1,1,3,image,,3,5,6,2,5,7,5,2,渋い，こもった，弱々しい,2026-01-21T07:54:10.870Z,2026-01-21T07:54:13.871Z,2026-01-21T07:54:16.789Z,2026-01-21T07:56:25.437Z,128648,2026-01-21T07:56:25.800Z
57,3175e2af-4736-4a87-b3b9-9f0b2a9aa2b1,A,main,1,1,1,audio,c9328631-de86-4838-a493-8c409255d064,1,1,1,7,3,2,6,7,怖い，暗い，辛そう,2026-01-21T07:54:26.632Z,2026-01-21T07:54:33.917Z,2026-01-21T07:54:34.955Z,2026-01-21T07:56:28.028Z,113073,2026-01-21T07:56:29.145Z
58,06305435-9d1d-4454-a619-189b7e117014,B,main,1,1,1,image,,5,5,1,7,5,5,1,1,安心，自分，安定,2026-01-21T07:54:24.887Z,2026-01-21T07:54:27.890Z,2026-01-21T07:54:38.399Z,2026-01-21T07:56:32.318Z,113919,2026-01-21T07:56:32.467Z
59,0d92934b-0601-47d5-8ab7-4163b34bb265,B,main,1,1,3,image,,5,5,4,4,5,5,2,4,"安定
疑問
一定",2026-01-21T07:55:38.327Z,2026-01-21T07:55:41.328Z,2026-01-21T07:55:45.838Z,2026-01-21T07:56:53.590Z,67752,2026-01-21T07:56:53.966Z
60,3bc33595-bbff-4ab3-bf81-39c28c7b50ef,D,main,4,2,7,audio,50d143de-82b0-43dc-b470-e5d077fbc9f8,3,2,5,3,3,3,6,6,棒読み，不自然，緊張,2026-01-21T07:55:55.765Z,2026-01-21T07:56:00.611Z,2026-01-21T07:56:01.227Z,2026-01-21T07:56:58.238Z,57011,2026-01-21T07:56:58.330Z
61,e58ea172-366c-49bd-9ca9-bc35af9d16c6,C,main,2,1,7,audio,f976bfd7-c0f2-4023-9f64-d77e7d53f1b3,4,4,2,6,5,6,2,2,"のんびりしている,何も考えてなさそう,賢そうでない",2026-01-21T07:56:11.407Z,2026-01-21T07:56:16.325Z,2026-01-21T07:56:17.294Z,2026-01-21T07:57:00.095Z,42801,2026-01-21T07:57:00.301Z
62,d7a9f89e-80b7-45bf-9aed-26fdc9c59b36,C,main,1,1,2,audio,290e09a9-e1b8-4940-b45a-86ae5f3cf820,3,3,4,4,3,3,4,4,暗い，面白みがない，代わり映えがない，低い，悲しい，寂しい，,2026-01-21T07:53:35.109Z,2026-01-21T07:53:40.445Z,2026-01-21T07:53:41.976Z,2026-01-21T07:57:04.076Z,202100,2026-01-21T07:57:04.692Z
63,3b079d11-1927-44cc-a075-279caa00b98b,D,main,1,1,6,image,,5,4,1,7,6,5,2,2,"大きい
低い
明るい",2026-01-21T07:54:39.067Z,2026-01-21T07:54:42.069Z,2026-01-21T07:54:54.868Z,2026-01-21T07:57:07.388Z,132520,2026-01-21T07:57:07.592Z
64,3175e2af-4736-4a87-b3b9-9f0b2a9aa2b1,A,main,2,1,4,audio,c90bc7cd-477d-4b43-af1d-fa088ce312ce,1,1,1,7,2,3,7,5,聞こえない，怖い，不気味,2026-01-21T07:56:31.312Z,2026-01-21T07:56:37.479Z,2026-01-21T07:56:38.409Z,2026-01-21T07:57:07.192Z,28783,2026-01-21T07:57:08.257Z
65,e9156bda-5dfc-475c-bf9e-cc38146f91b0,D,main,3,2,6,audio,31f5bc17-d687-4795-acc1-730ecbad7bc5,3,3,5,3,4,4,4,5,低い，揺らいでいる，理屈っぽい,2026-01-21T07:56:29.786Z,2026-01-21T07:56:35.424Z,2026-01-21T07:56:36.443Z,2026-01-21T07:57:20.212Z,43769,2026-01-21T07:57:21.305Z
66,29d237f4-73ca-448a-be76-5183959a563d,A,main,1,1,1,audio,1c1819af-a6c5-447f-aaab-eb6d2d23d3fa,4,4,1,7,2,2,1,4,"甘ったるい
明るい
元気な",2026-01-21T07:55:52.331Z,2026-01-21T07:55:58.197Z,2026-01-21T07:56:01.530Z,2026-01-21T07:57:22.282Z,80752,2026-01-21T07:57:22.704Z
67,b33fb81a-3126-49d2-bc69-c5123eba1c13,D,main,2,1,5,image,,2,3,6,2,5,3,6,4,耳障りな，寂し気な，一本調子,2026-01-21T07:56:25.665Z,2026-01-21T07:56:28.667Z,2026-01-21T07:56:30.564Z,2026-01-21T07:57:36.124Z,65560,2026-01-21T07:57:36.295Z
68,10eaaa5a-7e40-4dcf-bbce-15eacb80f21c,C,main,3,2,2,image,,6,6,2,6,5,3,2,2,"爽やか,爽快,スッキリした",2026-01-21T07:56:38.177Z,2026-01-21T07:56:41.178Z,2026-01-21T07:56:46.307Z,2026-01-21T07:57:40.965Z,54658,2026-01-21T07:57:41.058Z
69,06305435-9d1d-4454-a619-189b7e117014,B,main,2,1,8,image,,6,6,1,7,6,6,1,1,安定，自分，普通,2026-01-21T07:56:32.487Z,2026-01-21T07:56:35.490Z,2026-01-21T07:56:40.585Z,2026-01-21T07:57:42.777Z,62192,2026-01-21T07:57:42.939Z
70,e9156bda-5dfc-475c-bf9e-cc38146f91b0,D,main,4,2,7,audio,227bc155-8500-4dd3-adc8-5d0f54db307a,3,4,4,4,4,3,4,4,低い，揺らいでいる，理屈っぽい,2026-01-21T07:57:21.931Z,2026-01-21T07:57:26.773Z,2026-01-21T07:57:27.409Z,2026-01-21T07:57:44.574Z,17165,2026-01-21T07:57:45.569Z
71,acb880ec-9167-47d4-9e36-125ab3b9396a,D,main,1,1,5,image,,5,5,2,6,6,6,2,3,"早口,しどろもどろ,軽い",2026-01-21T07:56:30.906Z,2026-01-21T07:56:33.907Z,2026-01-21T07:56:44.893Z,2026-01-21T07:57:54.545Z,69652,2026-01-21T07:57:55.227Z
72,48c1afdf-2a63-44d0-8398-f0c96823253e,A,main,1,1,2,audio,ccac302f-f4a6-47a4-83b1-7b224355609d,4,2,2,6,6,7,3,2,"冷静
淡々
真面目",2026-01-21T07:56:14.751Z,2026-01-21T07:56:20.895Z,2026-01-21T07:56:23.404Z,2026-01-21T07:58:00.090Z,96686,2026-01-21T07:57:58.244Z
73,a37f4fd3-2cd6-4783-8337-c7d7d27f41a3,B,main,3,2,6,image,,5,4,2,6,5,5,2,2,"やる気
明るい
低い",2026-01-21T07:57:23.801Z,2026-01-21T07:57:26.803Z,2026-01-21T07:57:32.850Z,2026-01-21T07:58:01.876Z,29026,2026-01-21T07:58:03.248Z
74,67b7d834-4c11-4ae4-a110-c076834915e9,C,main,1,1,8,audio,649f7153-2963-49bc-b745-3c51edb37c72,3,5,2,6,6,5,1,1,"女性的
流暢
抑揚",2026-01-21T07:57:01.590Z,2026-01-21T07:57:07.299Z,2026-01-21T07:57:07.960Z,2026-01-21T07:58:04.371Z,56411,2026-01-21T07:58:04.635Z
75,29d237f4-73ca-448a-be76-5183959a563d,A,main,2,1,2,audio,a9d2b8ae-a79c-49dd-966b-e82150cefa3f,3,4,1,7,2,2,1,5,"たどたどしい
まどろっこい
あまい",2026-01-21T07:57:24.370Z,2026-01-21T07:57:29.676Z,2026-01-21T07:57:31.554Z,2026-01-21T07:58:18.490Z,46936,2026-01-21T07:58:18.859Z
76,0d92934b-0601-47d5-8ab7-4163b34bb265,B,main,2,1,1,image,,5,5,3,5,5,5,2,4,"信頼
軽快
安堵",2026-01-21T07:56:53.631Z,2026-01-21T07:56:56.631Z,2026-01-21T07:57:04.574Z,2026-01-21T07:58:22.237Z,77663,2026-01-21T07:58:22.629Z
77,f790db99-6208-47e8-9bb6-b14434b0b2c0,D,main,1,1,2,image,,6,5,3,5,6,7,2,2,落ち着いている，親しみがある，低い声だ，,2026-01-21T07:54:44.152Z,2026-01-21T07:54:47.161Z,2026-01-21T07:54:51.191Z,2026-01-21T07:58:20.498Z,209307,2026-01-21T07:58:24.471Z
78,fe6627c9-ae49-4fd4-9eaf-7ff4632e17b8,C,main,1,1,8,audio,b28added-553f-474b-b9c7-68396ef53a47,5,4,4,4,6,4,1,2,"迷う,自信がない,不安定な,つかみどころのない",2026-01-21T07:56:28.871Z,2026-01-21T07:56:36.024Z,2026-01-21T07:56:37.127Z,2026-01-21T07:58:29.227Z,112100,2026-01-21T07:58:29.057Z
79,3b079d11-1927-44cc-a075-279caa00b98b,D,main,2,1,1,image,,4,5,2,6,6,5,2,3,"低い
遅い
大きい",2026-01-21T07:57:07.542Z,2026-01-21T07:57:10.550Z,2026-01-21T07:57:20.954Z,2026-01-21T07:58:31.195Z,70241,2026-01-21T07:58:31.270Z
80,3dbc349b-06d7-4858-a25b-e869815bfb4c,D,main,3,2,7,audio,5765c5d7-5a2e-4a6a-bc39-2b8f66e38125,2,3,2,6,2,1,3,2,"いびつさ
悲しさ
せつなさ",2026-01-21T07:57:25.129Z,2026-01-21T07:57:29.211Z,2026-01-21T07:57:32.467Z,2026-01-21T07:58:32.046Z,59579,2026-01-21T07:58:32.217Z
81,e812d66e-1dd1-419e-a3cb-4d371f94bbe8,D,main,1,1,6,image,,4,4,2,6,5,6,2,3,"やわらかい
まるい
やや高い",2026-01-21T07:57:09.881Z,2026-01-21T07:57:12.882Z,2026-01-21T07:57:21.797Z,2026-01-21T07:58:37.096Z,75299,2026-01-21T07:58:36.494Z
82,3c345c30-1a7a-4d62-b39a-c901f7e582ee,C,main,1,1,3,audio,c97c591d-ae97-459e-8696-8730fe2dbad8,2,3,2,6,5,6,1,2,"幼稚,稚拙,幼い",2026-01-21T07:57:48.580Z,2026-01-21T07:57:52.992Z,2026-01-21T07:57:54.412Z,2026-01-21T07:58:40.205Z,45793,2026-01-21T07:58:39.352Z
84,3175e2af-4736-4a87-b3b9-9f0b2a9aa2b1,A,main,3,2,1,audio,c9328631-de86-4838-a493-8c409255d064,2,1,3,5,2,2,6,5,難しい，静か，暗い,2026-01-21T07:57:51.827Z,2026-01-21T07:57:59.107Z,2026-01-21T07:58:00.007Z,2026-01-21T07:58:42.965Z,42958,2026-01-21T07:58:44.113Z
85,67b7d834-4c11-4ae4-a110-c076834915e9,C,main,2,1,7,audio,8afcf163-c2fb-4470-b256-e5628e9f474c,4,5,1,7,5,5,1,1,"機械的
無感情
流暢",2026-01-21T07:58:06.321Z,2026-01-21T07:58:11.275Z,2026-01-21T07:58:12.188Z,2026-01-21T07:58:44.032Z,31844,2026-01-21T07:58:44.271Z
86,48c1afdf-2a63-44d0-8398-f0c96823253e,A,main,2,1,1,audio,02559c97-58e7-4304-a042-bcf6a084b83a,2,3,3,5,5,5,4,4,"汚い
拙い
鈍い",2026-01-21T07:58:02.045Z,2026-01-21T07:58:08.599Z,2026-01-21T07:58:09.479Z,2026-01-21T07:58:51.987Z,42508,2026-01-21T07:58:50.141Z
87,57d56c2c-9fde-4af2-ac67-d3335e505926,C,main,1,1,2,audio,c7e49e37-7190-437c-ba5a-8e973537706c,2,3,5,3,4,3,4,5,"違和感なく
別人
戸惑い",2026-01-21T07:57:50.856Z,2026-01-21T07:58:01.014Z,2026-01-21T07:58:01.745Z,2026-01-21T07:58:53.198Z,51453,2026-01-21T07:58:52.903Z
88,acb880ec-9167-47d4-9e36-125ab3b9396a,D,main,2,1,7,image,,6,2,2,6,6,6,2,2,"普通,早口,まっすぐ",2026-01-21T07:57:54.570Z,2026-01-21T07:57:57.572Z,2026-01-21T07:58:00.327Z,2026-01-21T07:59:02.675Z,62348,2026-01-21T07:59:03.362Z
89,d7a9f89e-80b7-45bf-9aed-26fdc9c59b36,C,main,2,1,4,audio,a94a0bf3-ecb0-45fe-bfb6-de5958e15e11,4,4,3,5,5,4,3,4,正しい，明るくはない，変ではない，寂しい，,2026-01-21T07:57:07.720Z,2026-01-21T07:57:14.114Z,2026-01-21T07:57:14.964Z,2026-01-21T07:59:07.075Z,112111,2026-01-21T07:59:07.649Z
90,a37f4fd3-2cd6-4783-8337-c7d7d27f41a3,B,main,4,2,3,image,,4,2,2,6,5,6,2,5,"好奇心
大きい
低い",2026-01-21T07:58:01.938Z,2026-01-21T07:58:04.942Z,2026-01-21T07:58:09.940Z,2026-01-21T07:59:12.603Z,62663,2026-01-21T07:59:13.976Z
91,3c345c30-1a7a-4d62-b39a-c901f7e582ee,C,main,2,1,8,audio,b525c0ca-296d-48bd-bb74-60ce60e13b5c,3,2,3,5,7,6,1,1,"幼い,幼稚,優しい",2026-01-21T07:58:41.795Z,2026-01-21T07:58:46.811Z,2026-01-21T07:58:47.458Z,2026-01-21T07:59:15.457Z,27999,2026-01-21T07:59:14.471Z
92,a60c6d23-c91e-4d6a-9b46-512bdc6c88e0,A,main,1,1,4,audio,42abcd7d-c61e-4ff8-bb3d-8ca70a3f2410,3,2,3,5,5,3,6,5,"低い、
汚い、
聞きづらい、",2026-01-21T07:57:27.651Z,2026-01-21T07:57:35.739Z,2026-01-21T07:57:37.993Z,2026-01-21T07:59:14.977Z,96984,2026-01-21T07:59:14.958Z
93,9365227a-e261-4543-913b-17fc1501890b,D,main,1,1,6,image,,4,3,4,4,5,4,4,4,"間が抜けた
覇気がない
しまりがない",2026-01-21T07:57:29.085Z,2026-01-21T07:57:32.094Z,2026-01-21T07:57:43.449Z,2026-01-21T07:59:13.138Z,89689,2026-01-21T07:59:15.075Z
94,10eaaa5a-7e40-4dcf-bbce-15eacb80f21c,C,main,4,2,1,image,,5,5,3,5,5,5,3,3,"ハッキリとした,透き通った,清々しい",2026-01-21T07:57:41.001Z,2026-01-21T07:57:44.001Z,2026-01-21T07:57:47.837Z,2026-01-21T07:59:15.574Z,87737,2026-01-21T07:59:15.668Z
95,e58ea172-366c-49bd-9ca9-bc35af9d16c6,C,main,3,2,6,image,,4,4,4,4,5,4,2,2,"落ち着いている,ゆっくりしている,のんびりしている",2026-01-21T07:58:32.207Z,2026-01-21T07:58:35.213Z,2026-01-21T07:58:44.229Z,2026-01-21T07:59:19.928Z,35699,2026-01-21T07:59:20.147Z
96,3175e2af-4736-4a87-b3b9-9f0b2a9aa2b1,A,main,4,2,4,audio,c90bc7cd-477d-4b43-af1d-fa088ce312ce,2,3,2,6,3,5,4,6,暗い，低い，おかしい,2026-01-21T07:58:45.881Z,2026-01-21T07:58:52.537Z,2026-01-21T07:58:53.953Z,2026-01-21T07:59:21.308Z,27355,2026-01-21T07:59:22.395Z
97,bef7272e-7576-4201-bd21-e0abc60bc184,C,main,1,1,7,audio,93d10a29-b01e-4dbe-b6c1-e543ada63abf,4,4,3,5,4,4,3,3,"ぼそぼそ
低い
ふつうっぽい",2026-01-21T07:57:32.294Z,2026-01-21T07:57:39.973Z,2026-01-21T07:57:41.465Z,2026-01-21T07:59:22.619Z,101154,2026-01-21T07:59:22.652Z
98,3dbc349b-06d7-4858-a25b-e869815bfb4c,D,main,4,2,3,audio,089543fd-9ccf-477d-8c07-c0326159dedf,2,3,5,3,3,3,2,2,"カッコ悪さ
ダサさ
不快さ",2026-01-21T07:58:34.798Z,2026-01-21T07:58:39.572Z,2026-01-21T07:58:43.953Z,2026-01-21T07:59:22.722Z,38769,2026-01-21T07:59:22.882Z
99,fe6627c9-ae49-4fd4-9eaf-7ff4632e17b8,C,main,2,1,1,audio,e7c9a353-3521-4f00-a637-af24e4e0702c,3,4,4,4,5,4,2,5,"幼い
不安定な
自信がなさそう
芯のない",2026-01-21T07:58:31.070Z,2026-01-21T07:58:37.622Z,2026-01-21T07:58:38.453Z,2026-01-21T07:59:31.787Z,53334,2026-01-21T07:59:31.619Z
100,57d56c2c-9fde-4af2-ac67-d3335e505926,C,main,2,1,7,audio,0453d85f-be77-496e-a503-be5fc33324bf,2,2,7,1,2,3,5,7,"不信感
情けなさ
信用度",2026-01-21T07:58:54.921Z,2026-01-21T07:59:04.991Z,2026-01-21T07:59:05.556Z,2026-01-21T07:59:44.241Z,38685,2026-01-21T07:59:43.918Z
101,00bf0cd8-daef-4be4-9988-290e28521a19,C,main,1,1,1,audio,5b941ee1-da39-445f-a1be-a0dbfcb77694,4,4,2,6,5,4,2,3,"穏やか
安定
安心",2026-01-21T07:56:46.472Z,2026-01-21T07:56:52.605Z,2026-01-21T07:56:55.522Z,2026-01-21T07:59:48.031Z,172509,2026-01-21T07:59:48.189Z
102,06305435-9d1d-4454-a619-189b7e117014,B,main,3,2,8,image,,6,6,1,7,6,6,1,1,安定，自分，安心,2026-01-21T07:59:04.118Z,2026-01-21T07:59:07.120Z,2026-01-21T07:59:11.792Z,2026-01-21T07:59:49.289Z,37497,2026-01-21T07:59:49.393Z
103,e812d66e-1dd1-419e-a3cb-4d371f94bbe8,D,main,2,1,8,image,,4,3,5,3,3,3,4,3,"うそくさい
まるい
高い",2026-01-21T07:58:37.118Z,2026-01-21T07:58:40.119Z,2026-01-21T07:58:50.411Z,2026-01-21T07:59:50.469Z,60058,2026-01-21T07:59:49.864Z
104,8b3713b7-f5b9-4fab-ae34-b9a5a0410341,D,main,1,1,2,image,,4,3,3,5,4,5,2,3,"静かな
大人しい
優しい",2026-01-21T07:58:31.123Z,2026-01-21T07:58:34.126Z,2026-01-21T07:58:40.665Z,2026-01-21T07:59:52.580Z,71915,2026-01-21T07:59:53.621Z
105,67b7d834-4c11-4ae4-a110-c076834915e9,C,main,3,2,8,image,,5,5,1,7,7,5,1,1,"女性的
感情的
流暢",2026-01-21T07:59:07.878Z,2026-01-21T07:59:10.881Z,2026-01-21T07:59:18.771Z,2026-01-21T07:59:54.040Z,35269,2026-01-21T07:59:54.359Z
106,a60c6d23-c91e-4d6a-9b46-512bdc6c88e0,A,main,2,1,1,audio,dc1ebcb1-fd2e-417b-9d10-0720e2c44c8a,3,3,5,3,4,3,6,5,"小さい
低い
聞こえにくい",2026-01-21T07:59:16.763Z,2026-01-21T07:59:24.268Z,2026-01-21T07:59:24.974Z,2026-01-21T08:00:03.629Z,38655,2026-01-21T08:00:03.625Z
107,08ab5eea-283c-43c7-a06a-c8b73040318e,D,main,1,1,3,image,,4,4,2,6,6,6,2,2,"低い
落ち着いた
安定した",2026-01-21T07:58:40.335Z,2026-01-21T07:58:43.342Z,2026-01-21T07:58:57.172Z,2026-01-21T08:00:09.708Z,72536,2026-01-21T08:00:10.104Z
108,b1b62eac-f6f0-4978-bf52-04045b5378e2,C,main,1,1,7,audio,df88e3db-c742-472b-b3db-a6fd3ed1031c,4,5,3,5,6,5,3,3,"低い,落ち着いた,ゆったりした",2026-01-21T07:58:00.037Z,2026-01-21T07:58:05.220Z,2026-01-21T07:58:11.205Z,2026-01-21T08:00:15.213Z,124008,2026-01-21T08:00:14.302Z
109,bef7272e-7576-4201-bd21-e0abc60bc184,C,main,2,1,3,audio,7a24f118-5a93-4f23-ab68-186d87aa5fbe,4,4,3,5,4,4,2,3,"ぼそぼそ
低い
標準語っぽい",2026-01-21T07:59:25.177Z,2026-01-21T07:59:31.983Z,2026-01-21T07:59:32.934Z,2026-01-21T08:00:16.374Z,43440,2026-01-21T08:00:16.393Z
110,31bc944c-965b-4c83-a8b1-dfb62b4c19ba,C,main,1,1,3,audio,b0a62338-1f40-4c67-ab43-fc6fd6451864,4,4,3,5,4,4,3,3,やわらかい，普通，クリア,2026-01-21T07:58:45.044Z,2026-01-21T07:58:50.760Z,2026-01-21T07:58:51.908Z,2026-01-21T08:00:25.323Z,93415,2026-01-21T08:00:26.137Z
111,67b7d834-4c11-4ae4-a110-c076834915e9,C,main,4,2,7,image,,6,6,1,7,7,7,1,1,"自分らしい
女性的
流暢",2026-01-21T07:59:54.389Z,2026-01-21T07:59:57.393Z,2026-01-21T07:59:58.325Z,2026-01-21T08:00:31.068Z,32743,2026-01-21T08:00:31.299Z
112,9365227a-e261-4543-913b-17fc1501890b,D,main,2,1,1,image,,3,3,3,5,4,4,4,4,"抑揚がない
事務的な
元気がない",2026-01-21T07:59:13.276Z,2026-01-21T07:59:16.278Z,2026-01-21T07:59:28.406Z,2026-01-21T08:00:29.746Z,61340,2026-01-21T08:00:31.612Z
113,3c345c30-1a7a-4d62-b39a-c901f7e582ee,C,main,3,2,8,image,,5,5,1,7,2,2,1,3,"優しい,落ち着いた,明瞭な",2026-01-21T07:59:52.938Z,2026-01-21T07:59:55.941Z,2026-01-21T07:59:59.334Z,2026-01-21T08:00:36.812Z,37478,2026-01-21T08:00:35.839Z
114,e58ea172-366c-49bd-9ca9-bc35af9d16c6,C,main,4,2,7,image,,4,4,4,4,5,5,2,2,"不明瞭, 幼稚,賢そうでない",2026-01-21T07:59:20.263Z,2026-01-21T07:59:23.269Z,2026-01-21T07:59:31.067Z,2026-01-21T08:00:36.678Z,65611,2026-01-21T08:00:36.904Z
115,0d92934b-0601-47d5-8ab7-4163b34bb265,B,main,3,2,1,image,,4,4,3,5,4,4,2,4,"不安定
信用
真面目",2026-01-21T07:59:19.933Z,2026-01-21T07:59:22.934Z,2026-01-21T07:59:27.630Z,2026-01-21T08:00:37.037Z,69407,2026-01-21T08:00:37.424Z
116,ad136139-4c46-4320-b03c-769797f9ae7d,D,main,1,1,7,image,,4,5,5,3,7,7,4,1,"落ち着いている
まったりしている
低くて太い",2026-01-21T07:58:54.169Z,2026-01-21T07:58:57.170Z,2026-01-21T07:59:01.420Z,2026-01-21T08:00:38.118Z,96698,2026-01-21T08:00:37.913Z
117,06305435-9d1d-4454-a619-189b7e117014,B,main,4,2,1,image,,6,6,1,7,6,6,1,1,温厚，安定，自分,2026-01-21T07:59:49.413Z,2026-01-21T07:59:52.414Z,2026-01-21T07:59:55.746Z,2026-01-21T08:00:39.011Z,43265,2026-01-21T08:00:39.154Z
118,8b3713b7-f5b9-4fab-ae34-b9a5a0410341,D,main,2,1,3,image,,4,5,3,5,4,5,2,3,"優しい
大人しい
物静かな",2026-01-21T07:59:53.076Z,2026-01-21T07:59:56.081Z,2026-01-21T07:59:59.859Z,2026-01-21T08:00:40.171Z,40312,2026-01-21T08:00:41.101Z
119,168b3ba9-a8ce-422f-bc9c-a862eaf8815c,D,main,1,1,5,image,,2,3,5,3,6,4,4,3,"暗い
はっきりしない
不安そう
たどたどしい",2026-01-21T07:58:26.569Z,2026-01-21T07:58:29.570Z,2026-01-21T07:58:46.592Z,2026-01-21T08:00:43.841Z,117249,2026-01-21T08:00:42.923Z
120,00bf0cd8-daef-4be4-9988-290e28521a19,C,main,2,1,7,audio,f428ee12-5ebf-4d2d-9dc7-d5fb588c75e1,4,5,2,6,4,5,2,2,"優しい
はきはき
穏やか",2026-01-21T07:59:51.963Z,2026-01-21T07:59:57.074Z,2026-01-21T07:59:58.379Z,2026-01-21T08:00:48.816Z,50437,2026-01-21T08:00:48.934Z
121,b33fb81a-3126-49d2-bc69-c5123eba1c13,D,main,3,2,3,audio,da577760-fc05-40d8-abcb-2d18b3701365,3,2,6,2,5,6,4,2,神経質な，弱い，耳障りな,2026-01-21T07:59:28.220Z,2026-01-21T07:59:32.815Z,2026-01-21T07:59:34.155Z,2026-01-21T08:00:49.717Z,75562,2026-01-21T08:00:49.890Z
122,8b17231f-31e3-4984-8444-92cd9bbd08ae,D,main,1,1,4,image,,3,3,3,5,6,6,2,2,"弱弱しい
はっきりしない
情けない声",2026-01-21T07:58:04.195Z,2026-01-21T07:58:07.197Z,2026-01-21T07:58:29.592Z,2026-01-21T08:01:09.620Z,160028,2026-01-21T08:00:52.464Z
123,f790db99-6208-47e8-9bb6-b14434b0b2c0,D,main,2,1,5,image,,6,5,2,6,7,7,3,2,リラックスしている，少し早口だ，低い声だ,2026-01-21T07:58:20.593Z,2026-01-21T07:58:23.596Z,2026-01-21T07:58:33.688Z,2026-01-21T08:00:50.020Z,136332,2026-01-21T08:00:54.064Z
124,29d237f4-73ca-448a-be76-5183959a563d,A,main,3,2,1,audio,1c1819af-a6c5-447f-aaab-eb6d2d23d3fa,4,4,1,7,2,2,1,4,"まどろっこしい
あまい
ひくい",2026-01-21T07:59:52.898Z,2026-01-21T07:59:58.778Z,2026-01-21T08:00:03.114Z,2026-01-21T08:00:54.282Z,51168,2026-01-21T08:00:54.694Z
125,22857e3a-5924-4623-8ac6-dd716ad0fb85,A,main,1,1,1,audio,af63a8fb-747d-4891-b2be-6641d4bb274e,2,3,3,5,4,3,1,1,"ゆっくり
落ち着いた
こもっている",2026-01-21T07:59:41.669Z,2026-01-21T07:59:49.148Z,2026-01-21T07:59:52.312Z,2026-01-21T08:00:56.474Z,64162,2026-01-21T08:00:57.082Z
126,f469eb14-ec00-4707-9f1f-cae9a2a2e357,B,main,1,1,7,image,,2,2,6,2,2,2,6,7,"弱弱しい,暗い,活舌が悪い",2026-01-21T08:00:19.459Z,2026-01-21T08:00:22.459Z,2026-01-21T08:00:24.862Z,2026-01-21T08:00:57.842Z,32980,2026-01-21T08:00:58.734Z
127,38ea75b2-017b-40b4-afb3-32c3ef94ce2c,D,main,1,1,4,image,,3,2,3,5,3,3,4,5,"低い
暗い
重い",2026-01-21T07:59:52.586Z,2026-01-21T07:59:55.587Z,2026-01-21T08:00:17.494Z,2026-01-21T08:01:00.866Z,43372,2026-01-21T08:01:00.024Z
128,3c345c30-1a7a-4d62-b39a-c901f7e582ee,C,main,4,2,3,image,,7,5,1,7,3,2,1,2,"落ち着いた,大人の,明確な",2026-01-21T08:00:36.886Z,2026-01-21T08:00:39.888Z,2026-01-21T08:00:41.959Z,2026-01-21T08:01:08.235Z,26276,2026-01-21T08:01:07.253Z
129,08ab5eea-283c-43c7-a06a-c8b73040318e,D,main,2,1,6,image,,4,5,2,6,5,6,2,2,"前向きな
落ち着いた
低い",2026-01-21T08:00:09.777Z,2026-01-21T08:00:12.785Z,2026-01-21T08:00:17.477Z,2026-01-21T08:01:14.296Z,56819,2026-01-21T08:01:14.669Z
130,acb880ec-9167-47d4-9e36-125ab3b9396a,D,main,3,2,5,audio,4a445754-c2b8-4b3d-9d74-9471a5b243ee,5,2,2,6,6,6,2,2,"つっかえ,しどろもどろ,軽い",2026-01-21T08:00:18.427Z,2026-01-21T08:00:26.598Z,2026-01-21T08:00:27.562Z,2026-01-21T08:01:16.395Z,48833,2026-01-21T08:01:17.086Z
131,ad136139-4c46-4320-b03c-769797f9ae7d,D,main,2,1,3,image,,5,5,5,3,7,6,5,1,"ハスキーボイス
のんびりしている
深みがある",2026-01-21T08:00:38.154Z,2026-01-21T08:00:41.156Z,2026-01-21T08:00:41.657Z,2026-01-21T08:01:23.460Z,41803,2026-01-21T08:01:23.249Z
132,57d56c2c-9fde-4af2-ac67-d3335e505926,C,main,3,2,7,image,,3,5,5,3,4,3,6,7,"違和感
不気味
別人",2026-01-21T08:00:53.865Z,2026-01-21T08:00:56.868Z,2026-01-21T08:00:57.993Z,2026-01-21T08:01:25.395Z,27402,2026-01-21T08:01:25.036Z
133,48c1afdf-2a63-44d0-8398-f0c96823253e,A,main,3,2,2,audio,ccac302f-f4a6-47a4-83b1-7b224355609d,4,3,4,4,6,5,3,3,"鈍い
冷静
明るい",2026-01-21T08:00:36.159Z,2026-01-21T08:00:42.300Z,2026-01-21T08:00:43.351Z,2026-01-21T08:01:28.020Z,44669,2026-01-21T08:01:26.164Z
134,39d04128-a3c8-44af-96f6-63cc365e1366,C,main,1,1,7,audio,b3143229-1913-4cf8-bb0e-68d9d9dccfdb,5,4,2,6,5,4,2,2,抑揚のない，流暢な，機械的な，無難な,2026-01-21T07:59:31.177Z,2026-01-21T07:59:35.921Z,2026-01-21T07:59:37.567Z,2026-01-21T08:01:29.434Z,111867,2026-01-21T08:01:30.471Z
135,38ea75b2-017b-40b4-afb3-32c3ef94ce2c,D,main,2,1,5,image,,2,2,3,5,2,3,4,4,"暗い
低い
小さい",2026-01-21T08:01:00.898Z,2026-01-21T08:01:03.900Z,2026-01-21T08:01:07.816Z,2026-01-21T08:01:35.848Z,28032,2026-01-21T08:01:35.002Z
136,98c81f3c-7fc1-4c89-ba39-6d5864de7bcf,D,main,1,1,1,image,,5,1,2,6,2,6,3,3,"男らしい,落ち着く,優しい",2026-01-21T08:00:19.588Z,2026-01-21T08:00:22.642Z,2026-01-21T08:00:33.500Z,2026-01-21T08:01:36.781Z,63281,2026-01-21T08:01:40.963Z
137,29d237f4-73ca-448a-be76-5183959a563d,A,main,4,2,2,audio,a9d2b8ae-a79c-49dd-966b-e82150cefa3f,4,4,1,7,2,2,1,3,"丁寧な
静かな
おとなしい",2026-01-21T08:00:57.123Z,2026-01-21T08:01:02.427Z,2026-01-21T08:01:04.114Z,2026-01-21T08:01:45.522Z,41408,2026-01-21T08:01:45.887Z
138,f469eb14-ec00-4707-9f1f-cae9a2a2e357,B,main,2,1,6,image,,2,2,6,2,3,2,5,6,たどたどしい，気弱な，暗い,2026-01-21T08:00:57.883Z,2026-01-21T08:01:00.885Z,2026-01-21T08:01:02.502Z,2026-01-21T08:01:53.611Z,51109,2026-01-21T08:01:54.505Z
139,75903c68-a7d6-4108-a466-0c97e10b9844,D,main,1,1,8,image,,3,4,4,4,4,4,4,5,"やや高い
くぐもっている
聞き取りにくい",2026-01-21T08:00:17.206Z,2026-01-21T08:00:20.207Z,2026-01-21T08:00:27.677Z,2026-01-21T08:02:00.309Z,92632,2026-01-21T08:01:59.560Z
140,fe6627c9-ae49-4fd4-9eaf-7ff4632e17b8,C,main,3,2,1,image,,4,6,2,6,3,3,1,3,"なめらかな
整った
夢のような",2026-01-21T08:00:59.646Z,2026-01-21T08:01:02.647Z,2026-01-21T08:01:07.152Z,2026-01-21T08:02:00.655Z,53503,2026-01-21T08:02:00.575Z
141,57d56c2c-9fde-4af2-ac67-d3335e505926,C,main,4,2,2,image,,2,5,6,2,2,3,5,7,"不思議
不気味
不信感",2026-01-21T08:01:25.549Z,2026-01-21T08:01:28.551Z,2026-01-21T08:01:30.940Z,2026-01-21T08:02:03.138Z,32198,2026-01-21T08:02:02.811Z
142,d7a9f89e-80b7-45bf-9aed-26fdc9c59b36,C,main,3,2,4,image,,4,4,3,5,4,4,3,5,寂しい，嬉しくない，虚しい，明るくない，,2026-01-21T08:00:24.607Z,2026-01-21T08:00:27.610Z,2026-01-21T08:00:38.207Z,2026-01-21T08:02:08.283Z,90076,2026-01-21T08:02:08.854Z
143,acb880ec-9167-47d4-9e36-125ab3b9396a,D,main,4,2,7,audio,c2bf83d9-481c-4672-97d5-79f40a60e5a2,5,2,2,6,6,6,2,2,"棒読み,ゆったり,中くらい",2026-01-21T08:01:18.255Z,2026-01-21T08:01:23.448Z,2026-01-21T08:01:24.255Z,2026-01-21T08:02:08.678Z,44423,2026-01-21T08:02:09.382Z
144,48c1afdf-2a63-44d0-8398-f0c96823253e,A,main,4,2,1,audio,02559c97-58e7-4304-a042-bcf6a084b83a,5,2,2,6,5,6,2,4,"爽快
落ち着いている
明るい",2026-01-21T08:01:29.537Z,2026-01-21T08:01:36.104Z,2026-01-21T08:01:37.072Z,2026-01-21T08:02:16.879Z,39807,2026-01-21T08:02:15.025Z
145,13ca4c5d-d9f3-44b9-85be-1a8840f372e2,B,main,1,1,5,image,,5,4,2,6,6,5,2,2,"落ち着いている、
穏やかである、
やわらかい、",2026-01-21T08:00:17.114Z,2026-01-21T08:00:20.115Z,2026-01-21T08:00:38.717Z,2026-01-21T08:02:21.403Z,102686,2026-01-21T08:02:22.517Z
146,b33fb81a-3126-49d2-bc69-c5123eba1c13,D,main,4,2,5,audio,77064c2e-3201-4eac-9b03-14b5b79db1ff,2,3,6,2,5,6,6,3,濁った，緊張した，荒い,2026-01-21T08:00:50.315Z,2026-01-21T08:00:58.374Z,2026-01-21T08:01:00.258Z,2026-01-21T08:02:24.124Z,83866,2026-01-21T08:02:24.295Z
147,8b3713b7-f5b9-4fab-ae34-b9a5a0410341,D,main,3,2,3,audio,cfd44715-3cb2-4358-8327-c2689fe812ac,4,4,5,3,4,3,4,5,"物静か
陰気な
消極的な",2026-01-21T08:01:24.280Z,2026-01-21T08:01:31.779Z,2026-01-21T08:01:40.095Z,2026-01-21T08:02:25.892Z,45797,2026-01-21T08:02:26.918Z
148,bef7272e-7576-4201-bd21-e0abc60bc184,C,main,3,2,7,image,,4,4,3,5,4,4,2,4,"ぼそぼそ
低い
細い",2026-01-21T08:01:25.094Z,2026-01-21T08:01:28.096Z,2026-01-21T08:01:40.106Z,2026-01-21T08:02:33.382Z,53276,2026-01-21T08:02:33.405Z
149,98c81f3c-7fc1-4c89-ba39-6d5864de7bcf,D,main,2,1,8,image,,5,6,2,6,5,5,3,2,"落ち着く,爽やか,男らしい",2026-01-21T08:01:36.889Z,2026-01-21T08:01:39.894Z,2026-01-21T08:01:48.409Z,2026-01-21T08:02:30.799Z,42390,2026-01-21T08:02:34.973Z
150,a60c6d23-c91e-4d6a-9b46-512bdc6c88e0,A,main,3,2,4,audio,42abcd7d-c61e-4ff8-bb3d-8ca70a3f2410,3,2,5,3,4,2,5,5,"かすれている、
低い
聞き取りづらい",2026-01-21T08:01:47.352Z,2026-01-21T08:01:55.439Z,2026-01-21T08:01:59.269Z,2026-01-21T08:02:36.887Z,37618,2026-01-21T08:02:36.869Z
151,8b17231f-31e3-4984-8444-92cd9bbd08ae,D,main,2,1,3,image,,4,3,3,5,6,6,2,2,"落ち着いている
静かな
冷静である",2026-01-21T08:01:09.829Z,2026-01-21T08:01:12.830Z,2026-01-21T08:01:45.882Z,2026-01-21T08:02:57.524Z,71642,2026-01-21T08:02:40.228Z
152,755658f7-2954-4f1a-84bc-343067d0f72c,A,main,1,1,2,audio,c0826fe4-58f9-452e-b63c-71bf90c3488f,4,3,3,5,6,5,2,2,"もったり
のんびり
中性的",2026-01-21T08:01:16.450Z,2026-01-21T08:01:21.551Z,2026-01-21T08:01:22.906Z,2026-01-21T08:02:43.061Z,80155,2026-01-21T08:02:43.125Z
153,7d8c835c-1483-46ac-bdee-f9196c2449af,D,main,1,1,7,image,,2,3,3,5,4,3,4,5,"高い,硬い,擦れた",2026-01-21T07:58:32.752Z,2026-01-21T07:58:35.754Z,2026-01-21T07:58:47.150Z,2026-01-21T08:02:43.022Z,235872,2026-01-21T08:02:43.892Z
154,0d92934b-0601-47d5-8ab7-4163b34bb265,B,main,4,2,3,image,,4,4,3,5,4,4,2,4,"予想外
驚愕
想像",2026-01-21T08:00:37.093Z,2026-01-21T08:00:40.094Z,2026-01-21T08:00:43.598Z,2026-01-21T08:02:43.966Z,120368,2026-01-21T08:02:44.349Z
155,e812d66e-1dd1-419e-a3cb-4d371f94bbe8,D,main,3,2,6,audio,892c1611-5d8b-4a2f-be47-f3c5b89fce94,5,5,3,5,6,6,1,2,"やわらかい
まるい
ゆっくり
",2026-01-21T08:01:53.051Z,2026-01-21T08:01:58.152Z,2026-01-21T08:02:00.738Z,2026-01-21T08:02:57.203Z,56465,2026-01-21T08:02:56.606Z
156,30c7eb18-ffc1-4880-aab6-872ae99c90f2,C,main,1,1,1,audio,6b49fd34-ab1a-45ef-b1da-29ec3bfb9c0c,3,3,5,3,2,3,5,6,"低い,汚い,こもった,鼻にかかったような",2026-01-21T07:58:39.846Z,2026-01-21T07:58:45.551Z,2026-01-21T07:58:47.052Z,2026-01-21T08:02:57.276Z,250224,2026-01-21T08:02:56.918Z
157,fe6627c9-ae49-4fd4-9eaf-7ff4632e17b8,C,main,4,2,8,image,,5,2,2,6,3,4,1,4,"単調な
淡々とした
平坦な",2026-01-21T08:02:00.769Z,2026-01-21T08:02:03.770Z,2026-01-21T08:02:10.729Z,2026-01-21T08:02:59.189Z,48460,2026-01-21T08:02:59.024Z
158,168b3ba9-a8ce-422f-bc9c-a862eaf8815c,D,main,2,1,1,image,,2,3,5,3,5,3,4,4,"かさかさ
自信がない
ゆっくり

",2026-01-21T08:00:43.987Z,2026-01-21T08:00:46.988Z,2026-01-21T08:00:55.128Z,2026-01-21T08:03:08.039Z,132911,2026-01-21T08:03:07.108Z
159,ad136139-4c46-4320-b03c-769797f9ae7d,D,main,3,2,7,audio,07400e4b-4eac-43b5-bc43-a87075db2ca9,6,5,4,4,7,7,3,1,"鼻にかかっている
楽しそう
キゲンが良さそうな",2026-01-21T08:02:16.152Z,2026-01-21T08:02:20.477Z,2026-01-21T08:02:28.901Z,2026-01-21T08:03:07.415Z,38514,2026-01-21T08:03:07.208Z
160,38ea75b2-017b-40b4-afb3-32c3ef94ce2c,D,main,3,2,4,audio,4cb5d1e5-d623-4413-9e41-d85df6150c92,5,4,2,6,6,6,2,2,"淡々
ゆるい
穏やか",2026-01-21T08:02:32.745Z,2026-01-21T08:02:38.196Z,2026-01-21T08:02:38.953Z,2026-01-21T08:03:10.046Z,31093,2026-01-21T08:03:09.215Z
161,2c903b4d-7a0c-4f90-ba6b-fada8afc1083,D,main,1,1,2,image,,2,2,5,3,1,7,5,5,"冷たい,怖い,悲しい",2026-01-21T08:01:50.225Z,2026-01-21T08:01:53.228Z,2026-01-21T08:01:57.448Z,2026-01-21T08:03:13.979Z,76531,2026-01-21T08:03:14.114Z
162,75903c68-a7d6-4108-a466-0c97e10b9844,D,main,2,1,5,image,,3,4,4,4,4,4,4,4,"やや早口
聞き取りにくい
やや高い",2026-01-21T08:02:00.604Z,2026-01-21T08:02:03.606Z,2026-01-21T08:02:08.061Z,2026-01-21T08:03:15.325Z,67264,2026-01-21T08:03:14.328Z
163,3b6ed862-1ebd-4b91-9ca4-ba304206237a,C,main,1,1,1,audio,666df29c-a32e-4cf8-bcae-11b7b35c00e5,4,5,3,5,7,5,2,2,"静か
大人しい
おもしろい",2026-01-21T08:00:36.774Z,2026-01-21T08:00:43.253Z,2026-01-21T08:00:44.600Z,2026-01-21T08:03:17.056Z,152456,2026-01-21T08:03:16.265Z
164,9c044651-14b4-44d2-a8f6-7bb323950352,C,main,1,1,7,audio,bc51eca2-9690-45c2-9163-c0a222d6932a,6,5,1,7,6,6,1,1,"静かな
落ち着いた
穏やか
安心した",2026-01-21T08:01:37.246Z,2026-01-21T08:01:43.110Z,2026-01-21T08:01:45.386Z,2026-01-21T08:03:17.957Z,92571,2026-01-21T08:03:20.756Z
165,d7a9f89e-80b7-45bf-9aed-26fdc9c59b36,C,main,4,2,2,image,,4,4,4,4,3,3,4,4,虚しい，珍しくない，正しい，ふてぶてしくない，,2026-01-21T08:02:08.325Z,2026-01-21T08:02:11.326Z,2026-01-21T08:02:18.596Z,2026-01-21T08:03:20.508Z,61912,2026-01-21T08:03:21.094Z
166,a60c6d23-c91e-4d6a-9b46-512bdc6c88e0,A,main,4,2,1,audio,dc1ebcb1-fd2e-417b-9d10-0720e2c44c8a,2,5,2,6,5,4,5,6,"小さい
低い
聞き取りづらい",2026-01-21T08:02:41.098Z,2026-01-21T08:02:48.618Z,2026-01-21T08:02:51.216Z,2026-01-21T08:03:22.326Z,31110,2026-01-21T08:03:22.304Z
167,b1b62eac-f6f0-4978-bf52-04045b5378e2,C,main,2,1,3,audio,989ebc36-2eb5-4717-b8d2-96254c0d6a9c,4,4,3,5,5,5,4,4,"低い,少しつっかかるような,落ち着いた",2026-01-21T08:00:17.917Z,2026-01-21T08:00:22.840Z,2026-01-21T08:00:25.725Z,2026-01-21T08:03:23.453Z,177728,2026-01-21T08:03:22.541Z
168,00bf0cd8-daef-4be4-9988-290e28521a19,C,main,3,2,7,image,,5,5,1,7,6,5,1,2,"優しい
暖かい
穏やか",2026-01-21T08:02:12.640Z,2026-01-21T08:02:15.643Z,2026-01-21T08:02:24.287Z,2026-01-21T08:03:24.959Z,60672,2026-01-21T08:03:25.091Z
169,755658f7-2954-4f1a-84bc-343067d0f72c,A,main,2,1,1,audio,636de22c-27dd-4342-8b28-133cd94800fb,3,3,4,4,6,5,2,2,"無愛想
もったり
低い",2026-01-21T08:02:44.334Z,2026-01-21T08:02:49.884Z,2026-01-21T08:02:50.467Z,2026-01-21T08:03:26.191Z,35724,2026-01-21T08:03:26.207Z
170,bef7272e-7576-4201-bd21-e0abc60bc184,C,main,4,2,3,image,,4,4,2,6,4,4,2,4,"ぼそぼそ
低い
細いのかな",2026-01-21T08:02:33.420Z,2026-01-21T08:02:36.420Z,2026-01-21T08:02:43.107Z,2026-01-21T08:03:26.639Z,43532,2026-01-21T08:03:26.673Z
172,13ca4c5d-d9f3-44b9-85be-1a8840f372e2,B,main,2,1,6,image,,6,5,2,6,6,6,2,2,"穏やか、
あたたかい
分かりやすい",2026-01-21T08:02:21.639Z,2026-01-21T08:02:24.643Z,2026-01-21T08:02:39.913Z,2026-01-21T08:03:39.572Z,59659,2026-01-21T08:03:40.518Z
173,7d8c835c-1483-46ac-bdee-f9196c2449af,D,main,2,1,3,image,,3,3,4,4,4,3,2,5,"高い,こもった,元気がない",2026-01-21T08:02:43.754Z,2026-01-21T08:02:46.767Z,2026-01-21T08:02:51.294Z,2026-01-21T08:03:41.133Z,49839,2026-01-21T08:03:41.395Z
174,38ea75b2-017b-40b4-afb3-32c3ef94ce2c,D,main,4,2,5,audio,a37ec2cc-f8d4-479e-988a-371200120914,5,5,2,6,6,6,1,2,"ゆっくり
優しい
穏やか",2026-01-21T08:03:11.667Z,2026-01-21T08:03:18.485Z,2026-01-21T08:03:19.861Z,2026-01-21T08:03:45.661Z,25800,2026-01-21T08:03:44.820Z
175,e3a5e227-6979-4b2d-afce-28f192c972cd,D,main,1,1,2,image,,5,6,3,5,5,5,6,5,"なれない
低い声
人の声みたい",2026-01-21T08:01:31.221Z,2026-01-21T08:01:34.222Z,2026-01-21T08:01:44.679Z,2026-01-21T08:03:43.364Z,118685,2026-01-21T08:03:46.528Z
176,817b304b-8822-4a37-a40b-c67330dbe046,C,main,1,1,1,audio,b2f017b6-2a6d-4b65-ae9f-3d6c720f15f2,3,3,5,3,4,4,3,5,"かたこと
声が変
不思議",2026-01-21T08:01:49.440Z,2026-01-21T08:01:54.985Z,2026-01-21T08:01:57.577Z,2026-01-21T08:03:53.554Z,115977,2026-01-21T08:03:53.687Z
177,8b3713b7-f5b9-4fab-ae34-b9a5a0410341,D,main,4,2,2,audio,7e3b57a6-6e73-40fd-bf83-21c1e3cf55ba,3,4,5,3,3,3,5,5,"陰気な
暗い
大人しい",2026-01-21T08:02:30.714Z,2026-01-21T08:02:39.239Z,2026-01-21T08:02:41.001Z,2026-01-21T08:03:54.820Z,73819,2026-01-21T08:03:55.839Z
178,f469eb14-ec00-4707-9f1f-cae9a2a2e357,B,main,3,2,7,image,,2,2,6,2,4,3,5,3,"弱弱しい,気が抜けた,暗い",2026-01-21T08:03:09.310Z,2026-01-21T08:03:12.311Z,2026-01-21T08:03:16.502Z,2026-01-21T08:03:55.334Z,38832,2026-01-21T08:03:56.228Z
179,5c265be8-cd96-4f43-a27f-ce6f4ae5398a,D,main,1,1,8,image,,2,7,6,2,3,2,6,6,暗い，だるそう，重たい，,2026-01-21T08:02:54.477Z,2026-01-21T08:02:57.607Z,2026-01-21T08:03:02.504Z,2026-01-21T08:03:57.532Z,55028,2026-01-21T08:03:58.169Z
180,e812d66e-1dd1-419e-a3cb-4d371f94bbe8,D,main,4,2,8,audio,d70aaa4e-0e97-4f2b-8ab4-87c9da87d2fe,3,3,5,3,5,5,3,5,"うさんくさい
まるい
粘着質
やわらかい",2026-01-21T08:03:10.162Z,2026-01-21T08:03:16.352Z,2026-01-21T08:03:18.571Z,2026-01-21T08:04:02.653Z,44082,2026-01-21T08:04:02.073Z
181,98c81f3c-7fc1-4c89-ba39-6d5864de7bcf,D,main,3,2,1,audio,b15ef3d9-2cec-41cf-b694-20e67dbd9352,5,3,2,6,6,7,2,2,"分かりやすい,落ち着く,男らしい",2026-01-21T08:03:07.712Z,2026-01-21T08:03:14.767Z,2026-01-21T08:03:15.152Z,2026-01-21T08:03:58.624Z,43472,2026-01-21T08:04:02.804Z
182,39d04128-a3c8-44af-96f6-63cc365e1366,C,main,2,1,6,audio,a6ab30fb-1726-427f-af47-6300ab1cd9f0,6,5,1,7,4,5,1,1,勢いのあるような，力強い，淀みのなような，純粋さを忘れていないような,2026-01-21T08:01:32.085Z,2026-01-21T08:01:36.629Z,2026-01-21T08:01:39.056Z,2026-01-21T08:04:04.706Z,145650,2026-01-21T08:04:05.764Z
183,08ab5eea-283c-43c7-a06a-c8b73040318e,D,main,3,2,3,audio,bf3ebfc4-0df3-48d9-a7b5-e52e7f51d128,4,5,4,4,5,6,4,3,"慣れた
子どもっぽい
落ち着いた",2026-01-21T08:02:44.245Z,2026-01-21T08:02:49.547Z,2026-01-21T08:02:51.573Z,2026-01-21T08:04:06.592Z,75019,2026-01-21T08:04:07.059Z
184,9c044651-14b4-44d2-a8f6-7bb323950352,C,main,2,1,5,audio,4f492079-63be-4db2-bef3-1fd1a7baa63d,6,1,1,7,7,7,1,1,"客観的な
冷静な
落ち着いた",2026-01-21T08:03:19.944Z,2026-01-21T08:03:27.145Z,2026-01-21T08:03:28.255Z,2026-01-21T08:04:04.359Z,36104,2026-01-21T08:04:07.160Z
185,c4ef57c0-b1d6-47be-b3e4-ec34553480c5,D,main,1,1,6,image,,3,3,4,4,5,4,3,3,"低い
野太い
暗い",2026-01-21T07:59:51.708Z,2026-01-21T07:59:54.710Z,2026-01-21T08:00:17.652Z,2026-01-21T08:04:08.284Z,230632,2026-01-21T08:04:07.654Z
186,ad136139-4c46-4320-b03c-769797f9ae7d,D,main,4,2,3,audio,22b5bbc9-3d24-4210-8fc8-962b9a2f750a,2,4,3,5,7,6,4,1,"鼻にかかっている
太い
時々かすれる",2026-01-21T08:03:08.721Z,2026-01-21T08:03:15.186Z,2026-01-21T08:03:16.021Z,2026-01-21T08:04:07.914Z,51893,2026-01-21T08:04:07.714Z
187,00bf0cd8-daef-4be4-9988-290e28521a19,C,main,4,2,1,image,,6,5,1,7,6,5,2,1,"さわやか
優しい
安定",2026-01-21T08:03:25.133Z,2026-01-21T08:03:28.136Z,2026-01-21T08:03:31.141Z,2026-01-21T08:04:12.893Z,41752,2026-01-21T08:04:13.043Z
188,de2fd006-87bc-4631-bc0c-3d7a3a9ef148,C,main,1,1,4,audio,eb504a09-2531-4d09-bd0f-b9d9fba81801,2,3,6,2,6,2,5,5,不安，暗い，陰湿,2026-01-21T08:03:02.629Z,2026-01-21T08:03:10.137Z,2026-01-21T08:03:14.071Z,2026-01-21T08:04:17.616Z,63545,2026-01-21T08:04:17.741Z
189,f790db99-6208-47e8-9bb6-b14434b0b2c0,D,main,3,2,5,audio,3ac0f4e1-ebd5-495c-8ff3-0295ce5a0bd4,6,7,2,6,6,7,3,2,低い声だ，落ち着いているようだ，少し声が小さいようだ,2026-01-21T08:03:10.047Z,2026-01-21T08:03:16.940Z,2026-01-21T08:03:20.582Z,2026-01-21T08:04:22.328Z,61746,2026-01-21T08:04:26.275Z
190,eab10ddb-0317-41e4-831e-445f6bd325fd,C,main,1,1,5,audio,859e4094-97e5-4100-a2f7-1d756383beed,4,3,5,3,2,5,5,6,"朴訥な
寡黙な
たどたどしい
不自然な
異質な
",2026-01-21T07:59:48.113Z,2026-01-21T07:59:55.513Z,2026-01-21T08:00:00.743Z,2026-01-21T08:04:37.136Z,276393,2026-01-21T08:04:37.115Z
191,5c265be8-cd96-4f43-a27f-ce6f4ae5398a,D,main,2,1,7,image,,2,6,7,1,2,1,6,4,起源が悪そう，荒い，怖そう，,2026-01-21T08:03:57.578Z,2026-01-21T08:04:00.611Z,2026-01-21T08:04:01.684Z,2026-01-21T08:04:42.680Z,40996,2026-01-21T08:04:43.317Z
192,f469eb14-ec00-4707-9f1f-cae9a2a2e357,B,main,4,2,6,image,,2,2,5,3,3,3,3,3,"暗い,みっともない,弱弱しい",2026-01-21T08:03:55.361Z,2026-01-21T08:03:58.363Z,2026-01-21T08:04:01.538Z,2026-01-21T08:04:42.734Z,41196,2026-01-21T08:04:43.631Z
193,98c81f3c-7fc1-4c89-ba39-6d5864de7bcf,D,main,4,2,8,audio,51330362-518e-404e-b4a7-19c514f0fe8f,5,1,1,7,6,5,2,1,"落ち着く,男らしい,優しい",2026-01-21T08:03:59.817Z,2026-01-21T08:04:06.373Z,2026-01-21T08:04:06.929Z,2026-01-21T08:04:43.331Z,36402,2026-01-21T08:04:47.509Z
194,2c903b4d-7a0c-4f90-ba6b-fada8afc1083,D,main,2,1,7,image,,5,5,6,2,2,7,5,5,"優しい,小さい,暗い",2026-01-21T08:03:14.134Z,2026-01-21T08:03:17.136Z,2026-01-21T08:03:18.678Z,2026-01-21T08:04:48.681Z,90003,2026-01-21T08:04:48.813Z
195,e3a5e227-6979-4b2d-afce-28f192c972cd,D,main,2,1,1,image,,5,6,3,5,3,5,5,6,"なれない
違和感あり
低い声",2026-01-21T08:03:45.900Z,2026-01-21T08:03:48.901Z,2026-01-21T08:03:52.086Z,2026-01-21T08:04:56.838Z,64752,2026-01-21T08:04:57.504Z
196,de2fd006-87bc-4631-bc0c-3d7a3a9ef148,C,main,2,1,6,audio,2c561df6-7936-41c8-bb3a-6b7a7b1d41fa,2,2,3,5,6,2,5,5,遅い，暗い，イライラ,2026-01-21T08:04:20.598Z,2026-01-21T08:04:26.138Z,2026-01-21T08:04:28.135Z,2026-01-21T08:04:58.440Z,30305,2026-01-21T08:04:58.547Z
197,b3f850c4-c04d-4f48-a08c-87459f9a2b58,B,main,1,1,6,image,,3,3,1,7,5,4,1,1,"「高い」
「おもしろい」
「軽い」",2026-01-21T07:59:55.886Z,2026-01-21T07:59:58.890Z,2026-01-21T08:00:13.158Z,2026-01-21T08:04:59.330Z,286172,2026-01-21T08:04:59.536Z
198,9365227a-e261-4543-913b-17fc1501890b,D,main,3,2,6,audio,ca8ac400-a84f-4c10-ab37-ef74ef899e3d,2,2,6,2,4,3,5,5,"子どもっぽい
たどたどしい
だらしがない",2026-01-21T08:03:51.432Z,2026-01-21T08:03:56.030Z,2026-01-21T08:03:58.062Z,2026-01-21T08:04:58.895Z,60833,2026-01-21T08:05:00.767Z
199,30c7eb18-ffc1-4880-aab6-872ae99c90f2,C,main,2,1,5,audio,6f4046c6-fb5b-4742-96bb-314ccff28277,4,3,5,3,4,3,4,5,"鼻にかかった,低い,くぐもった,",2026-01-21T08:02:59.956Z,2026-01-21T08:03:05.562Z,2026-01-21T08:03:06.816Z,2026-01-21T08:05:13.853Z,127037,2026-01-21T08:05:13.481Z
200,3b6ed862-1ebd-4b91-9ca4-ba304206237a,C,main,2,1,3,audio,c5c6d02a-7dc8-4a58-a9fa-4399507cae53,5,5,2,6,7,6,2,2,"おもしろい
優しい
楽しい",2026-01-21T08:03:18.734Z,2026-01-21T08:03:24.263Z,2026-01-21T08:03:25.509Z,2026-01-21T08:05:17.225Z,111716,2026-01-21T08:05:16.364Z
201,13ec2bef-fa60-425b-93e6-ef014fe596bd,D,main,1,1,2,image,,3,4,5,3,2,2,5,6,"もごもごしている
はっきりしない
汚い",2026-01-21T08:01:59.829Z,2026-01-21T08:02:02.830Z,2026-01-21T08:02:21.072Z,2026-01-21T08:05:25.788Z,184716,2026-01-21T08:05:26.860Z
202,f790db99-6208-47e8-9bb6-b14434b0b2c0,D,main,4,2,2,audio,bdde2ed2-f0c3-40c1-9495-08284b5dc622,5,6,2,6,7,7,2,2,リラックスしているようだ，声が聞き取りやすい，親しみを感じる,2026-01-21T08:04:23.808Z,2026-01-21T08:04:30.616Z,2026-01-21T08:04:32.559Z,2026-01-21T08:05:26.404Z,53845,2026-01-21T08:05:30.339Z
203,e673f157-8c0b-4deb-8c58-59314444a804,D,main,1,1,1,image,,3,4,3,5,4,5,2,5,"ちょっと籠っている感じがする。
想像しているよりも違和感がある。
鼻詰まりって感じがする。",2026-01-21T08:01:44.900Z,2026-01-21T08:01:47.902Z,2026-01-21T08:02:14.226Z,2026-01-21T08:05:30.689Z,196463,2026-01-21T08:05:32.065Z
204,1c3a4ce3-da4f-454e-9669-fd7e3ba54838,C,main,1,1,5,audio,8eae0aa7-3dbb-4c8e-8883-efaf84b6bcad,5,6,1,7,7,7,1,1,"温かい
良い
低い",2026-01-21T08:02:42.608Z,2026-01-21T08:02:49.161Z,2026-01-21T08:02:52.500Z,2026-01-21T08:05:33.542Z,161042,2026-01-21T08:05:33.783Z
205,08ab5eea-283c-43c7-a06a-c8b73040318e,D,main,4,2,6,audio,ed219831-ba7a-490e-846d-366ee5965d57,4,6,2,6,6,6,2,2,"子どもっぽい
落ち着いた
前向きな",2026-01-21T08:04:09.503Z,2026-01-21T08:04:14.527Z,2026-01-21T08:04:18.414Z,2026-01-21T08:05:37.455Z,79041,2026-01-21T08:05:37.841Z
206,f0b7185f-2506-45d0-aa8f-82950bb1dedd,C,main,1,1,3,audio,351ed2d7-1b50-40bd-9069-937ca902f541,2,3,6,2,4,3,3,6,"違和感
低い
鼻声
別人",2026-01-21T08:04:39.926Z,2026-01-21T08:04:43.077Z,2026-01-21T08:04:44.318Z,2026-01-21T08:05:47.387Z,63069,2026-01-21T08:05:47.131Z
207,3602c48b-bfbf-46fb-b06b-29c36914a428,D,main,1,1,7,image,,4,4,2,6,6,5,1,5,"低い,分からない,知りたい",2026-01-21T08:02:39.074Z,2026-01-21T08:02:42.076Z,2026-01-21T08:02:48.171Z,2026-01-21T08:05:49.460Z,181289,2026-01-21T08:05:47.611Z
208,c4ef57c0-b1d6-47be-b3e4-ec34553480c5,D,main,2,1,4,image,,4,4,2,6,5,3,2,2,"低い
大きい
暗い",2026-01-21T08:04:08.437Z,2026-01-21T08:04:11.439Z,2026-01-21T08:04:20.164Z,2026-01-21T08:05:57.044Z,96880,2026-01-21T08:05:56.312Z
209,5c265be8-cd96-4f43-a27f-ce6f4ae5398a,D,main,3,2,8,audio,b2ad5abd-b044-4b1b-b0f4-9ab2cb64ef10,2,6,6,2,2,1,6,5,早い，さみしそう，暗い，,2026-01-21T08:05:19.228Z,2026-01-21T08:05:26.126Z,2026-01-21T08:05:26.550Z,2026-01-21T08:05:58.834Z,32284,2026-01-21T08:05:59.478Z
210,13ca4c5d-d9f3-44b9-85be-1a8840f372e2,B,main,3,2,6,image,,6,5,1,7,6,5,1,1,"丁寧な
おだやかな
落ち着いた",2026-01-21T08:04:53.977Z,2026-01-21T08:04:56.982Z,2026-01-21T08:05:14.411Z,2026-01-21T08:05:59.207Z,44796,2026-01-21T08:06:00.171Z
211,755658f7-2954-4f1a-84bc-343067d0f72c,A,main,3,2,1,audio,636de22c-27dd-4342-8b28-133cd94800fb,4,3,4,4,6,6,1,1,"ゆったり
もったり
テンション低い",2026-01-21T08:05:15.248Z,2026-01-21T08:05:20.805Z,2026-01-21T08:05:21.485Z,2026-01-21T08:06:05.004Z,43519,2026-01-21T08:06:05.062Z
212,2c903b4d-7a0c-4f90-ba6b-fada8afc1083,D,main,3,2,2,audio,a9e0a040-1274-4259-b198-31a192b930b7,2,2,5,3,5,5,4,4,"暗い,優しい,しんどい",2026-01-21T08:05:24.423Z,2026-01-21T08:05:32.211Z,2026-01-21T08:05:33.200Z,2026-01-21T08:06:07.225Z,34025,2026-01-21T08:06:07.389Z
213,817b304b-8822-4a37-a40b-c67330dbe046,C,main,2,1,6,audio,a3f456ec-4eb2-4baa-82ac-6f60c2df4e06,3,3,5,3,5,4,2,5,"不愉快な気持ち
いい声ではない
かわいくない
",2026-01-21T08:03:56.065Z,2026-01-21T08:04:00.151Z,2026-01-21T08:04:00.757Z,2026-01-21T08:06:12.157Z,131400,2026-01-21T08:06:12.285Z
214,de2fd006-87bc-4631-bc0c-3d7a3a9ef148,C,main,3,2,6,image,,3,3,5,3,6,2,5,5,暗い，怖い，不安,2026-01-21T08:05:32.237Z,2026-01-21T08:05:35.240Z,2026-01-21T08:05:40.178Z,2026-01-21T08:06:16.713Z,36535,2026-01-21T08:06:16.819Z
215,7ef0d741-6a9f-4d8e-ad62-04826a5c6628,D,main,1,1,1,image,,3,4,5,3,5,4,5,4,落ち着かない，ふわふわしている，ちょっと疲労感がある,2026-01-21T08:02:22.327Z,2026-01-21T08:02:25.329Z,2026-01-21T08:02:51.773Z,2026-01-21T08:06:16.084Z,204311,2026-01-21T08:06:17.052Z
216,b3f850c4-c04d-4f48-a08c-87459f9a2b58,B,main,2,1,3,image,,5,3,1,7,1,5,1,1,"「かわいらしい」
「おもしろい」
「あかるい」
「すがすがしい」",2026-01-21T08:04:59.570Z,2026-01-21T08:05:02.573Z,2026-01-21T08:05:09.671Z,2026-01-21T08:06:18.411Z,68740,2026-01-21T08:06:18.582Z
217,a8739266-0dcc-47f5-b16c-91835f64b26f,D,main,1,1,5,image,,2,3,4,4,6,5,5,3,"自分の声以外は想像できなかった、
普段の声というわけでなく録音するつもりでややはっきり目にしたつもり、
音量もやや大きめ",2026-01-21T08:04:48.657Z,2026-01-21T08:04:51.660Z,2026-01-21T08:04:54.144Z,2026-01-21T08:06:19.034Z,84890,2026-01-21T08:06:18.711Z
218,fb58c502-07a8-450a-ad05-059c7d24dbc7,C,main,1,1,2,audio,5b3b9c36-335d-431e-8731-c6790ed41757,5,6,2,6,6,5,3,3,"たどたどしい
ゆっくり
こどもっぽい",2026-01-21T08:05:00.545Z,2026-01-21T08:05:10.016Z,2026-01-21T08:05:13.953Z,2026-01-21T08:06:43.161Z,89208,2026-01-21T08:06:40.920Z
219,2c903b4d-7a0c-4f90-ba6b-fada8afc1083,D,main,4,2,7,audio,3d1b8a6a-959e-44a1-ac24-ba6941fb0839,2,5,5,3,4,5,5,4,"優しい,暗い,高い",2026-01-21T08:06:09.093Z,2026-01-21T08:06:19.187Z,2026-01-21T08:06:20.207Z,2026-01-21T08:06:41.467Z,21260,2026-01-21T08:06:41.588Z
220,f0b7185f-2506-45d0-aa8f-82950bb1dedd,C,main,2,1,1,audio,0dc4d4d2-4487-4ca9-b554-8efb6b5b57cd,3,3,6,2,3,2,6,6,"別人
違和感
低い",2026-01-21T08:05:48.457Z,2026-01-21T08:05:53.905Z,2026-01-21T08:05:54.514Z,2026-01-21T08:06:42.521Z,48007,2026-01-21T08:06:42.285Z
221,755658f7-2954-4f1a-84bc-343067d0f72c,A,main,4,2,2,audio,c0826fe4-58f9-452e-b63c-71bf90c3488f,3,4,3,5,6,6,1,2,"棒読み
低い
もったり",2026-01-21T08:06:06.551Z,2026-01-21T08:06:11.640Z,2026-01-21T08:06:12.242Z,2026-01-21T08:06:44.734Z,32492,2026-01-21T08:06:44.788Z
222,9365227a-e261-4543-913b-17fc1501890b,D,main,4,2,1,audio,148c16cc-3fd3-442f-ac68-6ee280f5a815,4,4,4,4,5,4,3,3,"思ったより明瞭である
声が幼い
事務的な",2026-01-21T08:05:11.630Z,2026-01-21T08:05:21.239Z,2026-01-21T08:05:22.277Z,2026-01-21T08:06:51.687Z,89410,2026-01-21T08:06:53.559Z
223,13ca4c5d-d9f3-44b9-85be-1a8840f372e2,B,main,4,2,5,image,,6,5,1,7,5,5,1,1,"やわらかい
おだやか
丁寧な",2026-01-21T08:05:59.310Z,2026-01-21T08:06:02.313Z,2026-01-21T08:06:11.284Z,2026-01-21T08:06:54.864Z,43580,2026-01-21T08:06:55.804Z
224,7a7f8054-457c-4be2-8429-ade2dd2dff87,D,main,1,1,6,image,,1,1,7,1,2,2,6,7,"気持ち悪い。
自分ではない感じがする。
不気味。",2026-01-21T08:04:58.452Z,2026-01-21T08:05:01.456Z,2026-01-21T08:05:07.650Z,2026-01-21T08:06:56.843Z,109193,2026-01-21T08:06:57.336Z
225,5c265be8-cd96-4f43-a27f-ce6f4ae5398a,D,main,4,2,7,audio,568aa7ef-a8cd-4d2a-8c02-b3133193334e,2,6,7,1,5,2,7,6,汚い，さみしそう，軽々しい，,2026-01-21T08:06:00.612Z,2026-01-21T08:06:03.796Z,2026-01-21T08:06:04.466Z,2026-01-21T08:06:56.732Z,52266,2026-01-21T08:06:57.365Z
226,b1b62eac-f6f0-4978-bf52-04045b5378e2,C,main,3,2,3,image,,5,5,2,6,6,6,2,2,"低い,はっきりした,落ち着いた,鮮明な",2026-01-21T08:05:06.962Z,2026-01-21T08:05:09.963Z,2026-01-21T08:05:24.486Z,2026-01-21T08:07:02.397Z,97911,2026-01-21T08:07:01.487Z
227,de2fd006-87bc-4631-bc0c-3d7a3a9ef148,C,main,4,2,4,image,,3,2,3,5,2,3,5,5,不安，遅い，暗い,2026-01-21T08:06:16.839Z,2026-01-21T08:06:19.843Z,2026-01-21T08:06:23.431Z,2026-01-21T08:07:04.199Z,40768,2026-01-21T08:07:04.310Z
228,7d8c835c-1483-46ac-bdee-f9196c2449af,D,main,3,2,3,audio,0d52ef92-d6c8-4de2-8f85-f3f76c304b6c,2,3,3,5,4,3,4,3,"高い,擦れた,硬い",2026-01-21T08:06:07.399Z,2026-01-21T08:06:12.854Z,2026-01-21T08:06:14.694Z,2026-01-21T08:07:06.814Z,52120,2026-01-21T08:07:07.122Z
229,3b079d11-1927-44cc-a075-279caa00b98b,D,main,3,2,1,audio,63223813-fa68-4e86-b5c0-125911036bab,3,3,6,2,3,3,5,6,"高い
弱い
暗い",2026-01-21T08:04:56.545Z,2026-01-21T08:05:03.803Z,2026-01-21T08:05:32.751Z,2026-01-21T08:07:18.536Z,105785,2026-01-21T08:07:18.759Z
230,43971bbb-9917-41d4-aa52-0f91937c07e5,B,main,1,1,1,image,,4,4,4,4,3,3,6,6,少しこもった感じ，低めで落ち着いている，鼻にかかったような響き，,2026-01-21T08:06:23.659Z,2026-01-21T08:06:26.661Z,2026-01-21T08:06:34.122Z,2026-01-21T08:07:20.483Z,46361,2026-01-21T08:07:20.537Z
231,78eb48aa-b64b-4bcb-be68-cfd6f82e4ca9,C,main,1,1,7,audio,e7d29e42-e5de-4987-a136-8d29470dd2a0,5,4,2,6,6,4,3,3,"安定感がある
冷静さが感じられる。
淡々としている。",2026-01-21T08:05:46.004Z,2026-01-21T08:05:55.372Z,2026-01-21T08:05:56.827Z,2026-01-21T08:07:14.091Z,77264,2026-01-21T08:07:24.127Z
232,e673f157-8c0b-4deb-8c58-59314444a804,D,main,2,1,3,image,,4,4,3,5,4,4,3,5,"なんのフィルムケースを想像すれば良かったのだろうか。
ちょっと籠った響きがあるような気がする。
何故か違和感がちょっとあった気がする。",2026-01-21T08:05:30.891Z,2026-01-21T08:05:33.893Z,2026-01-21T08:05:45.022Z,2026-01-21T08:07:23.475Z,98453,2026-01-21T08:07:24.677Z
233,a8739266-0dcc-47f5-b16c-91835f64b26f,D,main,2,1,7,image,,3,3,4,4,7,7,5,5,"他人の声は一切イメージできなかった
先の設問より普段に近い自分の声
声の大きさも先の設問より小さめ",2026-01-21T08:06:19.071Z,2026-01-21T08:06:22.072Z,2026-01-21T08:06:26.689Z,2026-01-21T08:07:27.633Z,60944,2026-01-21T08:07:27.305Z
234,8b17231f-31e3-4984-8444-92cd9bbd08ae,D,main,3,2,4,audio,99db4d48-bd8f-4c04-91d3-3d516527789b,5,6,1,7,7,7,1,1,"なじみがある
落ち着いている
まじめそうだ",2026-01-21T08:05:57.181Z,2026-01-21T08:06:05.012Z,2026-01-21T08:06:08.588Z,2026-01-21T08:07:49.882Z,101294,2026-01-21T08:07:32.592Z
235,168b3ba9-a8ce-422f-bc9c-a862eaf8815c,D,main,3,2,1,audio,d40cf039-a73a-4925-a451-c8a8855516ea,2,3,6,2,6,3,4,4,"たどたどしい
ゆったり
平坦",2026-01-21T08:05:21.263Z,2026-01-21T08:05:28.416Z,2026-01-21T08:05:35.366Z,2026-01-21T08:07:43.062Z,127696,2026-01-21T08:07:42.141Z
236,3b6ed862-1ebd-4b91-9ca4-ba304206237a,C,main,3,2,3,image,,5,5,2,6,6,6,1,1,"やさしい
たのしい
おもしろい",2026-01-21T08:06:41.854Z,2026-01-21T08:06:44.856Z,2026-01-21T08:06:57.867Z,2026-01-21T08:07:44.446Z,46579,2026-01-21T08:07:43.583Z
237,7ef0d741-6a9f-4d8e-ad62-04826a5c6628,D,main,2,1,8,image,,3,3,4,4,4,3,4,4,不安，落ち着かない，疲労感，不思議,2026-01-21T08:06:16.299Z,2026-01-21T08:06:19.302Z,2026-01-21T08:06:23.955Z,2026-01-21T08:07:44.659Z,80704,2026-01-21T08:07:45.485Z
238,39d04128-a3c8-44af-96f6-63cc365e1366,C,main,3,2,7,image,,4,4,2,6,5,4,2,2,一本道のような，平均的な，面白みに欠けるような，平坦な,2026-01-21T08:06:02.599Z,2026-01-21T08:06:05.601Z,2026-01-21T08:06:10.550Z,2026-01-21T08:07:47.060Z,96510,2026-01-21T08:07:48.227Z
240,43971bbb-9917-41d4-aa52-0f91937c07e5,B,main,2,1,7,image,,4,4,3,5,3,4,3,4,自然でカジュアル，少しゆったりしたリズム，日常会話らしい軽い感じ，,2026-01-21T08:07:20.560Z,2026-01-21T08:07:23.562Z,2026-01-21T08:07:26.315Z,2026-01-21T08:07:51.193Z,24878,2026-01-21T08:07:51.231Z
241,fb58c502-07a8-450a-ad05-059c7d24dbc7,C,main,2,1,7,audio,87d88226-a4b9-408b-93d4-20e6462c4ab9,5,5,3,5,6,5,3,3,"かよわい
抑揚がない
落ち着いた",2026-01-21T08:06:45.017Z,2026-01-21T08:06:52.344Z,2026-01-21T08:06:54.088Z,2026-01-21T08:08:00.057Z,65969,2026-01-21T08:07:57.816Z
242,31bc944c-965b-4c83-a8b1-dfb62b4c19ba,C,main,2,1,7,audio,2c8062b8-a025-47cf-83e9-d2dc79413b5d,5,3,3,5,4,4,3,3,やわらかい，聞き取りやすい，クリア,2026-01-21T08:07:08.904Z,2026-01-21T08:07:15.790Z,2026-01-21T08:07:16.420Z,2026-01-21T08:07:58.476Z,42056,2026-01-21T08:07:59.288Z
243,7d8c835c-1483-46ac-bdee-f9196c2449af,D,main,4,2,7,audio,b19e3685-cb65-4ed7-ba5a-3b04e78aea23,2,3,3,5,4,3,4,5,"擦れた,元気のない,硬い",2026-01-21T08:07:08.623Z,2026-01-21T08:07:15.523Z,2026-01-21T08:07:16.934Z,2026-01-21T08:08:08.725Z,51791,2026-01-21T08:08:08.970Z
244,4d48b0dd-bafd-4223-b859-b71fd8b35433,A,main,1,1,3,audio,cb1aee52-1125-4bb0-8c6e-657c95e0da45,2,3,3,5,2,3,5,6,元気がない，細い，弱い,2026-01-21T08:05:58.171Z,2026-01-21T08:06:04.794Z,2026-01-21T08:06:08.357Z,2026-01-21T08:08:14.949Z,126592,2026-01-21T08:08:15.258Z
245,3b6ed862-1ebd-4b91-9ca4-ba304206237a,C,main,4,2,1,image,,5,6,1,7,7,6,1,1,"やさしい
おとなしい
おもしろい",2026-01-21T08:07:44.487Z,2026-01-21T08:07:47.487Z,2026-01-21T08:07:49.255Z,2026-01-21T08:08:20.323Z,31068,2026-01-21T08:08:19.483Z
246,ec72ae78-df4f-4f53-97a1-9693e18fa1e6,C,main,1,1,2,audio,3570b421-ef84-4b73-b8b6-7016a403fff9,3,3,3,5,4,5,3,3,低い，太い，大きい,2026-01-21T08:07:14.947Z,2026-01-21T08:07:22.902Z,2026-01-21T08:07:23.622Z,2026-01-21T08:08:22.231Z,58609,2026-01-21T08:08:22.581Z
247,3b079d11-1927-44cc-a075-279caa00b98b,D,main,4,2,6,audio,7cc7f2bf-07db-4f91-bafc-0c522c93e65e,1,2,7,1,2,2,6,7,"大きい
高い
暗い",2026-01-21T08:07:20.985Z,2026-01-21T08:07:26.768Z,2026-01-21T08:07:29.103Z,2026-01-21T08:08:30.416Z,61313,2026-01-21T08:08:30.495Z
248,776820a9-7d7f-493b-b3a8-70ba710e8172,B,main,1,1,8,image,,3,3,5,3,5,5,4,4,"冷たい,悲しい,寂しい,切ない",2026-01-21T08:05:32.355Z,2026-01-21T08:05:35.361Z,2026-01-21T08:05:53.904Z,2026-01-21T08:08:34.722Z,160818,2026-01-21T08:08:34.849Z
249,f15f86c1-9876-40f5-a527-2ddd451a9744,D,main,1,1,4,image,,5,5,4,4,5,5,3,5,"自分らしい
違和感
親しみ",2026-01-21T08:06:21.440Z,2026-01-21T08:06:24.453Z,2026-01-21T08:06:34.767Z,2026-01-21T08:08:37.939Z,123172,2026-01-21T08:08:35.635Z
250,1f29e4de-41b1-4b52-9587-04e4845cd0fd,C,main,1,1,8,audio,abd5b064-de60-4978-a7d0-e19e1bbe2f00,2,2,4,4,4,4,4,1,"低い,暗い,張りがない,辛気臭い",2026-01-21T08:06:06.000Z,2026-01-21T08:06:14.844Z,2026-01-21T08:06:16.491Z,2026-01-21T08:08:39.486Z,142995,2026-01-21T08:08:39.721Z
251,b1b62eac-f6f0-4978-bf52-04045b5378e2,C,main,4,2,7,image,,5,5,2,6,6,6,2,2,"低い,落ち着いた,はっきりした,鮮明な,自分っぽい",2026-01-21T08:07:02.505Z,2026-01-21T08:07:05.506Z,2026-01-21T08:07:12.917Z,2026-01-21T08:08:44.557Z,91640,2026-01-21T08:08:43.566Z
252,a8739266-0dcc-47f5-b16c-91835f64b26f,D,main,3,2,7,audio,da64c18a-d598-46b6-a90b-fe561d6eecf7,4,4,3,5,2,3,3,3,"はっきりとしている
テンポがわかりやすく調整されている
話すスピードより遅め",2026-01-21T08:07:57.033Z,2026-01-21T08:08:03.656Z,2026-01-21T08:08:04.289Z,2026-01-21T08:08:47.185Z,42896,2026-01-21T08:08:46.852Z
253,676ed14d-d462-4ce7-9728-8f034eeb0d6a,C,main,1,1,6,audio,10b2faa8-c761-4c82-8708-013cbc752ee1,2,2,2,6,5,2,6,6,"気持ち悪い
たどたどしい
自信が無い
",2026-01-21T08:06:20.880Z,2026-01-21T08:06:27.813Z,2026-01-21T08:06:30.547Z,2026-01-21T08:08:48.180Z,137633,2026-01-21T08:08:49.455Z
254,f0b7185f-2506-45d0-aa8f-82950bb1dedd,C,main,3,2,3,image,,3,4,4,4,4,5,4,3,"通常
普通
自分",2026-01-21T08:07:52.856Z,2026-01-21T08:07:55.859Z,2026-01-21T08:08:10.436Z,2026-01-21T08:08:51.653Z,41217,2026-01-21T08:08:51.409Z
255,78eb48aa-b64b-4bcb-be68-cfd6f82e4ca9,C,main,2,1,2,audio,b0aeb58b-d0ff-421f-bf46-b8659f1e2de9,5,4,2,6,7,5,1,1,"客観的
淡々としている
強調",2026-01-21T08:07:17.661Z,2026-01-21T08:07:24.730Z,2026-01-21T08:07:26.170Z,2026-01-21T08:08:47.698Z,81528,2026-01-21T08:08:57.734Z
256,75903c68-a7d6-4108-a466-0c97e10b9844,D,main,3,2,5,audio,50b93c1d-4945-4a36-ad57-602c6d6d3a3c,2,4,3,5,3,3,4,4,"聞き取りにくい
鼻が詰まった感じ
活舌が悪い",2026-01-21T08:07:33.989Z,2026-01-21T08:07:40.470Z,2026-01-21T08:07:41.877Z,2026-01-21T08:08:59.752Z,77875,2026-01-21T08:08:58.760Z
257,3602c48b-bfbf-46fb-b06b-29c36914a428,D,main,2,1,4,image,,6,2,1,7,3,4,1,7,"高い,気味が悪い,気持ち悪い",2026-01-21T08:05:49.683Z,2026-01-21T08:05:52.685Z,2026-01-21T08:05:59.359Z,2026-01-21T08:09:06.725Z,187366,2026-01-21T08:09:04.820Z
258,ec72ae78-df4f-4f53-97a1-9693e18fa1e6,C,main,2,1,3,audio,93b8b68b-974c-46c7-a40e-48743feb69ab,3,3,3,5,5,5,2,3,ゆっくり，理性，低い,2026-01-21T08:08:23.982Z,2026-01-21T08:08:29.885Z,2026-01-21T08:08:30.402Z,2026-01-21T08:09:06.107Z,35705,2026-01-21T08:09:06.427Z
259,7a7f8054-457c-4be2-8429-ade2dd2dff87,D,main,2,1,7,image,,1,1,7,1,2,2,6,7,"自分の声ではないような感じがする。
不快になる。
不気味に感じる。",2026-01-21T08:06:57.373Z,2026-01-21T08:07:00.378Z,2026-01-21T08:07:03.292Z,2026-01-21T08:09:08.916Z,125624,2026-01-21T08:09:09.418Z
260,817b304b-8822-4a37-a40b-c67330dbe046,C,main,3,2,6,image,,2,2,5,3,5,4,2,5,"複雑な気持ち
違和感がある
少し聞き慣れない",2026-01-21T08:07:04.854Z,2026-01-21T08:07:07.856Z,2026-01-21T08:07:14.575Z,2026-01-21T08:09:10.896Z,116321,2026-01-21T08:09:11.042Z
261,8b17231f-31e3-4984-8444-92cd9bbd08ae,D,main,4,2,3,audio,d8248c12-79cf-4cde-bfd3-cf04c10b8b4b,7,7,1,7,7,7,1,1,"意外とよい
しっかりさが感じられる
落ち着いている",2026-01-21T08:07:54.415Z,2026-01-21T08:08:00.891Z,2026-01-21T08:08:03.432Z,2026-01-21T08:09:30.474Z,87042,2026-01-21T08:09:13.177Z
262,f0b7185f-2506-45d0-aa8f-82950bb1dedd,C,main,4,2,1,image,,4,4,4,4,5,5,3,3,"普通
自分
無",2026-01-21T08:08:51.705Z,2026-01-21T08:08:54.706Z,2026-01-21T08:08:56.981Z,2026-01-21T08:09:14.633Z,17652,2026-01-21T08:09:14.388Z
263,22857e3a-5924-4623-8ac6-dd716ad0fb85,A,main,2,1,7,audio,95e31553-7e2b-4d0f-971a-8a696b12534b,2,3,2,6,4,3,1,1,"ゆっくり
落ち着いた
聞き取りにくい",2026-01-21T08:00:57.665Z,2026-01-21T08:01:03.623Z,2026-01-21T08:01:04.378Z,2026-01-21T08:09:14.624Z,490246,2026-01-21T08:09:15.471Z
264,a8739266-0dcc-47f5-b16c-91835f64b26f,D,main,4,2,5,audio,f8459558-11ab-43f3-91f4-9a6d5985d2d7,4,4,3,5,2,2,3,3,"スピードが比較的話しているときに近い
自分が話すよりはっきりしている
声も大きめ",2026-01-21T08:08:49.329Z,2026-01-21T08:08:58.786Z,2026-01-21T08:08:59.673Z,2026-01-21T08:09:43.425Z,43752,2026-01-21T08:09:43.094Z
265,b3f850c4-c04d-4f48-a08c-87459f9a2b58,B,main,3,2,6,image,,5,1,1,7,5,5,1,1,"「おもしろい」
「高い」
「軽い」
「騒々しい」",2026-01-21T08:07:06.369Z,2026-01-21T08:07:09.373Z,2026-01-21T08:07:14.953Z,2026-01-21T08:09:46.261Z,151308,2026-01-21T08:09:46.478Z
266,4d48b0dd-bafd-4223-b859-b71fd8b35433,A,main,2,1,8,audio,b2c11bb3-d7ae-4e07-8705-97c619e04b51,3,3,3,5,4,3,5,5,張りがない，おとなしい，聞き取りにくい,2026-01-21T08:08:18.102Z,2026-01-21T08:08:25.522Z,2026-01-21T08:08:27.257Z,2026-01-21T08:09:46.485Z,79228,2026-01-21T08:09:46.685Z
267,31bc944c-965b-4c83-a8b1-dfb62b4c19ba,C,main,3,2,3,image,,3,4,3,5,3,3,3,3,柔らかい，聞き取りやすい，クリア,2026-01-21T08:08:27.361Z,2026-01-21T08:08:30.362Z,2026-01-21T08:08:33.297Z,2026-01-21T08:09:46.811Z,73514,2026-01-21T08:09:47.623Z
268,30c7eb18-ffc1-4880-aab6-872ae99c90f2,C,main,3,2,1,image,,4,4,3,5,5,6,1,1,"透き通った,高い,優しい,綺麗な",2026-01-21T08:08:32.412Z,2026-01-21T08:08:35.413Z,2026-01-21T08:08:44.048Z,2026-01-21T08:09:55.204Z,71156,2026-01-21T08:09:54.716Z
269,168b3ba9-a8ce-422f-bc9c-a862eaf8815c,D,main,4,2,5,audio,b4ff6043-735e-4758-a3bd-8a2ec56fc0b5,1,2,6,2,5,2,5,5,"暗い
気持ちが悪い
不安そう",2026-01-21T08:07:44.798Z,2026-01-21T08:07:52.056Z,2026-01-21T08:07:54.190Z,2026-01-21T08:10:01.366Z,127176,2026-01-21T08:10:00.435Z
270,1f29e4de-41b1-4b52-9587-04e4845cd0fd,C,main,2,1,6,audio,ff9f334f-1d9d-4201-8cd4-2030653c2c6f,6,2,2,6,6,6,5,2,"低い,暗い,重い,張りがない",2026-01-21T08:08:42.593Z,2026-01-21T08:08:48.124Z,2026-01-21T08:08:52.082Z,2026-01-21T08:10:00.959Z,68877,2026-01-21T08:10:01.834Z
271,43971bbb-9917-41d4-aa52-0f91937c07e5,B,main,3,2,1,image,,5,5,2,6,5,5,3,3,落ち着いた低めのトーン，日常的に出しているリラックスした話し方，穏やかで自然な響き,2026-01-21T08:09:00.507Z,2026-01-21T08:09:03.508Z,2026-01-21T08:09:04.529Z,2026-01-21T08:10:05.551Z,61022,2026-01-21T08:10:05.595Z
272,f15f86c1-9876-40f5-a527-2ddd451a9744,D,main,2,1,8,image,,5,5,2,6,6,6,2,2,"自分らしい
親しみ
男らしい",2026-01-21T08:08:38.033Z,2026-01-21T08:08:41.034Z,2026-01-21T08:08:55.873Z,2026-01-21T08:10:14.885Z,79012,2026-01-21T08:10:12.574Z
273,1c3a4ce3-da4f-454e-9669-fd7e3ba54838,C,main,2,1,3,audio,073f11e7-7357-40c8-8433-baa3922e041a,6,7,1,7,7,7,1,1,"温かい
良い
低い",2026-01-21T08:05:35.070Z,2026-01-21T08:05:40.611Z,2026-01-21T08:05:42.205Z,2026-01-21T08:10:13.930Z,271725,2026-01-21T08:10:14.170Z
274,676ed14d-d462-4ce7-9728-8f034eeb0d6a,C,main,2,1,7,audio,b3830971-a1a3-476e-8614-19f1dd2ac25d,2,2,2,6,5,5,6,4,"気持ち悪い
滑舌が悪い
幼い",2026-01-21T08:08:50.160Z,2026-01-21T08:08:58.051Z,2026-01-21T08:08:59.526Z,2026-01-21T08:10:15.990Z,76464,2026-01-21T08:10:17.130Z
275,e836c43a-2375-45b7-a441-f4eb17eb3aea,C,main,1,1,3,audio,081b73bf-2d4d-4f9a-ba15-7fa966a761b8,2,3,5,3,4,5,4,3,"暗い
重い
低い",2026-01-21T08:08:52.527Z,2026-01-21T08:08:58.635Z,2026-01-21T08:09:01.012Z,2026-01-21T08:10:16.418Z,75406,2026-01-21T08:10:17.997Z
276,31bc944c-965b-4c83-a8b1-dfb62b4c19ba,C,main,4,2,7,image,,3,4,3,5,4,4,3,3,クリア，普通，上品,2026-01-21T08:09:46.840Z,2026-01-21T08:09:49.841Z,2026-01-21T08:09:50.569Z,2026-01-21T08:10:17.784Z,27215,2026-01-21T08:10:18.595Z
277,776820a9-7d7f-493b-b3a8-70ba710e8172,B,main,2,1,6,image,,2,2,2,6,5,4,3,6,"暗い,重い,冷たい,虚しい",2026-01-21T08:08:34.875Z,2026-01-21T08:08:37.877Z,2026-01-21T08:08:39.721Z,2026-01-21T08:10:20.804Z,101083,2026-01-21T08:10:20.834Z
278,8105b8f0-173b-4407-a808-e81bd9560df5,B,main,1,1,8,image,,5,4,2,6,3,5,2,2,"少し高い,少し幼い,若い,細い",2026-01-21T08:05:05.333Z,2026-01-21T08:05:08.334Z,2026-01-21T08:05:18.465Z,2026-01-21T08:10:20.146Z,301681,2026-01-21T08:10:20.953Z
279,75903c68-a7d6-4108-a466-0c97e10b9844,D,main,4,2,8,audio,f8c2cf55-88fa-4150-b994-8c7cbe77cfc5,2,4,4,4,3,3,4,3,"くぐもっている
感情がこもっていない
聞き取りにくい",2026-01-21T08:09:02.365Z,2026-01-21T08:09:10.040Z,2026-01-21T08:09:12.181Z,2026-01-21T08:10:30.669Z,78488,2026-01-21T08:10:29.684Z
280,ce289f52-aae0-40cb-9307-309e246765ce,C,main,1,1,3,audio,5ddab338-cd21-44b0-8618-488bfd2dbf04,4,5,5,3,1,1,1,7,"若々しい
落ち着いている
お茶目な
想定外の",2026-01-21T08:06:14.524Z,2026-01-21T08:06:22.378Z,2026-01-21T08:06:26.516Z,2026-01-21T08:10:31.277Z,244761,2026-01-21T08:10:34.494Z
281,1bbcd04b-690c-4eba-9458-c8dde3c859c0,C,main,1,1,4,audio,6d133193-3093-4a73-8e16-fac7495a9b42,3,3,4,4,5,5,4,4,"柔らかい
ごもる
小さい",2026-01-21T08:09:17.568Z,2026-01-21T08:09:24.055Z,2026-01-21T08:09:26.017Z,2026-01-21T08:10:43.113Z,77096,2026-01-21T08:10:43.433Z
282,ec72ae78-df4f-4f53-97a1-9693e18fa1e6,C,main,3,2,2,image,,5,2,3,5,5,5,2,2,"低い
太い
野生",2026-01-21T08:10:13.868Z,2026-01-21T08:10:16.871Z,2026-01-21T08:10:17.594Z,2026-01-21T08:10:43.130Z,25536,2026-01-21T08:10:43.483Z
283,d9c2e8fd-b910-4cbc-b2ed-e75640c5c720,D,main,1,1,4,image,,3,4,4,4,5,3,5,5,きまりが悪い，不自然，気持ちが悪い，,2026-01-21T08:09:34.119Z,2026-01-21T08:09:37.126Z,2026-01-21T08:09:46.239Z,2026-01-21T08:11:11.895Z,85656,2026-01-21T08:10:44.644Z
284,4178e4f6-275e-41dd-be3f-317b84438f4c,C,main,1,1,4,audio,f0e002d6-184e-4278-9ac5-e8c7ecff8a57,5,4,3,5,5,5,4,3,"静かな
おとなしい
淡々とした",2026-01-21T08:08:50.359Z,2026-01-21T08:08:55.800Z,2026-01-21T08:08:58.295Z,2026-01-21T08:10:44.613Z,106318,2026-01-21T08:10:45.769Z
285,39d04128-a3c8-44af-96f6-63cc365e1366,C,main,4,2,6,image,,4,2,2,6,3,4,3,3,少し力を入れたような，少し上ずったような，多少格好をつけたような，余所行きの様な，,2026-01-21T08:07:47.433Z,2026-01-21T08:07:50.445Z,2026-01-21T08:07:54.496Z,2026-01-21T08:10:47.490Z,172994,2026-01-21T08:10:48.558Z
286,7a7f8054-457c-4be2-8429-ade2dd2dff87,D,main,3,2,7,audio,f3bcd084-6f35-42fc-90ac-a585ccc3f0af,1,1,7,1,1,2,7,7,"声に暗さがあり気持ち悪い。
滑舌が悪くて聞き取りづらい。
不気味に感じる。",2026-01-21T08:09:54.418Z,2026-01-21T08:10:02.632Z,2026-01-21T08:10:03.783Z,2026-01-21T08:10:53.964Z,50181,2026-01-21T08:10:54.596Z
287,e673f157-8c0b-4deb-8c58-59314444a804,D,main,3,2,1,audio,5a0c7d74-836b-493a-9250-e9b2de95d92b,2,2,3,5,3,2,4,5,"やはり籠った声になって聞きづらい感じがする。
活舌が悪い感じがする。
暗い印象がある。",2026-01-21T08:09:14.304Z,2026-01-21T08:09:20.184Z,2026-01-21T08:09:24.260Z,2026-01-21T08:10:56.760Z,92500,2026-01-21T08:10:57.961Z
288,f3ee4773-9965-4fbd-b8af-4552e1a34d60,A,main,1,1,4,audio,daebe944-aa45-4698-b286-58cba7cb6929,3,2,2,6,3,2,2,3,"少し暗い声色です。
スムーズに朗読できていない。
明るくはっきり喋ればよかったです。",2026-01-21T08:06:35.736Z,2026-01-21T08:06:45.611Z,2026-01-21T08:06:57.045Z,2026-01-21T08:11:01.115Z,244070,2026-01-21T08:11:01.289Z
289,dde796aa-7269-43b6-b9f4-f06bad4b89f6,C,main,1,1,4,audio,b347a009-3db5-4538-93e9-af2f30d7d2dc,2,5,5,3,4,4,5,5,"暗い
怖い
不気味",2026-01-21T08:06:53.544Z,2026-01-21T08:07:02.288Z,2026-01-21T08:07:06.131Z,2026-01-21T08:11:03.663Z,237532,2026-01-21T08:11:03.868Z
290,43971bbb-9917-41d4-aa52-0f91937c07e5,B,main,4,2,7,image,,5,5,2,6,6,6,2,2,完全に自分の声，日常会話らしい感じ，自然で聞き取りやすい話し方,2026-01-21T08:10:05.601Z,2026-01-21T08:10:08.603Z,2026-01-21T08:10:21.672Z,2026-01-21T08:11:05.895Z,44223,2026-01-21T08:11:05.940Z
291,9135a356-c046-4459-b1b0-4078ca71f23d,D,main,1,1,8,image,,3,3,2,6,3,3,2,2,"普通
そのまま
平凡",2026-01-21T08:08:53.786Z,2026-01-21T08:08:56.807Z,2026-01-21T08:09:09.657Z,2026-01-21T08:11:05.813Z,116156,2026-01-21T08:11:06.083Z
292,e836c43a-2375-45b7-a441-f4eb17eb3aea,C,main,2,1,4,audio,980050ad-9acc-4dc2-8f7b-7de94104e324,2,3,4,4,4,4,4,4,"暗い
低い
ねちっこい",2026-01-21T08:10:21.123Z,2026-01-21T08:10:26.961Z,2026-01-21T08:10:28.906Z,2026-01-21T08:11:05.838Z,36932,2026-01-21T08:11:07.434Z
293,817b304b-8822-4a37-a40b-c67330dbe046,C,main,4,2,1,image,,3,3,5,3,6,5,2,4,"聞き慣れてきた
少しだけ複雑な気持ち
自分らしさがある",2026-01-21T08:09:11.060Z,2026-01-21T08:09:14.064Z,2026-01-21T08:09:20.947Z,2026-01-21T08:11:15.176Z,114229,2026-01-21T08:11:15.320Z
294,a0d4fb9c-f886-4f93-8343-d4db3d015df2,C,main,1,1,7,audio,130fa146-b1fe-4a69-ba6f-50d23318b290,4,4,4,4,5,5,3,6,"暗い
普通
がさがさ",2026-01-21T08:10:22.369Z,2026-01-21T08:10:26.622Z,2026-01-21T08:10:27.416Z,2026-01-21T08:11:13.982Z,46566,2026-01-21T08:11:15.867Z
295,eab10ddb-0317-41e4-831e-445f6bd325fd,C,main,2,1,2,audio,a9c4d93a-4802-4be0-a7f9-377a4f93643c,3,2,6,2,3,4,6,6,"ぎこちない
拙い
舌足らずな
奇異な
歯切れの悪い

",2026-01-21T08:04:42.813Z,2026-01-21T08:04:49.552Z,2026-01-21T08:04:52.255Z,2026-01-21T08:11:18.763Z,386508,2026-01-21T08:11:18.767Z
296,ec72ae78-df4f-4f53-97a1-9693e18fa1e6,C,main,4,2,3,image,,5,2,2,6,6,4,2,2,"普通
わたし
イメージ",2026-01-21T08:10:43.485Z,2026-01-21T08:10:46.489Z,2026-01-21T08:10:47.716Z,2026-01-21T08:11:18.877Z,31161,2026-01-21T08:11:19.194Z
297,1e76a9fb-504c-46ae-a330-4f6c66e580f1,C,main,1,1,5,audio,3a5ee2b8-6313-4f2e-9388-df194493a83a,5,4,4,4,6,5,2,2,"おだやか,静か,不慣れ,困惑",2026-01-21T08:09:17.625Z,2026-01-21T08:09:24.285Z,2026-01-21T08:09:43.412Z,2026-01-21T08:11:19.513Z,96101,2026-01-21T08:11:19.733Z
298,78eb48aa-b64b-4bcb-be68-cfd6f82e4ca9,C,main,3,2,2,image,,5,2,2,6,5,4,1,3,"丁寧
親しみ
安心",2026-01-21T08:09:58.954Z,2026-01-21T08:10:01.955Z,2026-01-21T08:10:12.377Z,2026-01-21T08:11:15.797Z,63420,2026-01-21T08:11:25.895Z
299,22857e3a-5924-4623-8ac6-dd716ad0fb85,A,main,3,2,1,audio,af63a8fb-747d-4891-b2be-6641d4bb274e,3,3,4,4,4,3,1,1,"落ち着いた
ゆっくり
眠そう",2026-01-21T08:10:11.902Z,2026-01-21T08:10:19.382Z,2026-01-21T08:10:20.008Z,2026-01-21T08:11:25.626Z,65618,2026-01-21T08:11:26.232Z
300,fb58c502-07a8-450a-ad05-059c7d24dbc7,C,main,3,2,7,image,,5,5,3,5,6,5,3,3,"弱々しい
あどけない
自信がない",2026-01-21T08:10:24.544Z,2026-01-21T08:10:27.546Z,2026-01-21T08:10:37.576Z,2026-01-21T08:11:32.937Z,55361,2026-01-21T08:11:30.696Z
301,7ef0d741-6a9f-4d8e-ad62-04826a5c6628,D,main,3,2,8,audio,9e2fd5c6-4c34-4052-8773-d31f4d3589f4,1,1,7,1,1,1,7,7,不気味，不思議，不愉快，居心地が悪い,2026-01-21T08:09:48.842Z,2026-01-21T08:09:54.043Z,2026-01-21T08:09:56.545Z,2026-01-21T08:11:30.360Z,93815,2026-01-21T08:11:31.184Z
302,b3f850c4-c04d-4f48-a08c-87459f9a2b58,B,main,4,2,3,image,,5,1,1,7,5,5,1,1,"「自分らしい」
「低い」
「騒々しい」
「不快でない」
",2026-01-21T08:09:46.528Z,2026-01-21T08:09:49.531Z,2026-01-21T08:09:52.562Z,2026-01-21T08:11:33.258Z,100696,2026-01-21T08:11:33.404Z
303,30c7eb18-ffc1-4880-aab6-872ae99c90f2,C,main,4,2,5,image,,5,6,2,6,6,6,1,1,"綺麗,やさしい,高い,温かい",2026-01-21T08:09:55.229Z,2026-01-21T08:09:58.231Z,2026-01-21T08:10:07.816Z,2026-01-21T08:11:37.533Z,89717,2026-01-21T08:11:37.040Z
304,c4ef57c0-b1d6-47be-b3e4-ec34553480c5,D,main,3,2,6,audio,06ee05df-dbf2-4894-bbcb-4099f6c4eb8f,2,1,7,1,4,3,5,5,"高い
弱弱しい
小さい",2026-01-21T08:09:20.173Z,2026-01-21T08:09:27.154Z,2026-01-21T08:09:46.356Z,2026-01-21T08:11:44.549Z,118193,2026-01-21T08:11:43.921Z
305,7a7f8054-457c-4be2-8429-ade2dd2dff87,D,main,4,2,6,audio,31124655-ae81-4d61-818a-7fbcf5371a5b,1,1,7,1,1,2,7,7,"声が暗くてとても低い。
不気味に感じる。
聞き取りづらい。",2026-01-21T08:10:55.914Z,2026-01-21T08:11:02.648Z,2026-01-21T08:11:03.094Z,2026-01-21T08:11:46.576Z,43482,2026-01-21T08:11:46.968Z
306,d9c2e8fd-b910-4cbc-b2ed-e75640c5c720,D,main,2,1,6,image,,3,4,4,4,5,3,4,5,変な，不自然な，妙な，,2026-01-21T08:11:12.002Z,2026-01-21T08:11:15.004Z,2026-01-21T08:11:19.709Z,2026-01-21T08:12:26.346Z,66637,2026-01-21T08:11:59.091Z
307,1bbcd04b-690c-4eba-9458-c8dde3c859c0,C,main,2,1,2,audio,b26406d8-697c-4758-8c9e-cce4cf2f77d2,4,3,5,3,6,5,4,5,"鈍い
小さい
たどたどしい",2026-01-21T08:10:45.219Z,2026-01-21T08:10:50.461Z,2026-01-21T08:10:51.602Z,2026-01-21T08:11:59.423Z,67821,2026-01-21T08:11:59.884Z
308,a0d4fb9c-f886-4f93-8343-d4db3d015df2,C,main,2,1,6,audio,f5de35d7-d553-4362-a345-543d15c3fad3,3,3,5,3,3,3,4,5,"緊張
暗い
がさがさ",2026-01-21T08:11:16.455Z,2026-01-21T08:11:22.524Z,2026-01-21T08:11:23.349Z,2026-01-21T08:11:59.435Z,36086,2026-01-21T08:12:01.343Z
309,ce289f52-aae0-40cb-9307-309e246765ce,C,main,2,1,2,audio,1a310a7d-402f-4897-befe-28a421e5debd,2,2,6,2,4,2,6,5,"鼻声
鼻炎気味
好ましくない
がっかりした",2026-01-21T08:10:33.676Z,2026-01-21T08:10:40.108Z,2026-01-21T08:10:44.252Z,2026-01-21T08:12:00.828Z,76576,2026-01-21T08:12:04.005Z
310,27aaba39-c9f6-4de9-b0e2-f5e33f3cbce6,D,main,1,1,3,image,,4,4,4,4,4,4,4,4,"静か,こもっている,聞き取りずらい",2026-01-21T08:10:10.971Z,2026-01-21T08:10:13.973Z,2026-01-21T08:10:20.216Z,2026-01-21T08:12:14.020Z,113804,2026-01-21T08:12:13.276Z
311,8105b8f0-173b-4407-a808-e81bd9560df5,B,main,2,1,3,image,,5,2,1,7,2,5,2,2,"少し高い,少し幼い,若い,明るい",2026-01-21T08:10:20.442Z,2026-01-21T08:10:23.443Z,2026-01-21T08:10:27.810Z,2026-01-21T08:12:13.470Z,105660,2026-01-21T08:12:14.101Z
312,22857e3a-5924-4623-8ac6-dd716ad0fb85,A,main,4,2,7,audio,95e31553-7e2b-4d0f-971a-8a696b12534b,3,4,3,5,4,4,1,5,"若干聞き取りづらい
落ち着いた
ゆっくり",2026-01-21T08:11:26.824Z,2026-01-21T08:11:32.783Z,2026-01-21T08:11:33.703Z,2026-01-21T08:12:20.967Z,47264,2026-01-21T08:12:21.577Z
313,fb58c502-07a8-450a-ad05-059c7d24dbc7,C,main,4,2,2,image,,5,5,3,5,6,5,3,3,"落ち着いた
はかない
かよわい",2026-01-21T08:11:32.987Z,2026-01-21T08:11:35.989Z,2026-01-21T08:11:42.928Z,2026-01-21T08:12:25.185Z,42257,2026-01-21T08:12:22.960Z
314,9135a356-c046-4459-b1b0-4078ca71f23d,D,main,2,1,3,image,,3,3,2,6,4,3,1,1,"疑問形
日常的
平常",2026-01-21T08:11:05.971Z,2026-01-21T08:11:08.977Z,2026-01-21T08:11:16.783Z,2026-01-21T08:12:25.145Z,68362,2026-01-21T08:12:25.654Z
315,e673f157-8c0b-4deb-8c58-59314444a804,D,main,4,2,3,audio,11651669-8e48-47a0-ac4f-68cfa81bc560,2,2,4,4,3,3,4,5,"やはり活舌が悪い。
暗い印象がある。
声に籠った感じで違和感がある。",2026-01-21T08:10:59.191Z,2026-01-21T08:11:03.694Z,2026-01-21T08:11:04.849Z,2026-01-21T08:12:27.843Z,82994,2026-01-21T08:12:29.047Z
317,78eb48aa-b64b-4bcb-be68-cfd6f82e4ca9,C,main,4,2,7,image,,4,2,2,6,5,4,1,2,"きっぱり
落ち着き
安定",2026-01-21T08:11:15.908Z,2026-01-21T08:11:18.910Z,2026-01-21T08:11:23.673Z,2026-01-21T08:12:24.520Z,60847,2026-01-21T08:12:34.571Z
318,2a1ca3ae-9043-4f6c-9a72-cc5664db7dc6,D,main,1,1,5,image,,1,1,7,1,7,2,6,6,かよわい，細い，弱い,2026-01-21T08:11:30.226Z,2026-01-21T08:11:33.231Z,2026-01-21T08:11:44.610Z,2026-01-21T08:12:35.345Z,50735,2026-01-21T08:12:36.531Z
319,7ef0d741-6a9f-4d8e-ad62-04826a5c6628,D,main,4,2,1,audio,5955c180-cec8-4172-8d67-d0f645c609ad,1,1,7,1,1,1,7,7,不気味，大きな違和感，不思議，落ち着かない，不安定,2026-01-21T08:11:32.135Z,2026-01-21T08:11:37.321Z,2026-01-21T08:11:40.559Z,2026-01-21T08:12:36.623Z,56064,2026-01-21T08:12:37.449Z
320,dde796aa-7269-43b6-b9f4-f06bad4b89f6,C,main,2,1,1,audio,d808bb0f-5cb9-45df-a3d7-8e9a3a638bd8,5,4,3,5,5,5,2,5,"軽い
明るい
心地よい",2026-01-21T08:11:05.918Z,2026-01-21T08:11:13.811Z,2026-01-21T08:11:15.251Z,2026-01-21T08:12:38.600Z,83349,2026-01-21T08:12:38.799Z
321,1e76a9fb-504c-46ae-a330-4f6c66e580f1,C,main,2,1,3,audio,7fee100e-fad7-4762-81dd-70896f4b5f33,5,4,2,6,5,5,2,2,"優しい,おだやか,楽しい",2026-01-21T08:11:21.515Z,2026-01-21T08:11:25.577Z,2026-01-21T08:11:26.731Z,2026-01-21T08:12:42.120Z,75389,2026-01-21T08:12:42.320Z
322,4178e4f6-275e-41dd-be3f-317b84438f4c,C,main,2,1,3,audio,391d90aa-8228-410a-83e7-16ddd89b5f0e,5,3,2,6,6,5,1,1,"ぼそぼそした
真面目そうな
落ち着いている",2026-01-21T08:10:49.433Z,2026-01-21T08:10:54.268Z,2026-01-21T08:10:55.755Z,2026-01-21T08:12:42.978Z,107223,2026-01-21T08:12:44.013Z
323,1c3a4ce3-da4f-454e-9669-fd7e3ba54838,C,main,3,2,5,image,,5,6,1,7,7,7,1,1,"温かい
良い
低い",2026-01-21T08:12:01.706Z,2026-01-21T08:12:04.707Z,2026-01-21T08:12:15.143Z,2026-01-21T08:12:52.554Z,37411,2026-01-21T08:12:52.690Z
324,389586ad-b0a1-44f2-a2de-dd1662b3380e,C,main,1,1,3,audio,9b4a0b4a-c8aa-43d3-a9d8-35228857a0b2,6,6,3,5,7,4,3,2,"優しい
明るい
大きい",2026-01-21T08:11:51.022Z,2026-01-21T08:11:55.588Z,2026-01-21T08:11:56.918Z,2026-01-21T08:12:53.902Z,56984,2026-01-21T08:12:53.087Z
325,1f29e4de-41b1-4b52-9587-04e4845cd0fd,C,main,3,2,8,image,,2,2,6,2,6,5,5,2,"辛気臭い,軽い,感情が無い,つまらない",2026-01-21T08:11:12.006Z,2026-01-21T08:11:15.007Z,2026-01-21T08:11:22.160Z,2026-01-21T08:12:58.724Z,96564,2026-01-21T08:12:58.934Z
326,c4ef57c0-b1d6-47be-b3e4-ec34553480c5,D,main,4,2,4,audio,0c6682b2-1c97-4096-abe1-901a9d946aeb,2,1,6,2,3,3,5,5,"弱弱しい
高い
小さい",2026-01-21T08:11:47.477Z,2026-01-21T08:11:53.354Z,2026-01-21T08:11:56.924Z,2026-01-21T08:13:08.956Z,72032,2026-01-21T08:13:08.240Z
327,4d48b0dd-bafd-4223-b859-b71fd8b35433,A,main,3,2,8,audio,b2c11bb3-d7ae-4e07-8705-97c619e04b51,3,3,3,5,4,4,3,5,おとなしい，元気を感じない，声量がない,2026-01-21T08:12:05.352Z,2026-01-21T08:12:12.781Z,2026-01-21T08:12:13.624Z,2026-01-21T08:13:10.496Z,56872,2026-01-21T08:13:10.693Z
328,3602c48b-bfbf-46fb-b06b-29c36914a428,D,main,3,2,4,audio,80b31eff-50d6-43c9-95f1-f26d814e3b98,3,2,2,6,1,4,1,7,"知らない,自分じゃない,気持ち悪い,気味が悪い",2026-01-21T08:11:15.747Z,2026-01-21T08:11:20.287Z,2026-01-21T08:11:23.776Z,2026-01-21T08:13:20.193Z,116417,2026-01-21T08:13:18.387Z
329,676ed14d-d462-4ce7-9728-8f034eeb0d6a,C,main,3,2,7,image,,3,3,3,5,5,3,6,5,"気持ち悪い
滑舌が悪い
幼い",2026-01-21T08:12:06.577Z,2026-01-21T08:12:09.582Z,2026-01-21T08:12:19.094Z,2026-01-21T08:13:17.904Z,58810,2026-01-21T08:13:19.047Z
330,a0d4fb9c-f886-4f93-8343-d4db3d015df2,C,main,3,2,7,image,,4,5,3,5,5,5,2,3,"普通
暗め
早い",2026-01-21T08:12:31.613Z,2026-01-21T08:12:34.614Z,2026-01-21T08:12:37.362Z,2026-01-21T08:13:23.456Z,46094,2026-01-21T08:13:25.342Z
331,1c3a4ce3-da4f-454e-9669-fd7e3ba54838,C,main,4,2,3,image,,6,7,1,7,7,7,1,1,"温かい
良い
低い",2026-01-21T08:12:52.586Z,2026-01-21T08:12:55.587Z,2026-01-21T08:13:00.227Z,2026-01-21T08:13:40.501Z,40274,2026-01-21T08:13:40.642Z
332,562f1b62-e20d-443e-a8f7-d04a2bb5fc88,B,main,1,1,1,image,,4,4,3,5,5,4,3,3,低い，落ち着いた，少しこもった,2026-01-21T08:11:06.353Z,2026-01-21T08:11:09.355Z,2026-01-21T08:11:16.960Z,2026-01-21T08:13:52.225Z,155265,2026-01-21T08:13:53.629Z
333,f6a5c6fd-c50e-48be-9725-e1cf2cef873f,C,main,1,1,3,audio,1720b4ba-d079-4c4b-926a-e35a46509329,5,3,3,5,6,5,3,2,"力強い
男らしい
ハキハキした
",2026-01-21T08:12:39.478Z,2026-01-21T08:12:45.795Z,2026-01-21T08:12:45.900Z,2026-01-21T08:13:51.558Z,65658,2026-01-21T08:13:55.859Z
334,f3ee4773-9965-4fbd-b8af-4552e1a34d60,A,main,2,1,5,audio,d379dde5-ae50-4c6f-b1de-0ed422d7ea3a,3,2,3,5,3,2,2,2,"スムーズに朗読できていない。
全体的に暗いトーン
少し活舌が悪くなりました。",2026-01-21T08:11:07.930Z,2026-01-21T08:11:16.804Z,2026-01-21T08:11:20.675Z,2026-01-21T08:13:58.338Z,157663,2026-01-21T08:13:58.493Z
335,f15f86c1-9876-40f5-a527-2ddd451a9744,D,main,3,2,4,audio,367fce55-9615-4259-b8dd-9d9556a2fd35,3,4,5,3,2,3,4,5,"違和感
おかしい
自分ではない",2026-01-21T08:12:18.432Z,2026-01-21T08:12:23.108Z,2026-01-21T08:12:25.568Z,2026-01-21T08:14:05.365Z,99797,2026-01-21T08:14:03.078Z
336,2a1ca3ae-9043-4f6c-9a72-cc5664db7dc6,D,main,2,1,8,image,,1,1,7,1,7,2,6,5,弱い，暗い，小さい,2026-01-21T08:12:35.413Z,2026-01-21T08:12:38.416Z,2026-01-21T08:12:45.951Z,2026-01-21T08:14:02.312Z,76361,2026-01-21T08:14:03.501Z
337,a0d4fb9c-f886-4f93-8343-d4db3d015df2,C,main,4,2,6,image,,4,5,3,5,4,5,4,3,"暗い
早い
がさがさ",2026-01-21T08:13:23.511Z,2026-01-21T08:13:26.512Z,2026-01-21T08:13:27.985Z,2026-01-21T08:14:05.352Z,37367,2026-01-21T08:14:07.250Z
338,4d48b0dd-bafd-4223-b859-b71fd8b35433,A,main,4,2,3,audio,cb1aee52-1125-4bb0-8c6e-657c95e0da45,3,3,3,5,2,3,3,5,聴き取りにくい，暗い，メリハリがない,2026-01-21T08:13:13.926Z,2026-01-21T08:13:20.585Z,2026-01-21T08:13:21.140Z,2026-01-21T08:14:09.560Z,48420,2026-01-21T08:14:09.759Z
339,9ca4e310-8acd-4462-97ac-7b3ab6bd5b77,A,main,1,1,8,audio,c4fc813d-0fc0-4960-bfee-63e87d4e600d,4,4,1,7,6,6,1,1,"じぶんらしい
少し聞きづらい
低い",2026-01-21T08:12:43.995Z,2026-01-21T08:12:50.358Z,2026-01-21T08:12:52.889Z,2026-01-21T08:14:13.961Z,81072,2026-01-21T08:14:13.043Z
340,389586ad-b0a1-44f2-a2de-dd1662b3380e,C,main,2,1,6,audio,285fb154-9a1b-4398-91b0-3c6894f3214c,6,7,2,6,7,7,2,3,"温かい
明るい
大きい",2026-01-21T08:12:55.318Z,2026-01-21T08:13:00.608Z,2026-01-21T08:13:01.397Z,2026-01-21T08:14:15.423Z,74026,2026-01-21T08:14:14.612Z
341,3baf857c-7084-4b28-9e33-f579d941ed23,B,main,1,1,5,image,,5,4,4,4,3,3,2,4,"単調
自然
冷静",2026-01-21T08:13:24.816Z,2026-01-21T08:13:27.817Z,2026-01-21T08:13:33.217Z,2026-01-21T08:14:15.045Z,41828,2026-01-21T08:14:15.111Z
342,0191f5c6-e810-47cd-8aab-a2c6a06f77d1,B,main,1,1,7,image,,4,4,3,5,6,6,2,2,"女性的
柔らかい
ゆっくりした",2026-01-21T08:10:47.413Z,2026-01-21T08:10:50.414Z,2026-01-21T08:11:07.505Z,2026-01-21T08:14:15.289Z,187784,2026-01-21T08:14:15.324Z
343,676ed14d-d462-4ce7-9728-8f034eeb0d6a,C,main,4,2,6,image,,3,3,3,5,5,3,6,5,"気持ち悪い
滑舌が悪い
幼い",2026-01-21T08:13:17.966Z,2026-01-21T08:13:20.969Z,2026-01-21T08:13:30.132Z,2026-01-21T08:14:18.891Z,48759,2026-01-21T08:14:20.044Z
344,1bbcd04b-690c-4eba-9458-c8dde3c859c0,C,main,3,2,2,image,,4,2,2,6,4,5,3,3,"すっきり
小さい
なめらか",2026-01-21T08:13:09.406Z,2026-01-21T08:13:12.410Z,2026-01-21T08:13:17.812Z,2026-01-21T08:14:20.497Z,62685,2026-01-21T08:14:20.835Z
345,9a455b59-fbd2-47a8-a03b-13a639db323b,C,main,1,1,4,audio,8e06917e-aafe-4620-b214-d3ad31e5687e,3,2,6,2,3,6,6,3,"良い,好き,缶",2026-01-21T08:13:45.409Z,2026-01-21T08:13:49.097Z,2026-01-21T08:13:50.541Z,2026-01-21T08:14:22.183Z,31642,2026-01-21T08:14:22.634Z
346,af683920-f293-48ca-943f-a64b00038aa1,C,main,1,1,1,audio,47ec9b73-3971-43e0-a938-9452b4d2d0db,4,4,3,5,6,6,3,2,"弱々しい、
芯が通ってない
早口
かっこよくない",2026-01-21T08:08:51.476Z,2026-01-21T08:08:57.710Z,2026-01-21T08:08:59.243Z,2026-01-21T08:14:22.902Z,323659,2026-01-21T08:14:23.304Z
347,1e76a9fb-504c-46ae-a330-4f6c66e580f1,C,main,3,2,5,image,,4,4,3,5,3,3,3,2,"困惑,謎,遅い,自分らしくない",2026-01-21T08:13:28.078Z,2026-01-21T08:13:31.079Z,2026-01-21T08:13:44.742Z,2026-01-21T08:14:25.292Z,40550,2026-01-21T08:14:25.479Z
348,f6076c07-8e55-4847-b722-77e9bfb7e8e6,D,main,1,1,8,image,,5,2,2,6,5,5,4,3,"低い,小さい,細い,やさしい",2026-01-21T08:12:34.876Z,2026-01-21T08:12:37.880Z,2026-01-21T08:12:50.171Z,2026-01-21T08:14:26.826Z,96655,2026-01-21T08:14:27.632Z
349,e836c43a-2375-45b7-a441-f4eb17eb3aea,C,main,3,2,3,image,,4,5,3,5,6,6,2,2,"平坦
低い
濁りがない",2026-01-21T08:13:01.609Z,2026-01-21T08:13:04.611Z,2026-01-21T08:13:18.684Z,2026-01-21T08:14:26.580Z,67896,2026-01-21T08:14:28.164Z
350,d9c2e8fd-b910-4cbc-b2ed-e75640c5c720,D,main,3,2,4,audio,c4babb91-6152-4a76-bc69-f5c88fae5079,3,3,3,5,4,3,3,5,低い，気持ちが悪い，不自然な，,2026-01-21T08:13:53.614Z,2026-01-21T08:13:59.843Z,2026-01-21T08:14:00.850Z,2026-01-21T08:14:55.897Z,55047,2026-01-21T08:14:28.634Z
351,9a455b59-fbd2-47a8-a03b-13a639db323b,C,main,2,1,3,audio,863dfe6c-f892-4921-ac24-5814c67fb759,3,2,6,2,6,3,6,3,"良い,好き,缶",2026-01-21T08:14:23.755Z,2026-01-21T08:14:26.423Z,2026-01-21T08:14:26.820Z,2026-01-21T08:14:35.650Z,8830,2026-01-21T08:14:36.163Z
352,aaae2793-c14b-4aa4-acd5-cb6be7d7f917,B,main,1,1,3,image,,2,3,5,3,5,5,3,3,"自分の声を聴く経験はあまりありませんが、声にハリがないのは、気になります。
またもう少し活舌がいいと嬉しく思います。
年相応の声ですがもっときれいな声だとうれしく思います。",2026-01-21T08:10:59.305Z,2026-01-21T08:11:02.306Z,2026-01-21T08:11:06.892Z,2026-01-21T08:14:42.625Z,215733,2026-01-21T08:14:40.469Z
353,27aaba39-c9f6-4de9-b0e2-f5e33f3cbce6,D,main,2,1,5,image,,4,4,4,4,4,4,4,4,"緊張している,イントネーションが変,かんだような感じ",2026-01-21T08:12:14.222Z,2026-01-21T08:12:17.228Z,2026-01-21T08:12:36.902Z,2026-01-21T08:14:46.290Z,129388,2026-01-21T08:14:45.551Z
354,5748fda2-3f70-416d-acdc-73449be1fd6d,C,main,1,1,6,audio,c69a1bba-dc7a-477a-ab5c-32f9a304d4de,5,1,1,7,6,6,1,1,穏やか，低い，一定の,2026-01-21T08:07:43.923Z,2026-01-21T08:07:51.505Z,2026-01-21T08:07:53.052Z,2026-01-21T08:14:48.435Z,415383,2026-01-21T08:14:48.666Z
355,562f1b62-e20d-443e-a8f7-d04a2bb5fc88,B,main,2,1,5,image,,4,4,3,5,5,4,2,3,落ち着いた，通りにくい，淡々とした,2026-01-21T08:13:52.421Z,2026-01-21T08:13:55.423Z,2026-01-21T08:14:00.399Z,2026-01-21T08:14:52.103Z,51704,2026-01-21T08:14:53.362Z
356,3d0999d4-231e-4775-87cd-555d4f15adac,A,main,1,1,7,audio,e5ae7bb1-e2f8-4172-8e59-fbb27da9617f,4,4,1,7,7,5,1,1,低い，静かな，親切な,2026-01-21T08:10:42.868Z,2026-01-21T08:10:47.828Z,2026-01-21T08:10:48.507Z,2026-01-21T08:14:53.339Z,244832,2026-01-21T08:14:53.458Z
357,1e76a9fb-504c-46ae-a330-4f6c66e580f1,C,main,4,2,3,image,,4,4,3,5,4,4,2,2,"慣れ,安心,流暢",2026-01-21T08:14:25.506Z,2026-01-21T08:14:28.510Z,2026-01-21T08:14:32.276Z,2026-01-21T08:14:54.544Z,22268,2026-01-21T08:14:54.701Z
358,3baf857c-7084-4b28-9e33-f579d941ed23,B,main,2,1,2,image,,4,4,4,4,3,3,2,4,"単調
一定
無感情",2026-01-21T08:14:15.076Z,2026-01-21T08:14:18.077Z,2026-01-21T08:14:23.477Z,2026-01-21T08:14:54.899Z,31422,2026-01-21T08:14:54.967Z
360,f6a5c6fd-c50e-48be-9725-e1cf2cef873f,C,main,2,1,6,audio,e403b7ec-279f-48b1-a016-9b3f5c704d7e,4,4,3,5,5,5,3,3,"はっきりした
自分らしい
真面目な",2026-01-21T08:13:53.188Z,2026-01-21T08:13:59.926Z,2026-01-21T08:14:03.930Z,2026-01-21T08:14:53.019Z,49089,2026-01-21T08:14:57.320Z
361,776820a9-7d7f-493b-b3a8-70ba710e8172,B,main,3,2,6,image,,2,2,2,6,5,5,5,3,"重い,苦しい,悲しい,痛い,虚しい",2026-01-21T08:13:49.797Z,2026-01-21T08:13:52.802Z,2026-01-21T08:13:56.253Z,2026-01-21T08:15:02.353Z,66100,2026-01-21T08:15:02.400Z
362,f15f86c1-9876-40f5-a527-2ddd451a9744,D,main,4,2,8,audio,ac622ba0-6eb1-4381-87a4-02612dac590e,5,5,3,5,6,6,3,2,"自分らしい
親しみ
普通",2026-01-21T08:14:08.312Z,2026-01-21T08:14:14.194Z,2026-01-21T08:14:14.405Z,2026-01-21T08:15:04.787Z,50382,2026-01-21T08:15:02.481Z
363,9a455b59-fbd2-47a8-a03b-13a639db323b,C,main,3,2,3,image,,3,3,3,5,3,3,5,3,"良い,好き,缶",2026-01-21T08:14:49.663Z,2026-01-21T08:14:52.667Z,2026-01-21T08:14:53.563Z,2026-01-21T08:15:04.958Z,11395,2026-01-21T08:15:05.566Z
364,9135a356-c046-4459-b1b0-4078ca71f23d,D,main,3,2,8,audio,457fc551-578a-411c-aa53-4c380e1210c5,2,4,1,7,5,4,1,1,"緊張感
難しそう
硬い",2026-01-21T08:13:30.762Z,2026-01-21T08:13:36.908Z,2026-01-21T08:13:40.728Z,2026-01-21T08:15:06.415Z,85687,2026-01-21T08:15:06.687Z
365,9ca4e310-8acd-4462-97ac-7b3ab6bd5b77,A,main,2,1,2,audio,890199a8-25e1-413c-ade7-f6b4f8dbed62,6,6,1,7,7,7,1,1,"穏やか
ゆっくり
ききとりやすい",2026-01-21T08:14:16.007Z,2026-01-21T08:14:23.768Z,2026-01-21T08:14:24.377Z,2026-01-21T08:15:07.999Z,43622,2026-01-21T08:15:07.014Z
366,91effd7d-119c-459f-935e-bfab07159752,B,main,1,1,7,image,,2,3,3,5,5,4,4,5,"聞き取りづらい
活舌が悪い
地味",2026-01-21T08:12:51.593Z,2026-01-21T08:12:54.596Z,2026-01-21T08:13:04.759Z,2026-01-21T08:15:09.207Z,124448,2026-01-21T08:15:10.831Z
367,e9bb43d0-5b47-4a66-b9aa-d8ebd1459b66,D,main,1,1,1,image,,5,5,1,7,6,6,1,1,"落ち着いた
静かな
冷静な",2026-01-21T08:14:28.121Z,2026-01-21T08:14:31.122Z,2026-01-21T08:14:38.084Z,2026-01-21T08:15:09.322Z,31238,2026-01-21T08:15:12.152Z
368,f6076c07-8e55-4847-b722-77e9bfb7e8e6,D,main,2,1,5,image,,5,4,4,4,4,5,3,3,"細かい,細い,暗い",2026-01-21T08:14:26.976Z,2026-01-21T08:14:29.976Z,2026-01-21T08:14:35.730Z,2026-01-21T08:15:15.977Z,40247,2026-01-21T08:15:16.678Z
369,9a455b59-fbd2-47a8-a03b-13a639db323b,C,main,4,2,4,image,,3,3,3,5,3,2,3,3,"良い,好き,缶",2026-01-21T08:15:05.467Z,2026-01-21T08:15:08.469Z,2026-01-21T08:15:09.228Z,2026-01-21T08:15:18.550Z,9322,2026-01-21T08:15:18.985Z
370,1bbcd04b-690c-4eba-9458-c8dde3c859c0,C,main,4,2,4,image,,5,4,3,5,4,4,2,5,"力強い
はっきり
大きい",2026-01-21T08:14:20.861Z,2026-01-21T08:14:23.865Z,2026-01-21T08:14:24.896Z,2026-01-21T08:15:22.781Z,57885,2026-01-21T08:15:23.121Z
371,8105b8f0-173b-4407-a808-e81bd9560df5,B,main,3,2,8,image,,4,3,2,6,5,5,3,2,"高い,若い,細い",2026-01-21T08:14:09.481Z,2026-01-21T08:14:12.483Z,2026-01-21T08:14:18.734Z,2026-01-21T08:15:26.348Z,67614,2026-01-21T08:15:26.984Z
372,47d95d35-6eff-40ba-8778-3ceaaaf4e6c3,C,main,1,1,8,audio,da0bf76c-5f74-47e0-a8a0-6a970ce9f77b,3,4,4,4,3,3,3,3,"平凡
普通
平穏",2026-01-21T08:12:34.769Z,2026-01-21T08:12:43.219Z,2026-01-21T08:12:47.693Z,2026-01-21T08:15:33.053Z,165360,2026-01-21T08:15:32.219Z
373,dde796aa-7269-43b6-b9f4-f06bad4b89f6,C,main,3,2,1,image,,5,5,3,5,5,5,2,5,"確実
落ち着き
迷い",2026-01-21T08:14:18.184Z,2026-01-21T08:14:21.189Z,2026-01-21T08:14:36.640Z,2026-01-21T08:15:44.738Z,68098,2026-01-21T08:15:44.927Z
374,e836c43a-2375-45b7-a441-f4eb17eb3aea,C,main,4,2,4,image,,5,5,3,5,6,6,2,2,"濁りがない
平坦
低め",2026-01-21T08:14:26.642Z,2026-01-21T08:14:29.645Z,2026-01-21T08:14:35.221Z,2026-01-21T08:15:43.882Z,68661,2026-01-21T08:15:45.463Z
375,d9c2e8fd-b910-4cbc-b2ed-e75640c5c720,D,main,4,2,6,audio,19c20f4e-0b1b-42c7-b425-9f05692ee527,3,4,3,5,4,3,3,5,低い，もごもごした，聞き取りにくい，暗い,2026-01-21T08:14:57.299Z,2026-01-21T08:15:02.415Z,2026-01-21T08:15:03.097Z,2026-01-21T08:16:16.107Z,73010,2026-01-21T08:15:48.835Z
376,4178e4f6-275e-41dd-be3f-317b84438f4c,C,main,3,2,4,image,,5,4,2,6,5,5,2,1,"おとなしい
真面目そうな
落ち着いた感じの",2026-01-21T08:14:31.927Z,2026-01-21T08:14:34.929Z,2026-01-21T08:14:42.267Z,2026-01-21T08:15:59.597Z,77330,2026-01-21T08:16:00.556Z
377,aaae2793-c14b-4aa4-acd5-cb6be7d7f917,B,main,2,1,1,image,,3,3,3,5,6,4,4,5,"あまりいいなれない文章だった。
どのようにつながりがあるのかがわからない。
米を買ってどうするのだろう。",2026-01-21T08:14:42.724Z,2026-01-21T08:14:45.725Z,2026-01-21T08:14:47.237Z,2026-01-21T08:16:05.816Z,78579,2026-01-21T08:16:03.604Z
378,e9bb43d0-5b47-4a66-b9aa-d8ebd1459b66,D,main,2,1,4,image,,4,5,2,6,6,6,1,2,"安心な
穏やかな
落ち着いた",2026-01-21T08:15:09.532Z,2026-01-21T08:15:12.533Z,2026-01-21T08:15:18.045Z,2026-01-21T08:16:03.057Z,45012,2026-01-21T08:16:05.892Z
379,776820a9-7d7f-493b-b3a8-70ba710e8172,B,main,4,2,8,image,,3,3,5,3,5,5,5,3,"冷たい,悲しい,切ない,暗い,苦しい",2026-01-21T08:15:02.483Z,2026-01-21T08:15:05.488Z,2026-01-21T08:15:06.653Z,2026-01-21T08:16:10.054Z,63401,2026-01-21T08:16:10.085Z
380,389586ad-b0a1-44f2-a2de-dd1662b3380e,C,main,3,2,3,image,,6,7,3,5,7,4,3,4,"小さい
優しい
遅い",2026-01-21T08:15:13.106Z,2026-01-21T08:15:16.108Z,2026-01-21T08:15:19.286Z,2026-01-21T08:16:14.213Z,54927,2026-01-21T08:16:13.404Z
381,af683920-f293-48ca-943f-a64b00038aa1,C,main,2,1,6,audio,940bad46-6f95-46f6-afe7-6c634823f5a1,4,5,3,5,6,6,2,3,"早口
男らしくない
弱々しい",2026-01-21T08:14:26.645Z,2026-01-21T08:14:32.350Z,2026-01-21T08:14:35.075Z,2026-01-21T08:16:16.670Z,101595,2026-01-21T08:16:16.579Z
382,91effd7d-119c-459f-935e-bfab07159752,B,main,2,1,2,image,,3,4,4,4,6,4,4,3,"活舌が悪い
聞き取りにくい
不明瞭",2026-01-21T08:15:09.371Z,2026-01-21T08:15:12.374Z,2026-01-21T08:15:21.312Z,2026-01-21T08:16:23.334Z,62022,2026-01-21T08:16:24.866Z
383,3602c48b-bfbf-46fb-b06b-29c36914a428,D,main,4,2,7,audio,5b9a4ca5-7759-4775-9941-fe2bc5f30484,3,2,1,7,2,4,1,7,"知らない,低い,汚い,気味が悪い",2026-01-21T08:13:21.798Z,2026-01-21T08:13:26.106Z,2026-01-21T08:13:28.350Z,2026-01-21T08:16:28.228Z,179878,2026-01-21T08:16:26.398Z
384,9e85146a-4e0b-4a42-8096-652bff1414fa,C,main,1,1,2,audio,1bf9dcc6-d857-4dff-bdb9-0e86aec07946,4,4,2,6,4,4,2,2,"自分らしい
普通
落ち着ている",2026-01-21T08:15:13.954Z,2026-01-21T08:15:19.028Z,2026-01-21T08:15:20.314Z,2026-01-21T08:16:33.778Z,73464,2026-01-21T08:16:26.847Z
385,f6a5c6fd-c50e-48be-9725-e1cf2cef873f,C,main,3,2,6,image,,4,3,3,5,4,5,2,3,"男っぽい
しっかりした
真面目な",2026-01-21T08:15:30.818Z,2026-01-21T08:15:33.819Z,2026-01-21T08:15:35.478Z,2026-01-21T08:16:24.727Z,49249,2026-01-21T08:16:29.057Z
386,9135a356-c046-4459-b1b0-4078ca71f23d,D,main,4,2,3,audio,1164d675-b615-494d-a5a5-b0ff6fe9e0f9,4,4,1,7,5,4,1,1,"無表情
集中的
正確な",2026-01-21T08:15:08.291Z,2026-01-21T08:15:16.458Z,2026-01-21T08:15:17.585Z,2026-01-21T08:16:32.775Z,75190,2026-01-21T08:16:33.096Z
387,47d95d35-6eff-40ba-8778-3ceaaaf4e6c3,C,main,2,1,4,audio,517842f5-93c5-482e-b895-74763517bf42,4,4,4,4,4,4,4,4,"自信がない
平凡
普通",2026-01-21T08:15:35.280Z,2026-01-21T08:15:42.024Z,2026-01-21T08:15:42.965Z,2026-01-21T08:16:35.151Z,52186,2026-01-21T08:16:34.161Z
388,8105b8f0-173b-4407-a808-e81bd9560df5,B,main,4,2,3,image,,6,2,2,6,3,6,2,2,"少し高い,少し幼い,明るい",2026-01-21T08:15:26.439Z,2026-01-21T08:15:29.441Z,2026-01-21T08:15:35.753Z,2026-01-21T08:16:37.394Z,61641,2026-01-21T08:16:38.016Z
389,389586ad-b0a1-44f2-a2de-dd1662b3380e,C,main,4,2,6,image,,6,7,1,7,7,7,2,1,"大きい
優しい
親しい",2026-01-21T08:16:14.261Z,2026-01-21T08:16:17.263Z,2026-01-21T08:16:24.790Z,2026-01-21T08:16:53.342Z,28552,2026-01-21T08:16:52.527Z
390,4178e4f6-275e-41dd-be3f-317b84438f4c,C,main,4,2,3,image,,5,5,1,7,6,5,2,1,"とぼけた
おどけた
ふざけた感じの",2026-01-21T08:15:59.686Z,2026-01-21T08:16:02.687Z,2026-01-21T08:16:06.668Z,2026-01-21T08:16:51.736Z,45068,2026-01-21T08:16:52.685Z
391,415f3bf1-3bd2-4cfb-89ee-75f42862b49b,C,main,1,1,2,audio,408a1988-fdc9-4e5a-93b7-f01603c615e2,2,3,4,4,3,2,4,4,"暗い
小さい
低い",2026-01-21T08:14:10.415Z,2026-01-21T08:14:18.599Z,2026-01-21T08:14:20.815Z,2026-01-21T08:16:55.593Z,154778,2026-01-21T08:16:55.744Z
392,9e85146a-4e0b-4a42-8096-652bff1414fa,C,main,2,1,3,audio,e550c28c-809c-403c-a814-0f5bcfb8f261,4,4,2,6,4,4,2,4,"自分らしい
普通
落ち着いている",2026-01-21T08:16:35.226Z,2026-01-21T08:16:40.378Z,2026-01-21T08:16:40.922Z,2026-01-21T08:17:15.148Z,34226,2026-01-21T08:17:08.248Z
393,e9bb43d0-5b47-4a66-b9aa-d8ebd1459b66,D,main,3,2,4,audio,9d45a62a-22da-46e4-82ef-3e8d7188719b,6,6,1,7,6,6,1,1,"平凡な
落ち着いた
穏やか",2026-01-21T08:16:30.413Z,2026-01-21T08:16:36.548Z,2026-01-21T08:16:37.303Z,2026-01-21T08:17:10.573Z,33270,2026-01-21T08:17:13.397Z
394,44a87e65-ac17-4a82-9685-30e3e6009724,C,main,1,1,4,audio,a23c3d33-a641-4eb6-bf3e-8f4431d00a66,3,4,3,5,5,5,3,5,"低い,こもった,神経質な,暗い",2026-01-21T08:15:03.730Z,2026-01-21T08:15:10.124Z,2026-01-21T08:15:13.834Z,2026-01-21T08:17:19.426Z,125592,2026-01-21T08:17:16.403Z
395,d6ed9689-052f-4106-8a2e-41de6a98ec4c,D,main,1,1,4,image,,2,5,4,4,6,5,4,5,"恥ずかしい
暗い
醜い",2026-01-21T08:14:35.780Z,2026-01-21T08:14:38.783Z,2026-01-21T08:14:46.229Z,2026-01-21T08:17:20.365Z,154136,2026-01-21T08:17:20.590Z
396,9ca4e310-8acd-4462-97ac-7b3ab6bd5b77,A,main,3,2,8,audio,c4fc813d-0fc0-4960-bfee-63e87d4e600d,6,6,1,7,7,7,1,1,"自分らしい
おだやか
少しゆっくり",2026-01-21T08:16:20.060Z,2026-01-21T08:16:26.417Z,2026-01-21T08:16:28.168Z,2026-01-21T08:17:21.530Z,53362,2026-01-21T08:17:20.612Z
397,dde796aa-7269-43b6-b9f4-f06bad4b89f6,C,main,4,2,4,image,,5,4,4,4,5,5,4,4,"緊張
不安
安定",2026-01-21T08:15:44.912Z,2026-01-21T08:15:47.916Z,2026-01-21T08:15:58.843Z,2026-01-21T08:17:21.640Z,82797,2026-01-21T08:17:21.852Z
398,3baf857c-7084-4b28-9e33-f579d941ed23,B,main,3,2,2,image,,4,4,4,4,3,3,2,4,"冷静
無感情
一定",2026-01-21T08:16:17.607Z,2026-01-21T08:16:20.608Z,2026-01-21T08:16:22.893Z,2026-01-21T08:17:29.061Z,66168,2026-01-21T08:17:29.131Z
399,4c6ae927-9cbd-4bd4-b065-faf732826708,D,main,1,1,7,image,,3,3,5,3,5,5,4,5,"おかしい
面白い
個性的な",2026-01-21T08:16:33.263Z,2026-01-21T08:16:36.265Z,2026-01-21T08:16:42.012Z,2026-01-21T08:17:34.832Z,52820,2026-01-21T08:17:34.866Z
400,f6a5c6fd-c50e-48be-9725-e1cf2cef873f,C,main,4,2,3,image,,4,5,3,5,5,5,2,3,"真面目な
はっきりした
男っぽい",2026-01-21T08:16:24.991Z,2026-01-21T08:16:27.992Z,2026-01-21T08:16:28.902Z,2026-01-21T08:17:33.693Z,64791,2026-01-21T08:17:38.033Z
401,972b26d5-c1a1-4d6c-b0b4-eae4c1acffe8,D,main,1,1,2,image,,2,2,2,6,6,4,4,4,"雑音
ノイズ
貧弱",2026-01-21T08:16:29.352Z,2026-01-21T08:16:32.362Z,2026-01-21T08:16:36.425Z,2026-01-21T08:17:38.502Z,62077,2026-01-21T08:17:39.769Z
402,1b9e1230-d172-4c71-8418-874d51ffaa05,B,main,1,1,8,image,,6,6,2,6,5,6,2,5,"明るい
響く
女性らしい",2026-01-21T08:16:19.292Z,2026-01-21T08:16:22.295Z,2026-01-21T08:16:29.809Z,2026-01-21T08:17:44.256Z,74447,2026-01-21T08:17:44.761Z
403,27aaba39-c9f6-4de9-b0e2-f5e33f3cbce6,D,main,3,2,5,audio,9e554e0a-694d-48e2-9991-aa5888f2b105,3,3,4,4,2,2,4,5,"落ち着いている,抑揚が無い,低い",2026-01-21T08:16:15.406Z,2026-01-21T08:16:22.502Z,2026-01-21T08:16:29.495Z,2026-01-21T08:17:47.837Z,78342,2026-01-21T08:17:46.916Z
404,948604d5-e958-4f40-8a56-64aa18aceffe,D,main,1,1,2,image,,4,5,5,3,3,4,3,3,"丁寧
おとなしい
余所余所しい",2026-01-21T08:15:16.908Z,2026-01-21T08:15:19.909Z,2026-01-21T08:15:25.638Z,2026-01-21T08:17:59.526Z,153888,2026-01-21T08:17:58.385Z
405,3baf857c-7084-4b28-9e33-f579d941ed23,B,main,4,2,5,image,,4,4,4,4,3,3,2,4,"冷静
一定
単調",2026-01-21T08:17:29.095Z,2026-01-21T08:17:32.096Z,2026-01-21T08:17:35.703Z,2026-01-21T08:18:05.177Z,29474,2026-01-21T08:18:05.250Z
406,7e4ea26e-bd45-459a-aa5a-65ccd82b722f,D,main,1,1,1,image,,6,4,2,6,7,6,1,1,"とおる
スッキリ
はっきり
",2026-01-21T08:11:32.773Z,2026-01-21T08:11:35.776Z,2026-01-21T08:12:03.963Z,2026-01-21T08:18:05.727Z,361764,2026-01-21T08:18:05.947Z
407,9ca4e310-8acd-4462-97ac-7b3ab6bd5b77,A,main,4,2,2,audio,890199a8-25e1-413c-ade7-f6b4f8dbed62,6,6,1,7,7,7,1,1,"自分らしい
穏やか
わかりやすい",2026-01-21T08:17:24.008Z,2026-01-21T08:17:31.757Z,2026-01-21T08:17:33.105Z,2026-01-21T08:18:11.881Z,38776,2026-01-21T08:18:10.894Z
408,415f3bf1-3bd2-4cfb-89ee-75f42862b49b,C,main,2,1,5,audio,e3a45c12-2bfa-4839-9c01-9eac9248f998,1,1,1,7,1,2,6,7,"かなり小さい
かすれている
暗い",2026-01-21T08:17:02.939Z,2026-01-21T08:17:09.643Z,2026-01-21T08:17:12.056Z,2026-01-21T08:18:12.395Z,60339,2026-01-21T08:18:12.514Z
409,aaae2793-c14b-4aa4-acd5-cb6be7d7f917,B,main,3,2,1,image,,4,3,4,4,5,4,4,4,"文章が不明な内容であることに違和感を感じます。
採点が無くなっているってどうゆう状況なんでしょうか。
米を買いにいくのに、他のものは買わないの。",2026-01-21T08:16:42.920Z,2026-01-21T08:16:45.921Z,2026-01-21T08:16:46.942Z,2026-01-21T08:18:18.019Z,91077,2026-01-21T08:18:15.792Z
410,0191f5c6-e810-47cd-8aab-a2c6a06f77d1,B,main,2,1,1,image,,4,4,2,6,5,5,1,3,"穏やかな
真面目な
落ち着いた",2026-01-21T08:14:15.497Z,2026-01-21T08:14:18.510Z,2026-01-21T08:14:37.041Z,2026-01-21T08:18:21.593Z,224552,2026-01-21T08:18:21.596Z
411,562f1b62-e20d-443e-a8f7-d04a2bb5fc88,B,main,3,2,1,image,,5,3,3,5,5,5,2,3,落ちついた，テンポの良い，少し高い,2026-01-21T08:17:17.553Z,2026-01-21T08:17:20.554Z,2026-01-21T08:17:32.703Z,2026-01-21T08:18:22.014Z,49311,2026-01-21T08:18:23.490Z
412,dd07cfbf-e721-4fec-8338-933eb63b3b8a,B,main,1,1,1,image,,4,4,2,6,5,6,2,2,"やわらかい
高い
膜のような",2026-01-21T08:17:24.094Z,2026-01-21T08:17:27.100Z,2026-01-21T08:17:38.655Z,2026-01-21T08:18:24.314Z,45659,2026-01-21T08:18:24.598Z
413,972b26d5-c1a1-4d6c-b0b4-eae4c1acffe8,D,main,2,1,6,image,,2,2,6,2,6,4,4,4,"雑音
歪み
揺らぎ",2026-01-21T08:17:38.726Z,2026-01-21T08:17:41.730Z,2026-01-21T08:17:42.683Z,2026-01-21T08:18:24.866Z,42183,2026-01-21T08:18:26.082Z
414,27505ca0-f723-4d84-b0a0-4a52e41c8fe4,D,main,1,1,3,image,,4,3,1,7,6,4,1,1,"落ち着いた心
自分らしさ
素直",2026-01-21T08:16:46.795Z,2026-01-21T08:16:49.796Z,2026-01-21T08:17:00.010Z,2026-01-21T08:18:32.333Z,92323,2026-01-21T08:18:32.546Z
415,1b9e1230-d172-4c71-8418-874d51ffaa05,B,main,2,1,7,image,,5,5,2,6,4,5,1,5,"よく響く
高い
明るい",2026-01-21T08:17:44.780Z,2026-01-21T08:17:47.783Z,2026-01-21T08:17:51.177Z,2026-01-21T08:18:32.499Z,41322,2026-01-21T08:18:32.584Z
416,9e85146a-4e0b-4a42-8096-652bff1414fa,C,main,3,2,3,image,,4,4,2,6,4,4,2,2,"普通
自分らしい
落ち着いている",2026-01-21T08:17:46.147Z,2026-01-21T08:17:49.161Z,2026-01-21T08:17:50.266Z,2026-01-21T08:18:40.514Z,50248,2026-01-21T08:18:33.598Z
417,e9bb43d0-5b47-4a66-b9aa-d8ebd1459b66,D,main,4,2,1,audio,11e6ef7c-9d9e-4a2f-b9a6-f30423466cf0,6,6,1,7,7,7,1,1,"平穏な
落ち着いた
普通",2026-01-21T08:17:12.297Z,2026-01-21T08:17:19.297Z,2026-01-21T08:17:20.074Z,2026-01-21T08:18:31.028Z,70954,2026-01-21T08:18:33.845Z
418,f6076c07-8e55-4847-b722-77e9bfb7e8e6,D,main,3,2,5,audio,46c5d27a-f262-417c-8ac4-83c9ac0457b0,4,5,5,3,6,5,4,3,"ぼんやり,暗い,ゆったり",2026-01-21T08:17:35.328Z,2026-01-21T08:17:42.322Z,2026-01-21T08:17:43.224Z,2026-01-21T08:18:38.591Z,55367,2026-01-21T08:18:39.301Z
419,dd2c2055-1986-422c-a504-636ea57f63b0,C,main,1,1,3,audio,cee2e2ef-d99c-4662-8fad-4c5f02fa8855,3,3,5,3,6,4,5,2,"暗い
粘っこい
幼い",2026-01-21T08:17:04.147Z,2026-01-21T08:17:11.355Z,2026-01-21T08:17:12.604Z,2026-01-21T08:18:44.916Z,92312,2026-01-21T08:18:44.493Z
420,4c6ae927-9cbd-4bd4-b065-faf732826708,D,main,2,1,4,image,,3,3,3,5,3,3,5,5,"おかしい
ユニークな
不気味な",2026-01-21T08:17:34.887Z,2026-01-21T08:17:37.887Z,2026-01-21T08:17:42.712Z,2026-01-21T08:18:48.363Z,65651,2026-01-21T08:18:48.382Z
421,58d2d210-c133-4ab1-8f77-5197ff20b70a,D,main,1,1,7,image,,5,5,3,5,6,5,3,3,"渋い
かっこいい
深みがある",2026-01-21T08:16:45.501Z,2026-01-21T08:16:48.504Z,2026-01-21T08:17:01.654Z,2026-01-21T08:18:53.067Z,111413,2026-01-21T08:18:53.132Z
422,d6ed9689-052f-4106-8a2e-41de6a98ec4c,D,main,2,1,1,image,,2,5,4,4,5,5,3,5,"恥ずかしい
親しい
望ましい",2026-01-21T08:17:20.676Z,2026-01-21T08:17:23.680Z,2026-01-21T08:17:30.665Z,2026-01-21T08:18:59.601Z,88936,2026-01-21T08:18:59.796Z
423,2a1ca3ae-9043-4f6c-9a72-cc5664db7dc6,D,main,3,2,5,audio,f308549e-4741-47a1-9140-907158acf637,1,1,7,1,7,7,7,2,弱い，小さい，細い,2026-01-21T08:18:09.907Z,2026-01-21T08:18:16.384Z,2026-01-21T08:18:17.294Z,2026-01-21T08:19:01.180Z,43886,2026-01-21T08:19:02.365Z
424,9e85146a-4e0b-4a42-8096-652bff1414fa,C,main,4,2,2,image,,4,4,2,6,4,4,2,2,"普通
自分らしい
落ち着いている",2026-01-21T08:18:40.725Z,2026-01-21T08:18:43.813Z,2026-01-21T08:18:48.746Z,2026-01-21T08:19:14.538Z,25792,2026-01-21T08:19:07.675Z
425,9165a94b-c8be-440f-87c1-3a0396bdbc4c,C,main,1,1,1,audio,fa42a295-4ccc-41e3-bdb0-c53511ec142e,2,2,2,6,5,4,5,3,"低い
汚い
はっきりしない",2026-01-21T08:16:05.724Z,2026-01-21T08:16:10.825Z,2026-01-21T08:16:12.218Z,2026-01-21T08:19:07.593Z,175375,2026-01-21T08:19:08.892Z
426,562f1b62-e20d-443e-a8f7-d04a2bb5fc88,B,main,4,2,5,image,,4,3,3,5,5,5,2,3,達観している，落ち着いている，淡々としている，低い,2026-01-21T08:18:22.285Z,2026-01-21T08:18:25.286Z,2026-01-21T08:18:29.878Z,2026-01-21T08:19:16.078Z,46200,2026-01-21T08:19:17.346Z
427,aaae2793-c14b-4aa4-acd5-cb6be7d7f917,B,main,4,2,3,image,,5,5,4,4,5,4,4,5,"文章をよく読みと答えは書いてあると感じました。
考えれば考えるほどよくわからない文章であります。
声の質をこの文章で判断できるのでしょうか。",2026-01-21T08:18:18.042Z,2026-01-21T08:18:21.043Z,2026-01-21T08:18:22.445Z,2026-01-21T08:19:22.734Z,60289,2026-01-21T08:19:20.509Z
428,dd07cfbf-e721-4fec-8338-933eb63b3b8a,B,main,2,1,5,image,,5,4,3,5,4,5,2,3,"自身のある
粘りのある
モヤがある",2026-01-21T08:18:24.379Z,2026-01-21T08:18:27.381Z,2026-01-21T08:18:30.068Z,2026-01-21T08:19:20.385Z,50317,2026-01-21T08:19:20.661Z
429,47d95d35-6eff-40ba-8778-3ceaaaf4e6c3,C,main,3,2,4,image,,4,4,4,4,4,4,4,4,"普通
平凡
平穏",2026-01-21T08:18:40.151Z,2026-01-21T08:18:43.202Z,2026-01-21T08:18:54.949Z,2026-01-21T08:19:22.985Z,28036,2026-01-21T08:19:22.048Z
430,91effd7d-119c-459f-935e-bfab07159752,B,main,3,2,7,image,,2,4,4,4,5,4,4,4,"聞き取りにくい
明るさがない
活舌が悪い",2026-01-21T08:18:15.171Z,2026-01-21T08:18:18.174Z,2026-01-21T08:18:26.808Z,2026-01-21T08:19:21.798Z,54990,2026-01-21T08:19:23.359Z
431,27aaba39-c9f6-4de9-b0e2-f5e33f3cbce6,D,main,4,2,3,audio,f1019db7-cfcb-4584-933a-89c0c8b38607,4,4,4,4,2,2,4,4,"落ち着いている,静か,機械的",2026-01-21T08:17:51.201Z,2026-01-21T08:17:57.022Z,2026-01-21T08:17:58.812Z,2026-01-21T08:19:25.272Z,86460,2026-01-21T08:19:24.468Z
432,f6076c07-8e55-4847-b722-77e9bfb7e8e6,D,main,4,2,8,audio,bbe8915e-7e31-42fa-8320-d27f0a68c239,5,4,4,4,6,6,3,3,"はっきり,低い,太い",2026-01-21T08:18:40.271Z,2026-01-21T08:18:47.001Z,2026-01-21T08:18:48.111Z,2026-01-21T08:19:26.927Z,38816,2026-01-21T08:19:27.627Z
433,27505ca0-f723-4d84-b0a0-4a52e41c8fe4,D,main,2,1,8,image,,4,5,1,7,5,6,1,1,"人生経験
思考
過去",2026-01-21T08:18:32.368Z,2026-01-21T08:18:35.373Z,2026-01-21T08:18:42.608Z,2026-01-21T08:19:30.040Z,47432,2026-01-21T08:19:30.250Z
434,3d0999d4-231e-4775-87cd-555d4f15adac,A,main,2,1,2,audio,90fe1013-cbb3-494c-87a5-208caf7c8372,4,4,4,4,7,4,1,1,おとなしい，優しい，ちょうどいい,2026-01-21T08:14:57.666Z,2026-01-21T08:15:04.008Z,2026-01-21T08:15:04.707Z,2026-01-21T08:19:33.258Z,268551,2026-01-21T08:19:33.484Z
435,59fed673-e032-4ac4-ad49-5172efc45d50,D,main,1,1,6,image,,6,4,5,3,6,2,1,6,落ち着かない，恥ずかしい，嫌な感じ,2026-01-21T08:16:10.350Z,2026-01-21T08:16:13.352Z,2026-01-21T08:16:30.876Z,2026-01-21T08:19:36.679Z,185803,2026-01-21T08:19:36.280Z
436,2a1ca3ae-9043-4f6c-9a72-cc5664db7dc6,D,main,4,2,8,audio,22b09d09-7200-4776-b106-862e9699d837,1,1,7,1,7,7,7,2,弱い，小さい，細い,2026-01-21T08:19:02.866Z,2026-01-21T08:19:09.002Z,2026-01-21T08:19:09.648Z,2026-01-21T08:19:35.295Z,25647,2026-01-21T08:19:36.481Z
437,44a87e65-ac17-4a82-9685-30e3e6009724,C,main,2,1,6,audio,b698a0be-240a-4788-8555-f42c801d2383,2,4,5,3,5,5,2,4,"小さな,細い,神経質な,細かい",2026-01-21T08:17:21.569Z,2026-01-21T08:17:26.503Z,2026-01-21T08:17:30.449Z,2026-01-21T08:19:40.961Z,130512,2026-01-21T08:19:37.921Z
438,dd2c2055-1986-422c-a504-636ea57f63b0,C,main,2,1,1,audio,2e231cb0-a6a1-428b-a225-e91f29a358dd,2,3,5,3,6,3,6,2,"暗い
幼い
粘っこい",2026-01-21T08:18:47.444Z,2026-01-21T08:18:54.904Z,2026-01-21T08:18:55.628Z,2026-01-21T08:19:46.212Z,50584,2026-01-21T08:19:45.785Z
439,caac2bc1-d0d2-4f06-b23a-3ff3570f4e73,D,main,1,1,3,image,,2,2,6,2,6,6,4,5,"子供っぽい
クリアでない
ハリがない",2026-01-21T08:17:11.439Z,2026-01-21T08:17:14.441Z,2026-01-21T08:17:29.904Z,2026-01-21T08:19:56.208Z,146304,2026-01-21T08:19:56.325Z
440,1b9e1230-d172-4c71-8418-874d51ffaa05,B,main,3,2,8,image,,6,5,2,6,5,5,2,5,"とまどい
響く
高い",2026-01-21T08:19:03.906Z,2026-01-21T08:19:06.909Z,2026-01-21T08:19:12.686Z,2026-01-21T08:19:59.554Z,46868,2026-01-21T08:19:59.679Z
441,658134ab-c54e-44eb-b05f-14e792403e23,C,main,1,1,7,audio,5e25ac7d-ec17-4eae-b163-ed0db5eef373,2,4,2,6,5,5,1,3,"渋い
柔らかい
落ち着いた",2026-01-21T08:17:08.417Z,2026-01-21T08:17:12.944Z,2026-01-21T08:17:13.774Z,2026-01-21T08:20:04.112Z,170338,2026-01-21T08:20:03.704Z
442,d343820a-b907-4b75-9dfe-3027e7ea3ca7,C,main,1,1,5,audio,98cf8633-d2b5-4b4c-afe0-13366aed90b7,4,4,2,6,4,5,2,2,弱い，低い，沈んだ,2026-01-21T08:17:51.446Z,2026-01-21T08:18:01.516Z,2026-01-21T08:18:05.478Z,2026-01-21T08:20:11.117Z,125639,2026-01-21T08:20:11.614Z
443,47d95d35-6eff-40ba-8778-3ceaaaf4e6c3,C,main,4,2,8,image,,4,4,4,4,4,4,4,4,"平凡
普通
自信がなさげ",2026-01-21T08:19:23.295Z,2026-01-21T08:19:26.298Z,2026-01-21T08:19:28.499Z,2026-01-21T08:20:14.320Z,45821,2026-01-21T08:20:13.584Z
444,4c6ae927-9cbd-4bd4-b065-faf732826708,D,main,3,2,7,audio,abe39841-874c-4160-9ed3-80ccaa1adbfe,2,2,5,3,6,6,5,5,"おかしな
個性的な
面白い",2026-01-21T08:19:34.146Z,2026-01-21T08:19:40.370Z,2026-01-21T08:19:41.512Z,2026-01-21T08:20:15.747Z,34235,2026-01-21T08:20:15.766Z
445,480b4811-adaf-4e9d-bea2-df0d21e73206,C,main,1,1,6,audio,9d230894-ef81-42f5-a3c3-d1f9ed452f45,5,4,5,3,6,6,1,4,"ゆったりとして
落ち着いて
年齢相応",2026-01-21T08:18:49.036Z,2026-01-21T08:18:55.466Z,2026-01-21T08:18:59.482Z,2026-01-21T08:20:18.555Z,79073,2026-01-21T08:20:17.801Z
446,91effd7d-119c-459f-935e-bfab07159752,B,main,4,2,2,image,,3,4,4,4,5,5,4,4,"聞き取りにくい
不明瞭
明るさがない",2026-01-21T08:19:21.863Z,2026-01-21T08:19:24.970Z,2026-01-21T08:19:32.960Z,2026-01-21T08:20:20.398Z,47438,2026-01-21T08:20:21.933Z
447,4d282875-8fed-4f06-aaac-e174830b3cd2,C,main,1,1,3,audio,0e8da863-5841-47f9-9bd9-21588c30b037,3,4,3,5,3,1,2,6,"違和感
不思議
嫌い
不快感",2026-01-21T08:18:18.316Z,2026-01-21T08:18:23.693Z,2026-01-21T08:18:24.588Z,2026-01-21T08:20:33.874Z,129286,2026-01-21T08:20:33.987Z
448,dd07cfbf-e721-4fec-8338-933eb63b3b8a,B,main,3,2,1,image,,5,5,2,6,5,6,2,2,"高い
膜がある
自分らしい",2026-01-21T08:19:55.131Z,2026-01-21T08:19:58.132Z,2026-01-21T08:20:03.164Z,2026-01-21T08:20:40.488Z,37324,2026-01-21T08:20:40.787Z
449,1b9e1230-d172-4c71-8418-874d51ffaa05,B,main,4,2,7,image,,6,5,4,4,4,4,1,5,"明るい
高い
幼い",2026-01-21T08:19:59.703Z,2026-01-21T08:20:02.706Z,2026-01-21T08:20:03.836Z,2026-01-21T08:20:45.677Z,41841,2026-01-21T08:20:45.801Z
450,58d2d210-c133-4ab1-8f77-5197ff20b70a,D,main,2,1,2,image,,5,5,3,5,5,6,3,4,"かっこいい
大人っぽい
ダンディー",2026-01-21T08:18:53.369Z,2026-01-21T08:18:56.376Z,2026-01-21T08:19:01.978Z,2026-01-21T08:20:50.332Z,108354,2026-01-21T08:20:50.247Z
451,4db363dd-7d42-4018-a1de-9eedf504a987,D,main,1,1,2,image,,4,4,4,4,5,4,5,5,雰囲気が暗い，話すスピードが早い，声の感じが固い，話す声が低い，イメージが悪い，声のイメージから愛想が悪い,2026-01-21T08:13:48.015Z,2026-01-21T08:13:51.016Z,2026-01-21T08:14:02.718Z,2026-01-21T08:20:59.110Z,416392,2026-01-21T08:20:58.426Z
452,948604d5-e958-4f40-8a56-64aa18aceffe,D,main,2,1,3,image,,4,5,3,5,3,4,3,3,"誠実
余所余所しい
おとなしい",2026-01-21T08:17:59.594Z,2026-01-21T08:18:02.595Z,2026-01-21T08:18:07.461Z,2026-01-21T08:21:06.001Z,178540,2026-01-21T08:21:04.871Z
453,972b26d5-c1a1-4d6c-b0b4-eae4c1acffe8,D,main,3,2,6,audio,ec65f414-925a-4e1b-9ed2-d51b6376c923,1,1,7,1,4,2,5,6,"不快
違和感
雑音",2026-01-21T08:19:53.184Z,2026-01-21T08:19:58.434Z,2026-01-21T08:19:59.433Z,2026-01-21T08:21:04.100Z,64667,2026-01-21T08:21:05.347Z
454,c4e13275-a10d-4f2b-8d7b-1b0ef396b482,C,main,1,1,3,audio,c1fbe59d-b11d-4c24-9f74-897175a1322c,4,4,2,6,6,5,2,2,"おちついている、
すこしとしをとっている、
すなお",2026-01-21T08:20:02.366Z,2026-01-21T08:20:06.609Z,2026-01-21T08:20:08.573Z,2026-01-21T08:21:10.831Z,62258,2026-01-21T08:21:09.457Z
455,27505ca0-f723-4d84-b0a0-4a52e41c8fe4,D,main,3,2,3,audio,2222ed7c-fa30-4431-86f2-280ff352d27b,5,4,1,7,6,5,1,1,"自然
素直
人生",2026-01-21T08:20:37.551Z,2026-01-21T08:20:43.395Z,2026-01-21T08:20:43.990Z,2026-01-21T08:21:10.635Z,26645,2026-01-21T08:21:10.839Z
456,dd07cfbf-e721-4fec-8338-933eb63b3b8a,B,main,4,2,5,image,,5,5,1,7,4,6,2,2,"丸い
温かい
高めの",2026-01-21T08:20:40.592Z,2026-01-21T08:20:43.594Z,2026-01-21T08:20:46.190Z,2026-01-21T08:21:11.278Z,25088,2026-01-21T08:21:11.561Z
457,658134ab-c54e-44eb-b05f-14e792403e23,C,main,2,1,8,audio,d222614b-0ea5-4988-ac25-39ba2798fd67,4,2,2,6,5,6,1,2,"淡々とした
安定感のある
穏やかな",2026-01-21T08:20:06.063Z,2026-01-21T08:20:10.773Z,2026-01-21T08:20:11.291Z,2026-01-21T08:21:14.342Z,63051,2026-01-21T08:21:13.854Z
458,9165a94b-c8be-440f-87c1-3a0396bdbc4c,C,main,2,1,6,audio,79b48497-bcff-4bb2-84bb-01806a7198a1,2,3,6,2,5,5,5,5,"弱い
気持ち悪い
しゃがれた",2026-01-21T08:19:10.390Z,2026-01-21T08:19:14.380Z,2026-01-21T08:19:15.257Z,2026-01-21T08:21:14.585Z,119328,2026-01-21T08:21:15.789Z
459,eab10ddb-0317-41e4-831e-445f6bd325fd,C,main,3,2,2,image,,6,5,3,5,6,6,3,2,"流暢な
適切な
淀みない
滑らかな

",2026-01-21T08:18:48.615Z,2026-01-21T08:18:51.616Z,2026-01-21T08:19:09.061Z,2026-01-21T08:21:20.248Z,131187,2026-01-21T08:21:20.231Z
460,1dd80020-8949-4efb-87e4-387bdfd94ec1,C,main,1,1,7,audio,a11f2aef-1b9f-40d3-99aa-06e0c34a6418,4,3,3,5,4,5,4,2,"枯れてる
汚い
覇気がない",2026-01-21T08:19:42.452Z,2026-01-21T08:19:47.834Z,2026-01-21T08:19:48.983Z,2026-01-21T08:21:25.582Z,96599,2026-01-21T08:21:25.919Z
461,69f42adc-d3ea-4a81-851b-d9ed360726ac,C,main,1,1,4,audio,580e3944-849c-4e51-b231-0c3e33f01086,5,5,3,5,6,5,2,2,丁寧，知的，柔らかい,2026-01-21T07:56:10.119Z,2026-01-21T07:56:16.422Z,2026-01-21T07:56:27.521Z,2026-01-21T08:21:31.367Z,1503846,2026-01-21T08:21:31.842Z
462,d6ed9689-052f-4106-8a2e-41de6a98ec4c,D,main,3,2,4,audio,3e106efe-ad48-4996-b0f4-567ed9b8f8e1,2,5,5,3,7,5,5,3,"恥ずかしい
暗い
馴れ馴れしい",2026-01-21T08:20:45.879Z,2026-01-21T08:20:52.183Z,2026-01-21T08:20:52.985Z,2026-01-21T08:21:34.341Z,41356,2026-01-21T08:21:34.490Z
463,caac2bc1-d0d2-4f06-b23a-3ff3570f4e73,D,main,2,1,5,image,,5,4,4,4,3,3,2,3,"フォーマル
よそ行き
ビジネスライク",2026-01-21T08:19:56.331Z,2026-01-21T08:19:59.333Z,2026-01-21T08:20:11.772Z,2026-01-21T08:21:37.340Z,85568,2026-01-21T08:21:37.464Z
464,ce289f52-aae0-40cb-9307-309e246765ce,C,main,3,2,3,image,,5,5,2,6,3,2,1,4,"錯覚している
理想的すぎる
記憶と同じ
偶然の",2026-01-21T08:17:56.098Z,2026-01-21T08:17:59.155Z,2026-01-21T08:18:37.261Z,2026-01-21T08:21:36.692Z,179431,2026-01-21T08:21:39.919Z
465,4d282875-8fed-4f06-aaac-e174830b3cd2,C,main,2,1,1,audio,22a57f13-9286-4983-b8d5-4a70aefd824c,5,5,1,7,5,5,1,1,"自分らしい
親しみがある
望ましい",2026-01-21T08:20:37.323Z,2026-01-21T08:20:43.194Z,2026-01-21T08:20:43.681Z,2026-01-21T08:21:40.076Z,56395,2026-01-21T08:21:40.176Z
466,27505ca0-f723-4d84-b0a0-4a52e41c8fe4,D,main,4,2,8,audio,41d526e9-8373-4b82-933d-2406323a9401,5,5,1,7,7,4,1,1,"正直
人生
成功体験",2026-01-21T08:21:11.807Z,2026-01-21T08:21:19.825Z,2026-01-21T08:21:20.998Z,2026-01-21T08:21:50.293Z,29295,2026-01-21T08:21:50.510Z
467,415f3bf1-3bd2-4cfb-89ee-75f42862b49b,C,main,3,2,5,image,,5,4,2,6,7,4,2,7,"渋い
落ち着いた
低い",2026-01-21T08:19:42.375Z,2026-01-21T08:19:45.378Z,2026-01-21T08:19:49.763Z,2026-01-21T08:21:52.254Z,122491,2026-01-21T08:21:52.404Z
468,c4e13275-a10d-4f2b-8d7b-1b0ef396b482,C,main,2,1,1,audio,2f301f5c-034e-4f24-974b-6176e9184276,4,4,2,6,6,5,2,2,"すこしふしぎ
じょせい　
たんたんとしている
",2026-01-21T08:21:12.350Z,2026-01-21T08:21:18.150Z,2026-01-21T08:21:19.254Z,2026-01-21T08:21:58.141Z,38887,2026-01-21T08:21:56.762Z
469,972b26d5-c1a1-4d6c-b0b4-eae4c1acffe8,D,main,4,2,2,audio,de57260c-b3fd-4cdc-b169-7309c3fa0535,1,1,7,1,3,3,5,6,"不快
雑音
ノイズ",2026-01-21T08:21:05.451Z,2026-01-21T08:21:11.635Z,2026-01-21T08:21:12.118Z,2026-01-21T08:21:59.141Z,47023,2026-01-21T08:22:00.334Z
470,af683920-f293-48ca-943f-a64b00038aa1,C,main,3,2,1,image,,4,4,3,5,5,5,3,3,"不明慮
早口
弱々しい",2026-01-21T08:20:27.635Z,2026-01-21T08:20:30.637Z,2026-01-21T08:20:42.223Z,2026-01-21T08:22:00.507Z,78284,2026-01-21T08:22:00.342Z
471,3d0999d4-231e-4775-87cd-555d4f15adac,A,main,3,2,2,audio,90fe1013-cbb3-494c-87a5-208caf7c8372,4,4,4,4,7,7,1,1,明るい，おとなしい，おおらかな,2026-01-21T08:20:22.131Z,2026-01-21T08:20:28.490Z,2026-01-21T08:20:30.155Z,2026-01-21T08:22:05.365Z,95210,2026-01-21T08:22:05.149Z
472,59fed673-e032-4ac4-ad49-5172efc45d50,D,main,2,1,3,image,,4,5,4,4,3,4,4,6,どこかおかしい，他人のようだ，心にもない,2026-01-21T08:19:36.910Z,2026-01-21T08:19:39.911Z,2026-01-21T08:19:44.735Z,2026-01-21T08:22:06.950Z,142215,2026-01-21T08:22:06.565Z
473,d6ed9689-052f-4106-8a2e-41de6a98ec4c,D,main,4,2,1,audio,e1ec9f9e-7ea6-4e23-89d9-23e55aa4ae4e,2,3,4,4,7,5,4,3,"暗い
おとなしい
恥ずかしい",2026-01-21T08:21:36.371Z,2026-01-21T08:21:43.044Z,2026-01-21T08:21:43.577Z,2026-01-21T08:22:10.171Z,26594,2026-01-21T08:22:10.370Z
474,1dd80020-8949-4efb-87e4-387bdfd94ec1,C,main,2,1,3,audio,bb0fb69c-57dc-4d54-b5d8-54e93253c3b9,3,4,3,5,6,5,4,4,"枯れてる
自分の声とは思えない
難しい",2026-01-21T08:21:27.272Z,2026-01-21T08:21:33.134Z,2026-01-21T08:21:33.597Z,2026-01-21T08:22:12.260Z,38663,2026-01-21T08:22:12.683Z
475,f84b755e-953a-42c3-9736-0fdd6b76589b,D,main,1,1,1,image,,3,3,5,3,5,5,6,5,"微妙に低い
どもってる感じがする
聞きづらい",2026-01-21T08:19:57.259Z,2026-01-21T08:20:00.260Z,2026-01-21T08:20:08.097Z,2026-01-21T08:22:20.925Z,132828,2026-01-21T08:22:21.568Z
476,5748fda2-3f70-416d-acdc-73449be1fd6d,C,main,2,1,3,audio,e2400ced-6438-4ecb-986f-fc7bc229b7bc,3,2,2,6,6,6,1,2,強い，平静な，忙しい,2026-01-21T08:14:55.542Z,2026-01-21T08:15:01.326Z,2026-01-21T08:15:03.354Z,2026-01-21T08:22:31.013Z,447659,2026-01-21T08:22:31.181Z
477,4db363dd-7d42-4018-a1de-9eedf504a987,D,main,2,1,5,image,,3,5,4,4,4,4,3,4,声元気がない，雰囲気が暗い，テンションが低い,2026-01-21T08:20:59.327Z,2026-01-21T08:21:02.329Z,2026-01-21T08:21:05.466Z,2026-01-21T08:22:33.669Z,88203,2026-01-21T08:22:32.891Z
478,dd2c2055-1986-422c-a504-636ea57f63b0,C,main,3,2,3,image,,3,6,6,2,4,2,6,2,"暗い
重い
幼い
",2026-01-21T08:21:48.878Z,2026-01-21T08:21:51.890Z,2026-01-21T08:21:58.420Z,2026-01-21T08:22:39.828Z,41408,2026-01-21T08:22:39.398Z
479,7e4ea26e-bd45-459a-aa5a-65ccd82b722f,D,main,2,1,6,image,,5,6,1,7,6,5,1,1,"つつましい
すきとおった
たどたどしい",2026-01-21T08:18:05.984Z,2026-01-21T08:18:08.988Z,2026-01-21T08:18:24.532Z,2026-01-21T08:22:40.591Z,256059,2026-01-21T08:22:40.839Z
480,480b4811-adaf-4e9d-bea2-df0d21e73206,C,main,2,1,3,audio,688b82af-2ba6-4fb2-a0b6-551971a2ed8e,6,6,1,7,6,6,1,4,"はっきりしている
しっかりとしている
わかりやすい",2026-01-21T08:20:23.156Z,2026-01-21T08:20:29.274Z,2026-01-21T08:20:30.329Z,2026-01-21T08:22:46.089Z,135760,2026-01-21T08:22:45.183Z
481,415f3bf1-3bd2-4cfb-89ee-75f42862b49b,C,main,4,2,2,image,,6,5,2,6,5,4,2,2,"早い
低い
落ち着いた",2026-01-21T08:21:52.419Z,2026-01-21T08:21:55.422Z,2026-01-21T08:22:03.287Z,2026-01-21T08:22:55.674Z,52387,2026-01-21T08:22:55.774Z
482,f84b755e-953a-42c3-9736-0fdd6b76589b,D,main,2,1,2,image,,3,5,5,3,5,2,5,5,"低い
どもっている
聞きづらい",2026-01-21T08:22:21.039Z,2026-01-21T08:22:24.040Z,2026-01-21T08:22:34.122Z,2026-01-21T08:23:00.104Z,25982,2026-01-21T08:23:00.683Z
483,9165a94b-c8be-440f-87c1-3a0396bdbc4c,C,main,3,2,6,image,,3,3,3,5,5,4,5,5,"低い
しゃがれた
気持ち悪い",2026-01-21T08:22:14.334Z,2026-01-21T08:22:17.334Z,2026-01-21T08:22:25.475Z,2026-01-21T08:23:06.981Z,41506,2026-01-21T08:23:08.184Z
484,9136607c-002c-4c13-817c-89ef3db2e974,C,main,1,1,3,audio,670c2483-3a04-45a3-8333-efc0b152f1f7,3,3,5,3,2,2,5,5,"へんな
意外
不思議",2026-01-21T08:21:40.415Z,2026-01-21T08:21:45.864Z,2026-01-21T08:21:46.715Z,2026-01-21T08:23:09.662Z,82947,2026-01-21T08:23:09.347Z
485,d343820a-b907-4b75-9dfe-3027e7ea3ca7,C,main,2,1,4,audio,5b7962aa-de78-455d-98c9-cd99c167d159,3,3,3,5,3,4,1,2,弱い，暗い，小さめ,2026-01-21T08:20:14.876Z,2026-01-21T08:20:24.962Z,2026-01-21T08:22:00.877Z,2026-01-21T08:23:09.907Z,69030,2026-01-21T08:23:10.429Z
486,dd2c2055-1986-422c-a504-636ea57f63b0,C,main,4,2,1,image,,5,6,6,2,4,2,6,2,"暗い
重い
幼い
",2026-01-21T08:22:39.854Z,2026-01-21T08:22:42.860Z,2026-01-21T08:22:45.396Z,2026-01-21T08:23:17.900Z,32504,2026-01-21T08:23:17.474Z
487,658134ab-c54e-44eb-b05f-14e792403e23,C,main,3,2,8,image,,4,2,2,6,6,6,1,2,"渋い
冷静な
淡々とした",2026-01-21T08:22:24.285Z,2026-01-21T08:22:27.285Z,2026-01-21T08:22:31.822Z,2026-01-21T08:23:21.483Z,49661,2026-01-21T08:23:20.904Z
488,ce289f52-aae0-40cb-9307-309e246765ce,C,main,4,2,2,image,,5,5,4,4,1,1,2,5,"気取っている
発音に気を使った
想像上の
きちんとした",2026-01-21T08:21:36.779Z,2026-01-21T08:21:39.791Z,2026-01-21T08:21:54.117Z,2026-01-21T08:23:23.220Z,89103,2026-01-21T08:23:26.392Z
489,948604d5-e958-4f40-8a56-64aa18aceffe,D,main,3,2,2,audio,93764368-dfea-4dee-99d8-702edcd7ce76,4,3,3,5,3,5,3,2,"低い
こもっている
丁寧",2026-01-21T08:22:34.479Z,2026-01-21T08:22:40.271Z,2026-01-21T08:22:43.227Z,2026-01-21T08:23:43.675Z,60448,2026-01-21T08:23:42.484Z
490,af683920-f293-48ca-943f-a64b00038aa1,C,main,4,2,6,image,,4,4,2,6,5,5,2,2,"はっきりと
力強く
大きな声
普通の速度",2026-01-21T08:22:00.634Z,2026-01-21T08:22:03.635Z,2026-01-21T08:22:15.490Z,2026-01-21T08:23:42.662Z,87172,2026-01-21T08:23:42.512Z
491,44a87e65-ac17-4a82-9685-30e3e6009724,C,main,3,2,4,image,,5,4,3,5,5,5,2,5,"緊張した,神経質な,細かい,自信なさげな",2026-01-21T08:22:29.422Z,2026-01-21T08:22:32.423Z,2026-01-21T08:22:37.720Z,2026-01-21T08:23:49.424Z,71704,2026-01-21T08:23:46.370Z
492,b44adb88-8606-4ea9-822d-8741a61496ff,D,main,1,1,8,image,,2,2,4,4,5,4,5,5,"平凡,無感情,棒読み",2026-01-21T08:20:24.397Z,2026-01-21T08:20:27.400Z,2026-01-21T08:20:46.660Z,2026-01-21T08:23:47.664Z,181004,2026-01-21T08:23:47.997Z
493,c4e13275-a10d-4f2b-8d7b-1b0ef396b482,C,main,3,2,1,image,,5,5,2,6,6,6,2,2,"いつもどおり
じぶんらしい
ゆっくりしている
",2026-01-21T08:23:09.507Z,2026-01-21T08:23:12.519Z,2026-01-21T08:23:16.814Z,2026-01-21T08:23:51.830Z,35016,2026-01-21T08:23:50.443Z
494,eab10ddb-0317-41e4-831e-445f6bd325fd,C,main,4,2,5,image,,6,7,3,5,7,6,3,2,"自然な
洒脱な
普通な
軽妙な


",2026-01-21T08:21:20.427Z,2026-01-21T08:21:23.428Z,2026-01-21T08:21:27.824Z,2026-01-21T08:23:51.251Z,143427,2026-01-21T08:23:51.232Z
495,c809b5fd-9009-46ae-8add-019bfd037eee,C,main,1,1,2,audio,e4573ba8-9693-4941-9729-c1eb13729527,3,3,5,3,6,5,3,6,"幼い
遅い
低い",2026-01-21T08:22:52.799Z,2026-01-21T08:22:58.929Z,2026-01-21T08:23:00.063Z,2026-01-21T08:24:03.723Z,63660,2026-01-21T08:24:04.610Z
496,1dd80020-8949-4efb-87e4-387bdfd94ec1,C,main,3,2,3,image,,3,4,5,3,5,5,5,4,"慣れた
認識した
こんなもんかな",2026-01-21T08:23:13.873Z,2026-01-21T08:23:16.875Z,2026-01-21T08:23:23.257Z,2026-01-21T08:24:05.042Z,41785,2026-01-21T08:24:05.370Z
497,658134ab-c54e-44eb-b05f-14e792403e23,C,main,4,2,7,image,,5,1,1,7,6,6,1,2,"落ち着いた
穏やかな
冷静な",2026-01-21T08:23:21.515Z,2026-01-21T08:23:24.515Z,2026-01-21T08:23:26.521Z,2026-01-21T08:24:15.518Z,48997,2026-01-21T08:24:14.935Z
498,59fed673-e032-4ac4-ad49-5172efc45d50,D,main,3,2,6,audio,511fadbf-4b57-4025-97dc-2157b41d0399,2,4,6,2,3,2,5,7,かすれている，割と鮮明，活舌が悪い,2026-01-21T08:23:17.512Z,2026-01-21T08:23:23.344Z,2026-01-21T08:23:26.024Z,2026-01-21T08:24:17.924Z,51900,2026-01-21T08:24:17.360Z
499,f84b755e-953a-42c3-9736-0fdd6b76589b,D,main,3,2,2,audio,5be95d5b-9f97-4313-8cea-1c8252e1195a,3,6,5,3,4,2,5,5,"不気味
どもっている
聞き取りづらい",2026-01-21T08:23:45.013Z,2026-01-21T08:23:51.980Z,2026-01-21T08:23:52.952Z,2026-01-21T08:24:18.079Z,25127,2026-01-21T08:24:18.683Z
500,5684bcec-83cd-4fb0-a0bf-ec53a76a1fe9,C,main,1,1,2,audio,094582b8-8ab2-4365-a722-61f2265b245a,3,3,4,4,4,3,4,3,"あまり元気がなく張りがない
やや暗い
か細い",2026-01-21T08:22:25.148Z,2026-01-21T08:22:30.602Z,2026-01-21T08:22:32.403Z,2026-01-21T08:24:23.523Z,111120,2026-01-21T08:24:23.265Z
501,948604d5-e958-4f40-8a56-64aa18aceffe,D,main,4,2,3,audio,d28e110e-c31d-4228-92ad-c2e768f2c7f4,4,3,3,5,4,4,3,3,"低い
おとなしい
太い",2026-01-21T08:23:44.683Z,2026-01-21T08:23:50.297Z,2026-01-21T08:23:51.038Z,2026-01-21T08:24:25.703Z,34665,2026-01-21T08:24:24.557Z
502,9165a94b-c8be-440f-87c1-3a0396bdbc4c,C,main,4,2,1,image,,2,3,5,3,5,4,5,5,"弱々しい
掠れた
濁った",2026-01-21T08:23:07.014Z,2026-01-21T08:23:10.016Z,2026-01-21T08:23:13.401Z,2026-01-21T08:24:30.966Z,77565,2026-01-21T08:24:32.175Z
503,0191f5c6-e810-47cd-8aab-a2c6a06f77d1,B,main,3,2,1,image,,6,5,2,6,3,3,1,5,"若々しい
生真面目
おっとりとした",2026-01-21T08:20:24.245Z,2026-01-21T08:20:27.246Z,2026-01-21T08:20:40.797Z,2026-01-21T08:24:35.853Z,235056,2026-01-21T08:24:35.846Z
504,c4e13275-a10d-4f2b-8d7b-1b0ef396b482,C,main,4,2,3,image,,5,5,2,6,6,5,2,2,"さきほどきいたこえ
じぶんらしい
いつもどおり
おちついている
",2026-01-21T08:23:51.875Z,2026-01-21T08:23:54.884Z,2026-01-21T08:23:56.262Z,2026-01-21T08:24:42.462Z,46200,2026-01-21T08:24:41.077Z
505,1dd80020-8949-4efb-87e4-387bdfd94ec1,C,main,4,2,7,image,,3,4,4,4,5,5,5,4,"同じくこんなもんか
まだまし
認識した",2026-01-21T08:24:05.094Z,2026-01-21T08:24:08.096Z,2026-01-21T08:24:09.039Z,2026-01-21T08:24:41.298Z,32259,2026-01-21T08:24:41.646Z
506,97234376-e479-4634-b632-29674020c166,D,main,1,1,8,image,,3,5,6,2,4,3,4,5,"聞きにくい
こもる
変",2026-01-21T08:22:59.565Z,2026-01-21T08:23:02.565Z,2026-01-21T08:23:15.204Z,2026-01-21T08:24:40.245Z,85041,2026-01-21T08:24:41.981Z
507,9136607c-002c-4c13-817c-89ef3db2e974,C,main,2,1,8,audio,2ec0c8d8-8564-462d-bc10-e7d91f4e9b9d,3,3,5,3,3,2,5,5,"違和感
変わった
意外",2026-01-21T08:23:14.116Z,2026-01-21T08:23:20.584Z,2026-01-21T08:23:21.382Z,2026-01-21T08:24:52.001Z,90619,2026-01-21T08:24:51.693Z
508,704d033c-d106-4d06-b398-b5e9a5d30480,C,main,1,1,2,audio,4a16de0c-a3af-400a-83f8-b5f4c3b0c192,5,6,2,6,7,5,1,2,"おくぶかい
いさぎよい
いさましい
かっこいい
おとなっぽい
",2026-01-21T08:21:21.397Z,2026-01-21T08:21:28.731Z,2026-01-21T08:21:30.085Z,2026-01-21T08:24:55.877Z,205792,2026-01-21T08:24:57.163Z
509,f84b755e-953a-42c3-9736-0fdd6b76589b,D,main,4,2,1,audio,2351a9b5-50f2-4f84-96c3-614a8b9c230c,3,6,5,3,3,2,6,6,"どもっている
低い
聞き取りづらい",2026-01-21T08:24:19.487Z,2026-01-21T08:24:27.209Z,2026-01-21T08:24:27.837Z,2026-01-21T08:25:00.002Z,32165,2026-01-21T08:25:00.583Z
510,44a87e65-ac17-4a82-9685-30e3e6009724,C,main,4,2,6,image,,4,3,5,3,5,5,2,5,"自信なさげな,細かい,細い,緊張した",2026-01-21T08:23:49.476Z,2026-01-21T08:23:52.478Z,2026-01-21T08:23:55.559Z,2026-01-21T08:25:07.423Z,71864,2026-01-21T08:25:04.356Z
511,4db363dd-7d42-4018-a1de-9eedf504a987,D,main,3,2,5,audio,545185e1-8358-4dbe-9afe-19c04159af92,4,3,5,3,5,3,5,6,声が低い，イメージの違い，元気が足りない,2026-01-21T08:23:07.464Z,2026-01-21T08:23:15.476Z,2026-01-21T08:23:19.973Z,2026-01-21T08:25:05.534Z,105561,2026-01-21T08:25:04.746Z
512,ee5228de-cd14-400e-ad0f-f8b40ff5e075,D,main,1,1,4,image,,4,4,5,3,4,5,4,4,"男らしい
ガラガラ声
しっかりした",2026-01-21T08:23:46.086Z,2026-01-21T08:23:49.127Z,2026-01-21T08:23:50.003Z,2026-01-21T08:25:05.198Z,75195,2026-01-21T08:25:09.725Z
513,24767c13-be45-4a75-86f1-103794861842,C,main,1,1,3,audio,7c52c089-2351-461b-8089-54d621680ade,3,3,5,3,4,3,4,3,"暗い
怖い
陰気",2026-01-21T08:24:10.408Z,2026-01-21T08:24:15.944Z,2026-01-21T08:24:17.156Z,2026-01-21T08:25:10.551Z,53395,2026-01-21T08:25:10.857Z
514,dcab3508-de9a-4eb7-ae70-b6ff5fb39ee6,D,main,1,1,5,image,,4,4,1,7,4,4,1,1,"「穏やか」,「優しい」,「安定した」,",2026-01-21T08:21:37.208Z,2026-01-21T08:21:40.211Z,2026-01-21T08:21:54.386Z,2026-01-21T08:25:14.424Z,200038,2026-01-21T08:25:14.478Z
515,393871dc-d185-4e97-90f3-a2a83e257519,C,main,1,1,2,audio,fca64c57-a970-4fea-9ce0-dfd61159d91e,3,2,6,2,7,2,6,4,"静かな
はっきりしない
暗い",2026-01-21T08:22:42.373Z,2026-01-21T08:22:47.974Z,2026-01-21T08:22:51.914Z,2026-01-21T08:25:18.392Z,146478,2026-01-21T08:25:16.873Z
516,69f42adc-d3ea-4a81-851b-d9ed360726ac,C,main,2,1,5,audio,4d9f02c7-4da6-4552-a46a-4f2c66a45f31,3,2,5,3,6,3,4,5,弱い，暗い，浅い,2026-01-21T08:21:34.113Z,2026-01-21T08:21:40.852Z,2026-01-21T08:21:45.997Z,2026-01-21T08:25:21.378Z,215381,2026-01-21T08:25:22.727Z
517,59fed673-e032-4ac4-ad49-5172efc45d50,D,main,4,2,3,audio,3333fdce-a1c0-46c7-8297-226f47d60d5c,2,3,5,3,5,2,5,6,ハスキーだ，割とはっきり，思ったより低くない,2026-01-21T08:24:19.117Z,2026-01-21T08:24:23.889Z,2026-01-21T08:24:26.946Z,2026-01-21T08:25:24.958Z,58012,2026-01-21T08:25:24.391Z
518,4d282875-8fed-4f06-aaac-e174830b3cd2,C,main,3,2,1,image,,7,7,1,7,7,7,1,1,"自分らしい
爽快感
親しみ",2026-01-21T08:24:13.123Z,2026-01-21T08:24:16.125Z,2026-01-21T08:24:23.117Z,2026-01-21T08:25:28.615Z,65498,2026-01-21T08:25:28.660Z
519,5684bcec-83cd-4fb0-a0bf-ec53a76a1fe9,C,main,2,1,1,audio,1c4da5ad-989e-44b7-b787-43b1beeac011,2,2,5,3,4,3,4,3,"元気がない
張りがない
ややかれ気味",2026-01-21T08:24:25.883Z,2026-01-21T08:24:35.171Z,2026-01-21T08:24:35.803Z,2026-01-21T08:25:39.747Z,63944,2026-01-21T08:25:39.491Z
520,526434d0-0667-43d5-828a-160eaa2ea6a1,A,main,1,1,5,audio,a08d68c0-4624-486e-b14b-077d612b1c19,3,4,4,4,7,4,1,1,平均，平然，自然，普通,2026-01-21T08:23:43.433Z,2026-01-21T08:23:51.350Z,2026-01-21T08:23:53.890Z,2026-01-21T08:25:48.432Z,114542,2026-01-21T08:25:50.573Z
521,24767c13-be45-4a75-86f1-103794861842,C,main,2,1,4,audio,b33c00bd-9824-4ad4-b210-0b2970ffccfc,2,3,3,5,3,2,3,3,"暗い
怖い
陰気",2026-01-21T08:25:15.979Z,2026-01-21T08:25:23.191Z,2026-01-21T08:25:23.365Z,2026-01-21T08:25:54.178Z,30813,2026-01-21T08:25:54.479Z
522,97234376-e479-4634-b632-29674020c166,D,main,2,1,7,image,,4,4,5,3,4,3,5,5,"聞きにくい
重い
可愛くない",2026-01-21T08:24:40.289Z,2026-01-21T08:24:43.290Z,2026-01-21T08:24:52.222Z,2026-01-21T08:25:54.246Z,62024,2026-01-21T08:25:55.974Z
523,fcd1b6c2-a870-4b5b-8b49-40a3c4d1fc2f,A,main,1,1,6,audio,633c4f36-7279-4ad1-a664-a9cb90bd65fb,1,6,6,2,3,3,6,6,気持ち悪い，低い，わかりにくい,2026-01-21T08:24:41.606Z,2026-01-21T08:24:47.992Z,2026-01-21T08:24:50.092Z,2026-01-21T08:25:58.192Z,68100,2026-01-21T08:25:58.558Z
524,3d0999d4-231e-4775-87cd-555d4f15adac,A,main,4,2,7,audio,e5ae7bb1-e2f8-4172-8e59-fbb27da9617f,4,4,3,5,7,4,6,4,暗い，不愛想な，ふてぶてしい,2026-01-21T08:22:07.243Z,2026-01-21T08:22:12.235Z,2026-01-21T08:22:16.674Z,2026-01-21T08:25:59.005Z,222331,2026-01-21T08:25:59.068Z
525,9b82fe07-ea6b-4902-a18d-716eb4517384,A,main,1,1,5,audio,b86098ec-1671-4a6c-b258-ae17f3a29570,4,4,3,5,5,5,3,3,"静かな
低い
暗い",2026-01-21T08:23:56.983Z,2026-01-21T08:24:04.287Z,2026-01-21T08:24:05.359Z,2026-01-21T08:26:00.320Z,114961,2026-01-21T08:26:01.981Z
526,b44adb88-8606-4ea9-822d-8741a61496ff,D,main,2,1,3,image,,2,2,5,3,5,4,5,5,"平凡,抑揚がない,低い",2026-01-21T08:23:47.956Z,2026-01-21T08:23:50.961Z,2026-01-21T08:24:04.156Z,2026-01-21T08:26:08.165Z,124009,2026-01-21T08:26:08.486Z
527,4d282875-8fed-4f06-aaac-e174830b3cd2,C,main,4,2,3,image,,7,7,1,7,7,7,1,1,"自分らしい
爽快感
親しみやすい",2026-01-21T08:25:28.640Z,2026-01-21T08:25:31.641Z,2026-01-21T08:25:33.217Z,2026-01-21T08:26:11.812Z,38595,2026-01-21T08:26:11.855Z
528,393871dc-d185-4e97-90f3-a2a83e257519,C,main,2,1,5,audio,a869b013-e876-448e-a387-60108fa29aa5,2,3,3,5,7,2,6,4,"静かな
早い
暗い",2026-01-21T08:25:20.917Z,2026-01-21T08:25:27.290Z,2026-01-21T08:25:28.687Z,2026-01-21T08:26:16.202Z,47515,2026-01-21T08:26:14.501Z
529,58d2d210-c133-4ab1-8f77-5197ff20b70a,D,main,3,2,2,audio,96ac12cd-06a1-4f07-ac80-42f739cb0503,3,3,5,3,5,5,5,5,"渋い
怪しい
怖い",2026-01-21T08:24:04.905Z,2026-01-21T08:24:11.876Z,2026-01-21T08:24:15.908Z,2026-01-21T08:26:27.411Z,131503,2026-01-21T08:26:27.554Z
530,dcab3508-de9a-4eb7-ae70-b6ff5fb39ee6,D,main,2,1,3,image,,4,4,1,7,4,4,4,4,"安定した,静か,穏やか,",2026-01-21T08:25:14.987Z,2026-01-21T08:25:17.989Z,2026-01-21T08:25:22.847Z,2026-01-21T08:26:35.792Z,72945,2026-01-21T08:26:35.614Z
531,d343820a-b907-4b75-9dfe-3027e7ea3ca7,C,main,3,2,4,image,,4,3,2,6,4,4,2,2,親しみ，弱い，小さい,2026-01-21T08:25:49.371Z,2026-01-21T08:25:52.373Z,2026-01-21T08:26:03.779Z,2026-01-21T08:26:38.372Z,34593,2026-01-21T08:26:38.848Z
532,ee5228de-cd14-400e-ad0f-f8b40ff5e075,D,main,2,1,7,image,,4,4,3,5,5,4,2,3,"ガラガラした声
男らしい
しっかりとした",2026-01-21T08:25:05.730Z,2026-01-21T08:25:08.747Z,2026-01-21T08:25:09.665Z,2026-01-21T08:26:37.073Z,87408,2026-01-21T08:26:41.519Z
533,704d033c-d106-4d06-b398-b5e9a5d30480,C,main,2,1,7,audio,04af2d80-7df5-493f-b1c9-4087cab4960b,4,5,3,5,4,4,1,5,"たどたどしい
いがらっぽい
あやしい
おぼつかない",2026-01-21T08:24:58.812Z,2026-01-21T08:25:05.711Z,2026-01-21T08:25:06.780Z,2026-01-21T08:26:43.541Z,96761,2026-01-21T08:26:44.655Z
534,1f29e4de-41b1-4b52-9587-04e4845cd0fd,C,main,4,2,6,image,,2,5,5,3,6,6,5,2,"無感情,つまらない,胡散臭い,生気が無い
",2026-01-21T08:12:59.056Z,2026-01-21T08:13:02.059Z,2026-01-21T08:13:29.101Z,2026-01-21T08:26:51.081Z,801980,2026-01-21T08:26:51.416Z
535,fcd1b6c2-a870-4b5b-8b49-40a3c4d1fc2f,A,main,2,1,3,audio,8c89b593-2b13-45ba-980b-e1b4a01bc166,3,6,5,3,3,3,5,5,"低い,暗い,わかりにくい",2026-01-21T08:25:59.973Z,2026-01-21T08:26:06.022Z,2026-01-21T08:26:07.266Z,2026-01-21T08:26:51.276Z,44010,2026-01-21T08:26:51.639Z
536,348914a8-023e-4d30-b431-804310c4b024,C,main,1,1,5,audio,1e4c5500-4fc0-4802-a43f-a49f750f2ecc,5,5,5,3,5,5,5,5,"だるい
つまらなそう
辛そう",2026-01-21T08:21:15.905Z,2026-01-21T08:21:24.082Z,2026-01-21T08:21:25.319Z,2026-01-21T08:26:55.278Z,329959,2026-01-21T08:26:55.377Z
537,4c6ae927-9cbd-4bd4-b065-faf732826708,D,main,4,2,4,audio,b27a27a7-106d-4008-8524-6ca0794e34da,1,1,7,1,6,5,6,6,"おかしな
ユニークな
面白い",2026-01-21T08:26:24.116Z,2026-01-21T08:26:31.276Z,2026-01-21T08:26:31.900Z,2026-01-21T08:27:02.784Z,30884,2026-01-21T08:27:02.809Z
538,4db363dd-7d42-4018-a1de-9eedf504a987,D,main,4,2,2,audio,66e7b0e1-63e1-4be4-8d0e-e2507afcff45,4,4,5,3,5,4,4,5,雰囲気が暗い，微妙な声の違い，イメージは悪い,2026-01-21T08:25:07.391Z,2026-01-21T08:25:13.934Z,2026-01-21T08:25:14.827Z,2026-01-21T08:27:05.405Z,110578,2026-01-21T08:27:04.629Z
539,480b4811-adaf-4e9d-bea2-df0d21e73206,C,main,3,2,3,image,,5,6,1,7,7,6,1,2,"わかりやすい
はっきりしている
ゆったりしている",2026-01-21T08:24:59.140Z,2026-01-21T08:25:02.144Z,2026-01-21T08:25:22.062Z,2026-01-21T08:27:13.216Z,111154,2026-01-21T08:27:12.470Z
540,d343820a-b907-4b75-9dfe-3027e7ea3ca7,C,main,4,2,5,image,,4,4,2,6,4,4,2,2,弱い，優しい，小さい,2026-01-21T08:26:38.475Z,2026-01-21T08:26:41.477Z,2026-01-21T08:26:47.077Z,2026-01-21T08:27:12.095Z,25018,2026-01-21T08:27:12.592Z
541,76d28da3-6a50-4ed3-bda4-c24a41e5ca35,C,main,1,1,6,audio,f8588c8b-5346-4a36-af10-c09c4825b62f,3,4,2,6,6,5,2,3,"明るいです
心地よいです
晴れやかです",2026-01-21T08:18:15.192Z,2026-01-21T08:18:23.261Z,2026-01-21T08:18:34.327Z,2026-01-21T08:27:12.279Z,517952,2026-01-21T08:27:13.493Z
542,1aa62335-474e-4c7e-82b3-76a05b1b6625,D,main,1,1,8,image,,5,4,4,4,3,3,2,3,沈んでいる，歯切れが悪い，抑揚がない,2026-01-21T08:23:07.170Z,2026-01-21T08:23:10.179Z,2026-01-21T08:23:28.143Z,2026-01-21T08:27:18.644Z,230501,2026-01-21T08:27:19.571Z
543,c809b5fd-9009-46ae-8add-019bfd037eee,C,main,2,1,5,audio,f5870a4d-0bdb-4fdc-ab57-0a69c3b40aa1,4,4,4,4,5,4,2,4,"遅い
低い
暗い",2026-01-21T08:24:05.187Z,2026-01-21T08:24:11.827Z,2026-01-21T08:24:13.616Z,2026-01-21T08:27:28.778Z,195162,2026-01-21T08:27:29.752Z
544,348914a8-023e-4d30-b431-804310c4b024,C,main,2,1,3,audio,e4fd3e27-47b9-4226-80a8-9c5ed595cf6f,2,6,5,3,5,5,5,5,"つまらなそう
楽しくない
疲れている",2026-01-21T08:26:58.608Z,2026-01-21T08:27:04.228Z,2026-01-21T08:27:10.740Z,2026-01-21T08:27:38.173Z,27433,2026-01-21T08:27:38.243Z
545,58d2d210-c133-4ab1-8f77-5197ff20b70a,D,main,4,2,7,audio,b9a13b28-6df8-4c1f-be75-cb0efc2892fb,5,5,3,5,6,5,3,3,"渋い
大人っぽい
落ち着いた",2026-01-21T08:26:29.284Z,2026-01-21T08:26:35.079Z,2026-01-21T08:26:36.025Z,2026-01-21T08:27:42.296Z,66271,2026-01-21T08:27:42.198Z
546,5684bcec-83cd-4fb0-a0bf-ec53a76a1fe9,C,main,3,2,1,image,,2,3,4,4,4,3,4,3,"かれ気味
元気がない
年相応",2026-01-21T08:26:24.311Z,2026-01-21T08:26:27.319Z,2026-01-21T08:26:36.579Z,2026-01-21T08:27:42.666Z,66087,2026-01-21T08:27:42.418Z
547,0191f5c6-e810-47cd-8aab-a2c6a06f77d1,B,main,4,2,7,image,,5,4,2,6,3,4,2,3,"落ち着いた
甘い
柔らかい
",2026-01-21T08:24:36.025Z,2026-01-21T08:24:39.027Z,2026-01-21T08:24:43.401Z,2026-01-21T08:27:44.365Z,180964,2026-01-21T08:27:44.355Z
548,526434d0-0667-43d5-828a-160eaa2ea6a1,A,main,2,1,6,audio,068a65ca-31a1-4460-8d9a-240b782ed434,4,4,1,7,7,4,1,1,"平凡,普通,調整,不動",2026-01-21T08:25:51.293Z,2026-01-21T08:25:56.070Z,2026-01-21T08:25:57.700Z,2026-01-21T08:27:45.020Z,107320,2026-01-21T08:27:47.020Z
549,9136607c-002c-4c13-817c-89ef3db2e974,C,main,3,2,3,image,,4,3,3,5,4,4,4,4,"他人のような
意外
不思議",2026-01-21T08:26:45.449Z,2026-01-21T08:26:48.450Z,2026-01-21T08:27:03.817Z,2026-01-21T08:27:53.005Z,49188,2026-01-21T08:27:52.749Z
550,307cba84-575b-410e-8110-745566629e81,D,main,1,1,5,image,,4,3,5,3,5,4,2,5,"低い,遅い,太い",2026-01-21T08:20:18.897Z,2026-01-21T08:20:21.899Z,2026-01-21T08:20:36.552Z,2026-01-21T08:28:03.310Z,446758,2026-01-21T08:28:03.182Z
551,24767c13-be45-4a75-86f1-103794861842,C,main,3,2,3,image,,3,4,3,5,2,3,2,2,"クリア
明るい
心地良い",2026-01-21T08:26:48.935Z,2026-01-21T08:26:51.937Z,2026-01-21T08:26:58.289Z,2026-01-21T08:28:09.453Z,71164,2026-01-21T08:28:09.798Z
552,97234376-e479-4634-b632-29674020c166,D,main,3,2,7,audio,a885dd88-7bd1-440c-bfc1-be788ec02c73,4,4,3,5,5,5,2,3,"聞きやすい
普通
自然",2026-01-21T08:26:56.833Z,2026-01-21T08:27:02.809Z,2026-01-21T08:27:04.054Z,2026-01-21T08:28:29.194Z,85140,2026-01-21T08:28:30.928Z
553,480b4811-adaf-4e9d-bea2-df0d21e73206,C,main,4,2,6,image,,6,7,1,7,7,6,1,1,"自分らしい
のんびりしている
落ち着いている",2026-01-21T08:27:13.702Z,2026-01-21T08:27:16.705Z,2026-01-21T08:27:29.704Z,2026-01-21T08:28:32.061Z,62357,2026-01-21T08:28:30.962Z
554,9b82fe07-ea6b-4902-a18d-716eb4517384,A,main,2,1,8,audio,a728acbf-aeaa-48e8-a2b2-ef01496a965f,5,4,4,4,5,6,2,3,"低い
ハスキーな
静かな",2026-01-21T08:26:03.119Z,2026-01-21T08:26:09.696Z,2026-01-21T08:26:11.919Z,2026-01-21T08:28:30.031Z,138112,2026-01-21T08:28:31.695Z
555,5684bcec-83cd-4fb0-a0bf-ec53a76a1fe9,C,main,4,2,2,image,,2,2,3,5,3,3,3,3,"張りがない
聞き取りにくい
張りがない",2026-01-21T08:27:42.719Z,2026-01-21T08:27:45.722Z,2026-01-21T08:27:46.258Z,2026-01-21T08:28:36.314Z,50056,2026-01-21T08:28:36.062Z
556,24767c13-be45-4a75-86f1-103794861842,C,main,4,2,4,image,,4,3,2,6,2,3,2,2,"クリア
明るい
心地良い",2026-01-21T08:28:09.579Z,2026-01-21T08:28:12.581Z,2026-01-21T08:28:16.594Z,2026-01-21T08:28:36.309Z,19715,2026-01-21T08:28:36.601Z
557,393871dc-d185-4e97-90f3-a2a83e257519,C,main,3,2,5,image,,3,3,3,5,7,2,5,4,"モゴモゴした
暗い
メリハリない",2026-01-21T08:27:32.539Z,2026-01-21T08:27:35.542Z,2026-01-21T08:27:42.678Z,2026-01-21T08:28:39.643Z,56965,2026-01-21T08:28:37.852Z
558,caac2bc1-d0d2-4f06-b23a-3ff3570f4e73,D,main,3,2,3,audio,ee30f337-dd0b-4381-8efa-841fe8313c18,2,2,6,2,6,5,4,5,"暗い
感情がない
綺麗でない",2026-01-21T08:26:48.743Z,2026-01-21T08:26:53.176Z,2026-01-21T08:26:56.325Z,2026-01-21T08:28:40.345Z,104020,2026-01-21T08:28:40.463Z
559,9136607c-002c-4c13-817c-89ef3db2e974,C,main,4,2,8,image,,4,4,3,5,4,4,4,4,"意外
不思議
不自然",2026-01-21T08:27:53.166Z,2026-01-21T08:27:56.174Z,2026-01-21T08:27:59.909Z,2026-01-21T08:28:50.015Z,50106,2026-01-21T08:28:49.691Z
560,ee5228de-cd14-400e-ad0f-f8b40ff5e075,D,main,3,2,7,audio,9b4e597c-f2b9-43e6-99c7-d85f5d1407d9,4,3,5,3,4,3,5,5,"だみ声
怖そうな
強そうな",2026-01-21T08:27:33.598Z,2026-01-21T08:27:40.446Z,2026-01-21T08:27:42.532Z,2026-01-21T08:28:52.372Z,69840,2026-01-21T08:28:56.746Z
561,348914a8-023e-4d30-b431-804310c4b024,C,main,3,2,3,image,,5,2,5,3,5,5,5,5,"明るい
楽しそう
若い",2026-01-21T08:28:29.243Z,2026-01-21T08:28:32.245Z,2026-01-21T08:28:36.786Z,2026-01-21T08:29:00.246Z,23460,2026-01-21T08:29:00.293Z
562,e7f0716a-5c9e-4998-af0d-cacea8ae3ef4,D,main,1,1,3,image,,2,3,2,6,2,2,2,2,"怖い、
きつい、
残念",2026-01-21T08:28:13.228Z,2026-01-21T08:28:16.231Z,2026-01-21T08:28:17.698Z,2026-01-21T08:29:02.409Z,44711,2026-01-21T08:29:02.798Z
563,b44adb88-8606-4ea9-822d-8741a61496ff,D,main,3,2,3,audio,4206e70b-b7d2-4252-a4a6-b5aa2f632a5e,2,2,5,3,4,3,5,6,"低い,単調な,抑揚のない",2026-01-21T08:27:56.117Z,2026-01-21T08:28:00.728Z,2026-01-21T08:28:02.494Z,2026-01-21T08:29:09.590Z,67096,2026-01-21T08:29:09.716Z
564,dcab3508-de9a-4eb7-ae70-b6ff5fb39ee6,D,main,3,2,5,audio,3bff4e5c-9537-4d18-987a-3bde618476ff,4,4,2,6,7,4,4,4,"不思議な,おかしな,奇妙な,",2026-01-21T08:27:29.490Z,2026-01-21T08:27:37.839Z,2026-01-21T08:27:39.061Z,2026-01-21T08:29:17.939Z,98878,2026-01-21T08:29:17.553Z
565,fcd1b6c2-a870-4b5b-8b49-40a3c4d1fc2f,A,main,3,2,3,audio,8c89b593-2b13-45ba-980b-e1b4a01bc166,3,5,5,3,3,5,5,5,"暗い,聞こえづらい,低い",2026-01-21T08:28:26.572Z,2026-01-21T08:28:32.626Z,2026-01-21T08:28:33.109Z,2026-01-21T08:29:24.026Z,50917,2026-01-21T08:29:24.392Z
566,1aa62335-474e-4c7e-82b3-76a05b1b6625,D,main,2,1,6,image,,5,5,4,4,4,4,3,5,霞んでいる，自分らしくない，しゃがれている,2026-01-21T08:27:18.828Z,2026-01-21T08:27:21.830Z,2026-01-21T08:27:32.740Z,2026-01-21T08:29:26.734Z,113994,2026-01-21T08:29:27.535Z
567,348914a8-023e-4d30-b431-804310c4b024,C,main,4,2,5,image,,5,5,5,3,5,5,5,5,"明るい
楽しそう
学びがある",2026-01-21T08:29:00.300Z,2026-01-21T08:29:03.302Z,2026-01-21T08:29:04.445Z,2026-01-21T08:29:29.195Z,24750,2026-01-21T08:29:29.291Z
568,e7f0716a-5c9e-4998-af0d-cacea8ae3ef4,D,main,2,1,8,image,,2,3,3,5,3,2,5,2,"怖い
残念
気弱",2026-01-21T08:29:02.595Z,2026-01-21T08:29:05.597Z,2026-01-21T08:29:06.339Z,2026-01-21T08:29:31.642Z,25303,2026-01-21T08:29:31.973Z
569,334c94a2-f860-47b5-9466-baa3c0381b41,D,main,1,1,2,image,,3,3,5,3,5,3,3,3,"低い
不自然な
こもった",2026-01-21T08:18:03.081Z,2026-01-21T08:18:06.086Z,2026-01-21T08:18:19.729Z,2026-01-21T08:29:33.595Z,673866,2026-01-21T08:29:33.630Z
570,97234376-e479-4634-b632-29674020c166,D,main,4,2,8,audio,c552b4b8-08aa-4ce8-9604-1f165ba8da78,3,3,3,5,4,4,1,3,"不自然
聞きにくい
たどたどしい",2026-01-21T08:28:31.979Z,2026-01-21T08:28:39.778Z,2026-01-21T08:28:40.760Z,2026-01-21T08:29:40.454Z,59694,2026-01-21T08:29:42.186Z
571,393871dc-d185-4e97-90f3-a2a83e257519,C,main,4,2,2,image,,4,4,3,5,5,4,5,6,"早い
はっきりしない
暗い",2026-01-21T08:28:39.721Z,2026-01-21T08:28:42.723Z,2026-01-21T08:28:53.345Z,2026-01-21T08:29:44.282Z,50937,2026-01-21T08:29:42.547Z
572,ef6e438f-42b6-4bc0-a6ce-59458fe45ba1,C,main,1,1,5,audio,429353f1-d040-405f-8970-bad8bde1d5d6,6,5,1,7,7,6,1,2,"年齢相応
落ち着いた
渋い",2026-01-21T08:27:52.528Z,2026-01-21T08:28:00.006Z,2026-01-21T08:28:02.012Z,2026-01-21T08:29:46.760Z,104748,2026-01-21T08:29:46.390Z
573,fcd1b6c2-a870-4b5b-8b49-40a3c4d1fc2f,A,main,4,2,6,audio,633c4f36-7279-4ad1-a664-a9cb90bd65fb,3,5,5,3,5,3,5,4,"暗い,低い,聞こえにくい",2026-01-21T08:29:25.482Z,2026-01-21T08:29:31.867Z,2026-01-21T08:29:32.406Z,2026-01-21T08:29:59.168Z,26762,2026-01-21T08:29:59.591Z
574,704d033c-d106-4d06-b398-b5e9a5d30480,C,main,3,2,2,image,,4,5,4,4,6,5,2,4,"あらい
あやうい
えもい
あくどい",2026-01-21T08:27:29.520Z,2026-01-21T08:27:32.521Z,2026-01-21T08:27:35.884Z,2026-01-21T08:29:59.084Z,143200,2026-01-21T08:30:00.441Z
575,2aa8510d-3d15-4f68-a653-8e39fdca1552,C,main,1,1,6,audio,fbbf5242-191d-4725-938c-ab5d45bfe540,4,4,3,5,5,4,4,4,"普通の,特色のない,聞き馴染みのある",2026-01-21T08:29:13.245Z,2026-01-21T08:29:18.691Z,2026-01-21T08:29:19.648Z,2026-01-21T08:30:07.181Z,47533,2026-01-21T08:30:07.381Z
576,b44adb88-8606-4ea9-822d-8741a61496ff,D,main,4,2,8,audio,78a57ec3-8ffd-4a56-b6a1-aa07fc79fec9,2,2,5,3,3,3,6,6,"単調な,平凡,聞き取りにくい",2026-01-21T08:29:11.373Z,2026-01-21T08:29:18.369Z,2026-01-21T08:29:18.885Z,2026-01-21T08:30:12.168Z,53283,2026-01-21T08:30:12.403Z
577,e7f0716a-5c9e-4998-af0d-cacea8ae3ef4,D,main,3,2,8,audio,ceb61f60-b530-4e5c-b94e-c54d9148ef70,2,3,5,3,4,4,3,4,"怖い
汚い
残念",2026-01-21T08:29:44.492Z,2026-01-21T08:29:49.863Z,2026-01-21T08:29:50.426Z,2026-01-21T08:30:17.810Z,27384,2026-01-21T08:30:18.200Z
578,5e163f9e-347b-4f21-a0ce-3b39bd8faf5c,D,main,1,1,8,image,,4,4,3,5,5,4,2,2,"明るい
落ち着いた
ゆっくりした",2026-01-21T08:29:21.464Z,2026-01-21T08:29:24.472Z,2026-01-21T08:29:34.276Z,2026-01-21T08:30:21.628Z,47352,2026-01-21T08:30:18.590Z
579,c30bb747-7eeb-4ab3-994a-d1507839deb9,B,main,1,1,7,image,,3,2,2,6,4,3,2,3,高い，女性らしい，若い，,2026-01-21T08:28:46.374Z,2026-01-21T08:28:49.377Z,2026-01-21T08:28:56.508Z,2026-01-21T08:30:20.143Z,83635,2026-01-21T08:30:21.162Z
580,307cba84-575b-410e-8110-745566629e81,D,main,2,1,1,image,,4,3,5,3,6,5,4,3,"強い,硬い,正しい",2026-01-21T08:28:03.698Z,2026-01-21T08:28:06.699Z,2026-01-21T08:28:19.851Z,2026-01-21T08:30:29.301Z,129450,2026-01-21T08:30:29.190Z
581,ee5228de-cd14-400e-ad0f-f8b40ff5e075,D,main,4,2,4,audio,97fa56da-672f-473a-a46e-1c1cb33cd89d,4,3,5,3,4,3,5,5,"しゃがれた
濁った声
重々しい",2026-01-21T08:28:54.074Z,2026-01-21T08:29:02.347Z,2026-01-21T08:29:06.201Z,2026-01-21T08:30:27.912Z,81711,2026-01-21T08:30:32.343Z
582,ef6e438f-42b6-4bc0-a6ce-59458fe45ba1,C,main,2,1,6,audio,0290bbc9-555f-46e0-ae08-bb6b6acd12e8,5,5,1,7,7,7,1,1,"年齢相応の
落ち着いた
渋い",2026-01-21T08:29:48.493Z,2026-01-21T08:29:53.736Z,2026-01-21T08:29:55.310Z,2026-01-21T08:30:46.249Z,50939,2026-01-21T08:30:45.878Z
583,2aa8510d-3d15-4f68-a653-8e39fdca1552,C,main,2,1,5,audio,3891481a-edff-48b6-adbb-7c3abeb3ef87,4,4,5,3,5,5,4,4,"違和感のある,聞き馴染みのある,珍しい",2026-01-21T08:30:08.368Z,2026-01-21T08:30:15.351Z,2026-01-21T08:30:15.976Z,2026-01-21T08:30:49.137Z,33161,2026-01-21T08:30:49.333Z
584,e7f0716a-5c9e-4998-af0d-cacea8ae3ef4,D,main,4,2,3,audio,084f27dc-fe9c-4005-ab76-f1562130dd4a,4,6,5,3,4,3,5,5,"怖い
残念
汚い",2026-01-21T08:30:19.666Z,2026-01-21T08:30:26.393Z,2026-01-21T08:30:27.394Z,2026-01-21T08:30:52.947Z,25553,2026-01-21T08:30:53.266Z
585,c809b5fd-9009-46ae-8add-019bfd037eee,C,main,3,2,2,image,,5,4,3,5,5,5,2,2,"潔い
穏やかな
遅い

",2026-01-21T08:29:20.213Z,2026-01-21T08:29:23.213Z,2026-01-21T08:29:32.071Z,2026-01-21T08:30:54.105Z,82034,2026-01-21T08:30:54.979Z
586,5e163f9e-347b-4f21-a0ce-3b39bd8faf5c,D,main,2,1,4,image,,4,4,1,7,6,4,1,1,"明るい
落ち着いた
こころよい",2026-01-21T08:30:21.742Z,2026-01-21T08:30:24.748Z,2026-01-21T08:30:28.191Z,2026-01-21T08:31:00.832Z,32641,2026-01-21T08:30:57.718Z
587,7e4ea26e-bd45-459a-aa5a-65ccd82b722f,D,main,3,2,1,audio,73005c3c-722a-417d-92bd-bca3df994cb1,6,6,1,7,3,4,1,1,"鮮やか
穏やか
しなやか
",2026-01-21T08:27:14.686Z,2026-01-21T08:27:24.848Z,2026-01-21T08:27:27.508Z,2026-01-21T08:30:58.678Z,211170,2026-01-21T08:30:58.928Z
588,dcab3508-de9a-4eb7-ae70-b6ff5fb39ee6,D,main,4,2,3,audio,bca131ae-7f88-4f46-9aef-b5d89e414b6a,4,4,5,3,7,4,5,5,"不自然な,奇妙な,異質な,",2026-01-21T08:29:19.957Z,2026-01-21T08:29:28.733Z,2026-01-21T08:29:29.480Z,2026-01-21T08:30:59.565Z,90085,2026-01-21T08:30:59.184Z
589,526434d0-0667-43d5-828a-160eaa2ea6a1,A,main,3,2,6,audio,068a65ca-31a1-4460-8d9a-240b782ed434,4,4,4,4,7,1,2,1,"普通,平然,自然,無関心",2026-01-21T08:29:35.119Z,2026-01-21T08:29:39.890Z,2026-01-21T08:29:44.194Z,2026-01-21T08:31:00.559Z,76365,2026-01-21T08:31:02.559Z
590,85d73d55-811e-467f-9f5b-27f79585c765,A,main,1,1,4,audio,61656203-8bd8-4f48-a271-0a906c1f34e0,4,4,2,6,7,6,1,2,"やや早口
やや緊張
掠れ気味",2026-01-21T08:29:15.655Z,2026-01-21T08:29:20.523Z,2026-01-21T08:29:24.008Z,2026-01-21T08:31:09.173Z,105165,2026-01-21T08:31:09.235Z
591,334c94a2-f860-47b5-9466-baa3c0381b41,D,main,2,1,1,image,,4,5,3,5,4,5,2,2,"自然な
早い
気持ちのこもった",2026-01-21T08:29:33.872Z,2026-01-21T08:29:36.874Z,2026-01-21T08:29:49.411Z,2026-01-21T08:31:23.943Z,94532,2026-01-21T08:31:23.940Z
592,69f42adc-d3ea-4a81-851b-d9ed360726ac,C,main,3,2,5,image,,7,6,1,7,2,7,1,1,かっこいい，明るい，面白い,2026-01-21T08:29:13.157Z,2026-01-21T08:29:16.159Z,2026-01-21T08:29:26.477Z,2026-01-21T08:31:30.669Z,124192,2026-01-21T08:31:31.130Z
593,c30bb747-7eeb-4ab3-994a-d1507839deb9,B,main,2,1,5,image,,3,2,2,6,4,4,2,4,高い，若い，硬い，,2026-01-21T08:30:21.298Z,2026-01-21T08:30:24.301Z,2026-01-21T08:30:47.496Z,2026-01-21T08:31:34.388Z,46892,2026-01-21T08:31:35.507Z
594,caac2bc1-d0d2-4f06-b23a-3ff3570f4e73,D,main,4,2,5,audio,4c062d13-560d-4141-88e9-cfeb9762c135,2,4,3,5,7,6,3,5,"ノーマル
幼稚
自分らしい",2026-01-21T08:28:42.042Z,2026-01-21T08:28:47.753Z,2026-01-21T08:28:50.676Z,2026-01-21T08:31:47.295Z,176619,2026-01-21T08:31:47.411Z
595,58271931-a688-4291-8994-bd834bc7f2a4,D,main,1,1,6,image,,5,5,3,5,6,6,2,2,"大人っぽい,日本人らしい,年齢相応っぽい",2026-01-21T08:27:55.716Z,2026-01-21T08:27:58.718Z,2026-01-21T08:28:06.499Z,2026-01-21T08:31:54.003Z,227504,2026-01-21T08:31:52.543Z
596,8ecf0c50-2e60-43f3-8900-6af4e84ec28f,D,main,1,1,2,image,,4,3,5,3,5,4,5,5,"声が低い
聞き取りづらい
テンションがあまり高くない",2026-01-21T08:30:38.481Z,2026-01-21T08:30:41.484Z,2026-01-21T08:30:46.843Z,2026-01-21T08:31:54.923Z,68080,2026-01-21T08:31:55.057Z
597,76d28da3-6a50-4ed3-bda4-c24a41e5ca35,C,main,2,1,2,audio,f35fc644-59cf-4c00-9855-fbcb304ba63d,2,4,3,5,6,4,2,5,"清々しいです
元気がいいです
軽やかです
",2026-01-21T08:27:25.018Z,2026-01-21T08:27:34.619Z,2026-01-21T08:27:38.960Z,2026-01-21T08:31:54.760Z,255800,2026-01-21T08:31:55.814Z
598,85d73d55-811e-467f-9f5b-27f79585c765,A,main,2,1,5,audio,2b72b53d-b90c-469e-8d3a-75631f038813,4,4,2,6,7,6,4,3,"早口
緊張
たどたどしい",2026-01-21T08:31:11.289Z,2026-01-21T08:31:17.002Z,2026-01-21T08:31:18.116Z,2026-01-21T08:31:58.983Z,40867,2026-01-21T08:31:59.020Z
599,e1a5b44e-7dce-41e9-97e4-55f2f6d6a9e4,B,main,1,1,5,image,,4,3,4,4,5,5,2,4,"説得力がある
軽い
滑らかな",2026-01-21T08:30:59.708Z,2026-01-21T08:31:02.714Z,2026-01-21T08:31:09.019Z,2026-01-21T08:32:21.429Z,72410,2026-01-21T08:32:21.453Z
600,5e163f9e-347b-4f21-a0ce-3b39bd8faf5c,D,main,3,2,4,audio,76f6390f-e0b8-42fc-9cee-a01e8270ed09,4,4,1,7,6,5,1,1,"落ち着いた
おっとりした
ゆっくりした",2026-01-21T08:31:58.662Z,2026-01-21T08:32:04.532Z,2026-01-21T08:32:05.777Z,2026-01-21T08:32:28.227Z,22450,2026-01-21T08:32:25.106Z
601,e652b514-f2e9-40a9-852d-3dad5cd91e86,D,main,1,1,7,image,,2,4,3,5,6,3,2,6,"幼い
早い
強い",2026-01-21T08:31:14.933Z,2026-01-21T08:31:17.935Z,2026-01-21T08:31:21.036Z,2026-01-21T08:32:33.796Z,72760,2026-01-21T08:32:33.976Z
602,25a0f8e0-6c15-4e3f-871b-1dd3c7e9662d,D,main,1,1,2,image,,5,4,3,5,6,5,3,1,"落ち着いている
平坦
硬い",2026-01-21T08:30:55.205Z,2026-01-21T08:30:58.210Z,2026-01-21T08:31:01.529Z,2026-01-21T08:32:38.885Z,97356,2026-01-21T08:32:38.334Z
603,8ecf0c50-2e60-43f3-8900-6af4e84ec28f,D,main,2,1,1,image,,5,5,3,5,6,5,2,3,"話し慣れている
低い
スムーズ",2026-01-21T08:31:55.074Z,2026-01-21T08:31:58.077Z,2026-01-21T08:32:03.136Z,2026-01-21T08:32:42.044Z,38908,2026-01-21T08:32:42.232Z
604,e1a5b44e-7dce-41e9-97e4-55f2f6d6a9e4,B,main,2,1,7,image,,5,2,2,6,6,6,2,2,"正直な
フレンドリーな
うなづける",2026-01-21T08:32:21.549Z,2026-01-21T08:32:24.551Z,2026-01-21T08:32:26.473Z,2026-01-21T08:33:02.534Z,36061,2026-01-21T08:33:02.555Z
605,c30bb747-7eeb-4ab3-994a-d1507839deb9,B,main,3,2,7,image,,3,3,3,5,4,4,2,3,高い，若い，女性らしい,2026-01-21T08:32:17.746Z,2026-01-21T08:32:20.749Z,2026-01-21T08:32:26.386Z,2026-01-21T08:33:01.595Z,35209,2026-01-21T08:33:02.711Z
606,5e163f9e-347b-4f21-a0ce-3b39bd8faf5c,D,main,4,2,8,audio,2d2ca769-67bc-4bbf-a7b3-8dc9ef623b87,5,5,1,7,6,6,1,1,"心地よい
おっとりした
静かな",2026-01-21T08:32:29.974Z,2026-01-21T08:32:36.101Z,2026-01-21T08:32:37.224Z,2026-01-21T08:33:07.542Z,30318,2026-01-21T08:33:04.423Z
607,704d033c-d106-4d06-b398-b5e9a5d30480,C,main,4,2,7,image,,5,5,2,6,5,4,2,3,"ぎこちない
きはずかしい
ずぶとい
ものたりない",2026-01-21T08:29:59.415Z,2026-01-21T08:30:02.419Z,2026-01-21T08:30:07.916Z,2026-01-21T08:33:08.252Z,180336,2026-01-21T08:33:09.534Z
608,526434d0-0667-43d5-828a-160eaa2ea6a1,A,main,4,2,5,audio,a08d68c0-4624-486e-b14b-077d612b1c19,4,4,4,4,7,5,1,1,"近い,平均的,中間、普通",2026-01-21T08:31:02.392Z,2026-01-21T08:31:10.329Z,2026-01-21T08:31:13.209Z,2026-01-21T08:33:08.466Z,115257,2026-01-21T08:33:10.472Z
609,e652b514-f2e9-40a9-852d-3dad5cd91e86,D,main,2,1,5,image,,4,3,3,5,4,6,2,6,"幼い
強い
せっかち",2026-01-21T08:32:33.857Z,2026-01-21T08:32:36.858Z,2026-01-21T08:32:40.180Z,2026-01-21T08:33:14.660Z,34480,2026-01-21T08:33:14.836Z
610,ef6e438f-42b6-4bc0-a6ce-59458fe45ba1,C,main,3,2,6,image,,6,6,1,7,7,6,1,1,"落ち着いた
渋い
聞き取りやすい",2026-01-21T08:32:10.116Z,2026-01-21T08:32:13.117Z,2026-01-21T08:32:25.733Z,2026-01-21T08:33:15.930Z,50197,2026-01-21T08:33:15.563Z
611,2aa8510d-3d15-4f68-a653-8e39fdca1552,C,main,3,2,5,image,,4,4,4,4,6,5,5,5,"なにか恥ずかしい,少し驚きがある,馴染みのある",2026-01-21T08:32:04.443Z,2026-01-21T08:32:07.443Z,2026-01-21T08:32:15.527Z,2026-01-21T08:33:20.696Z,65169,2026-01-21T08:33:20.896Z
612,58271931-a688-4291-8994-bd834bc7f2a4,D,main,2,1,4,image,,5,5,3,5,5,5,2,4,"表現力がある,説得力がある,丁寧さがある",2026-01-21T08:31:54.188Z,2026-01-21T08:31:57.204Z,2026-01-21T08:32:03.829Z,2026-01-21T08:33:35.416Z,91587,2026-01-21T08:33:33.818Z
613,1aa62335-474e-4c7e-82b3-76a05b1b6625,D,main,3,2,6,audio,afef8d07-e139-4e4f-ad62-9f922ba42340,4,5,4,4,2,4,2,6,しゃがれている，元気が無い，年寄りみたい,2026-01-21T08:30:54.128Z,2026-01-21T08:30:59.439Z,2026-01-21T08:31:01.059Z,2026-01-21T08:33:36.301Z,155242,2026-01-21T08:33:37.192Z
614,812b3b44-4fb3-4452-86d2-6968df6d98ce,D,main,1,1,4,image,,4,3,3,5,3,3,3,3,"丸く、
とがっておらず、
聞き取りやすい声
",2026-01-21T08:30:56.042Z,2026-01-21T08:30:59.043Z,2026-01-21T08:31:25.294Z,2026-01-21T08:33:45.966Z,140672,2026-01-21T08:33:46.016Z
615,cb7a5574-9cb5-4cf6-87f8-c9b2e1daf4ed,A,main,1,1,7,audio,45bebc0a-4feb-455c-8a12-fb7176865ae3,2,3,5,3,7,7,6,4,低い，落ち着いた，こもった，早口,2026-01-21T08:31:09.178Z,2026-01-21T08:31:13.850Z,2026-01-21T08:31:16.130Z,2026-01-21T08:33:50.330Z,154200,2026-01-21T08:33:50.454Z
616,25a0f8e0-6c15-4e3f-871b-1dd3c7e9662d,D,main,2,1,1,image,,6,5,2,6,6,5,2,2,"無気力
不機嫌
気だるげ",2026-01-21T08:32:38.986Z,2026-01-21T08:32:41.987Z,2026-01-21T08:32:47.229Z,2026-01-21T08:33:55.691Z,68462,2026-01-21T08:33:55.077Z
617,c30bb747-7eeb-4ab3-994a-d1507839deb9,B,main,4,2,5,image,,3,2,3,5,4,4,2,3,高い，若い，女性らしい,2026-01-21T08:33:02.844Z,2026-01-21T08:33:05.847Z,2026-01-21T08:33:09.284Z,2026-01-21T08:33:52.982Z,43698,2026-01-21T08:33:56.049Z
618,8ecf0c50-2e60-43f3-8900-6af4e84ec28f,D,main,3,2,2,audio,985dfca2-40ed-4651-a458-eef3486cd8cf,5,5,3,5,6,7,2,2,"聞き慣れている
スムーズ
声が低い",2026-01-21T08:33:23.688Z,2026-01-21T08:33:28.406Z,2026-01-21T08:33:29.839Z,2026-01-21T08:33:58.513Z,28674,2026-01-21T08:33:58.651Z
619,ef6e438f-42b6-4bc0-a6ce-59458fe45ba1,C,main,4,2,5,image,,6,6,1,7,6,6,1,1,"年齢相応の
渋い
落ち着いた",2026-01-21T08:33:15.963Z,2026-01-21T08:33:18.964Z,2026-01-21T08:33:23.052Z,2026-01-21T08:34:04.609Z,41557,2026-01-21T08:34:04.247Z
620,69f42adc-d3ea-4a81-851b-d9ed360726ac,C,main,4,2,4,image,,5,6,2,6,2,6,1,1,親切，上手，軽い,2026-01-21T08:31:30.793Z,2026-01-21T08:31:33.795Z,2026-01-21T08:31:48.854Z,2026-01-21T08:34:07.277Z,138423,2026-01-21T08:34:07.735Z
621,9b82fe07-ea6b-4902-a18d-716eb4517384,A,main,3,2,5,audio,b86098ec-1671-4a6c-b258-ae17f3a29570,4,3,5,3,5,6,2,3,"落ち着いた
低い
こもった
ゆっくりとした",2026-01-21T08:33:06.071Z,2026-01-21T08:33:13.396Z,2026-01-21T08:33:20.151Z,2026-01-21T08:34:23.359Z,63208,2026-01-21T08:34:24.944Z
622,b7e74604-4b41-41b5-be74-4fbb3bf330d3,D,main,1,1,7,image,,3,3,3,5,4,4,3,3,"幼い
ねむそう
疲れた感じ",2026-01-21T08:33:01.390Z,2026-01-21T08:33:04.405Z,2026-01-21T08:33:08.814Z,2026-01-21T08:34:24.945Z,76131,2026-01-21T08:34:25.088Z
623,7e4ea26e-bd45-459a-aa5a-65ccd82b722f,D,main,4,2,6,audio,621dba31-55be-403c-9cf5-a4c83ad8b333,3,4,5,3,4,5,1,1,"たどたどしい
ぎこちない
おぼつかない",2026-01-21T08:31:01.093Z,2026-01-21T08:31:07.238Z,2026-01-21T08:31:09.532Z,2026-01-21T08:34:28.486Z,198954,2026-01-21T08:34:28.745Z
624,2aa8510d-3d15-4f68-a653-8e39fdca1552,C,main,4,2,6,image,,4,4,4,4,5,5,5,5,"気恥ずかしい,違和感ある,馴染みある",2026-01-21T08:33:20.730Z,2026-01-21T08:33:23.745Z,2026-01-21T08:33:25.571Z,2026-01-21T08:34:30.441Z,64870,2026-01-21T08:34:30.642Z
625,e1a5b44e-7dce-41e9-97e4-55f2f6d6a9e4,B,main,3,2,7,image,,5,5,2,6,6,6,2,3,"フランクな
とっつきやすい
正直な",2026-01-21T08:33:46.242Z,2026-01-21T08:33:49.245Z,2026-01-21T08:33:51.168Z,2026-01-21T08:34:31.927Z,40759,2026-01-21T08:34:31.989Z
626,8ecf0c50-2e60-43f3-8900-6af4e84ec28f,D,main,4,2,1,audio,272f1ece-c10c-43b6-8953-ec0fc3fb59bd,4,5,3,5,6,5,5,5,"少し違和感
低い
聞き取りづらい",2026-01-21T08:34:00.246Z,2026-01-21T08:34:05.722Z,2026-01-21T08:34:06.713Z,2026-01-21T08:34:40.959Z,34246,2026-01-21T08:34:41.125Z
627,cb7a5574-9cb5-4cf6-87f8-c9b2e1daf4ed,A,main,2,1,2,audio,4c75038f-d8f1-4e6b-9545-1225e4502792,4,4,3,5,7,7,5,3,低い，暗い，落ち着いた，こもった,2026-01-21T08:33:52.554Z,2026-01-21T08:33:57.461Z,2026-01-21T08:33:59.794Z,2026-01-21T08:34:54.146Z,54352,2026-01-21T08:34:54.174Z
628,e652b514-f2e9-40a9-852d-3dad5cd91e86,D,main,3,2,5,audio,c96e9d46-564f-43d7-89d1-86e6d7ecf997,3,2,2,6,5,6,2,5,"ゆっくり
さばけた
落ち着き",2026-01-21T08:34:03.157Z,2026-01-21T08:34:10.819Z,2026-01-21T08:34:12.308Z,2026-01-21T08:34:54.476Z,42168,2026-01-21T08:34:54.645Z
629,812b3b44-4fb3-4452-86d2-6968df6d98ce,D,main,2,1,8,image,,5,4,3,5,4,4,3,3,"大きくも小さくもなく、
特に印象的な部分もなく、
ありきたりな声",2026-01-21T08:33:46.134Z,2026-01-21T08:33:49.135Z,2026-01-21T08:34:05.898Z,2026-01-21T08:34:58.279Z,52381,2026-01-21T08:34:58.210Z
630,c809b5fd-9009-46ae-8add-019bfd037eee,C,main,4,2,5,image,,4,4,3,5,5,5,1,3,"早い
明るい
穏やかな",2026-01-21T08:30:54.161Z,2026-01-21T08:30:57.163Z,2026-01-21T08:31:01.392Z,2026-01-21T08:35:03.188Z,241796,2026-01-21T08:35:04.183Z
631,e7ec3ecc-306a-4fb3-97e8-b79476e440c5,C,main,1,1,3,audio,c354404a-ad4f-4269-952b-269156460236,2,2,6,2,2,1,5,6,"暗い
か細い
小さい",2026-01-21T08:32:10.658Z,2026-01-21T08:32:15.695Z,2026-01-21T08:32:20.449Z,2026-01-21T08:35:21.522Z,181073,2026-01-21T08:35:23.174Z
632,e1a5b44e-7dce-41e9-97e4-55f2f6d6a9e4,B,main,4,2,5,image,,5,3,2,6,4,5,2,4,"説得力のある
客観的な
分かりやすい",2026-01-21T08:34:32.086Z,2026-01-21T08:34:35.097Z,2026-01-21T08:34:36.177Z,2026-01-21T08:35:25.135Z,48958,2026-01-21T08:35:25.283Z
633,6af4d1b2-4851-4153-884e-e079eee73e12,C,main,1,1,5,audio,ac0c33ef-9f8b-4dd3-b89d-201f8b220a1c,2,3,6,2,4,4,5,6,うわずったような声で，おちつきがない，焦りを感じているような声に聞こえる。,2026-01-21T08:30:55.170Z,2026-01-21T08:31:03.006Z,2026-01-21T08:31:04.402Z,2026-01-21T08:35:33.942Z,269540,2026-01-21T08:35:35.043Z
634,e652b514-f2e9-40a9-852d-3dad5cd91e86,D,main,4,2,7,audio,9b2453b3-583f-4c09-9196-c61e2070d371,3,3,2,6,5,6,2,5,"懐かしい
ゆったり
幼い",2026-01-21T08:34:56.188Z,2026-01-21T08:35:01.560Z,2026-01-21T08:35:06.564Z,2026-01-21T08:35:37.772Z,31208,2026-01-21T08:35:37.961Z
635,1aa62335-474e-4c7e-82b3-76a05b1b6625,D,main,4,2,8,audio,c0faa27f-3e87-433a-817f-2f854a6a1846,3,4,3,5,3,4,3,5,声が低い，しゃがれている，ゆっくりしている,2026-01-21T08:33:39.563Z,2026-01-21T08:33:45.849Z,2026-01-21T08:33:46.801Z,2026-01-21T08:35:49.538Z,122737,2026-01-21T08:35:50.428Z
636,58271931-a688-4291-8994-bd834bc7f2a4,D,main,3,2,6,audio,3bc34da0-dd2e-4e3b-ac2e-1b8c8bd94266,4,4,4,4,5,3,3,5,"不自然,抑揚がない,説得力がない",2026-01-21T08:34:48.217Z,2026-01-21T08:34:58.271Z,2026-01-21T08:34:59.723Z,2026-01-21T08:36:06.368Z,66645,2026-01-21T08:36:04.769Z
637,b7e74604-4b41-41b5-be74-4fbb3bf330d3,D,main,2,1,8,image,,4,4,2,6,4,4,3,2,"幼い
眠たそう
こもった感じ",2026-01-21T08:34:24.998Z,2026-01-21T08:34:28.000Z,2026-01-21T08:34:34.455Z,2026-01-21T08:36:07.751Z,93296,2026-01-21T08:36:07.882Z
638,25a0f8e0-6c15-4e3f-871b-1dd3c7e9662d,D,main,3,2,2,audio,b7047e1e-e4e3-46ae-9965-8009c0cdc7dd,3,5,5,3,4,6,5,4,"暗い
低い
落ち着いている",2026-01-21T08:35:14.135Z,2026-01-21T08:35:19.504Z,2026-01-21T08:35:20.174Z,2026-01-21T08:36:08.793Z,48619,2026-01-21T08:36:08.182Z
639,334c94a2-f860-47b5-9466-baa3c0381b41,D,main,3,2,1,audio,db58f50a-50e2-45f3-9ed6-ee8aaacdcb09,3,3,5,3,3,3,4,5,"こもった
セリフのような
伝わりにくい
",2026-01-21T08:33:39.396Z,2026-01-21T08:33:46.906Z,2026-01-21T08:33:52.373Z,2026-01-21T08:36:09.680Z,137307,2026-01-21T08:36:10.004Z
640,307cba84-575b-410e-8110-745566629e81,D,main,3,2,5,audio,7ed71095-a5eb-4d8b-9a2b-4da5ba07d4c8,5,6,2,6,6,5,2,2,"優しい,低い,速度がちょうど良い",2026-01-21T08:33:13.874Z,2026-01-21T08:33:20.963Z,2026-01-21T08:33:24.214Z,2026-01-21T08:36:10.554Z,166340,2026-01-21T08:36:10.403Z
641,e7ec3ecc-306a-4fb3-97e8-b79476e440c5,C,main,2,1,2,audio,3dbab081-db6f-4915-8b01-16869ba266a9,2,2,6,2,2,2,5,5,"聞きづらい
暗い、
小さい",2026-01-21T08:35:24.466Z,2026-01-21T08:35:30.785Z,2026-01-21T08:35:31.578Z,2026-01-21T08:36:16.817Z,45239,2026-01-21T08:36:18.373Z
642,5748fda2-3f70-416d-acdc-73449be1fd6d,C,main,3,2,3,image,,6,1,1,7,4,5,1,1,平静な，明るい，悠長な,2026-01-21T08:26:38.038Z,2026-01-21T08:26:41.071Z,2026-01-21T08:26:55.603Z,2026-01-21T08:36:28.915Z,573312,2026-01-21T08:36:29.093Z
643,ba25d021-9b64-4cae-bfa6-285dab4d5377,C,main,1,1,2,audio,29a17ed6-0b43-483a-beaf-0ec5a59777e2,4,4,4,4,3,3,4,5,"低い声
落ち着いていた
鼻にかかったような声",2026-01-21T08:32:06.263Z,2026-01-21T08:32:12.470Z,2026-01-21T08:32:13.751Z,2026-01-21T08:36:33.115Z,259364,2026-01-21T08:36:32.019Z
644,85d73d55-811e-467f-9f5b-27f79585c765,A,main,3,2,5,audio,2b72b53d-b90c-469e-8d3a-75631f038813,4,4,2,6,7,7,2,2,"やや早い
たどたどしい
緊張している",2026-01-21T08:35:43.853Z,2026-01-21T08:35:49.566Z,2026-01-21T08:35:50.612Z,2026-01-21T08:36:39.070Z,48458,2026-01-21T08:36:39.119Z
645,9b82fe07-ea6b-4902-a18d-716eb4517384,A,main,4,2,8,audio,a728acbf-aeaa-48e8-a2b2-ef01496a965f,4,4,4,4,5,6,2,3,"落ち着いた
低い
ゆっくりとした
抑揚のない",2026-01-21T08:34:30.567Z,2026-01-21T08:34:37.137Z,2026-01-21T08:35:58.175Z,2026-01-21T08:36:46.471Z,48296,2026-01-21T08:36:48.148Z
646,6af4d1b2-4851-4153-884e-e079eee73e12,C,main,2,1,1,audio,2ad26cf4-3b9b-4394-bd31-c23e59fb6e8e,3,2,6,2,4,5,6,7,自身なさげで，セリフっぽい，なさけない感じ。,2026-01-21T08:35:40.743Z,2026-01-21T08:35:50.185Z,2026-01-21T08:35:52.174Z,2026-01-21T08:37:04.440Z,72266,2026-01-21T08:37:05.364Z
647,25a0f8e0-6c15-4e3f-871b-1dd3c7e9662d,D,main,4,2,1,audio,9109a22e-1f0f-4c0d-a40d-3a50c1cd4a66,2,3,5,3,2,3,5,5,"上ずっている
平坦
ぼそぼそしている",2026-01-21T08:36:10.439Z,2026-01-21T08:36:15.639Z,2026-01-21T08:36:16.428Z,2026-01-21T08:37:06.767Z,50339,2026-01-21T08:37:06.195Z
648,ed2e1941-5de2-43d2-9e77-3ec528cba994,B,main,1,1,8,image,,3,5,4,4,6,5,1,2,"子どもっぽい
理屈っぽい
わかりにくい",2026-01-21T08:33:13.085Z,2026-01-21T08:33:16.088Z,2026-01-21T08:33:35.752Z,2026-01-21T08:37:22.081Z,226329,2026-01-21T08:37:22.252Z
649,812b3b44-4fb3-4452-86d2-6968df6d98ce,D,main,3,2,4,audio,97362861-b59c-430f-8834-8710234adf25,5,4,3,5,4,4,3,3,"声の大きさも良く、
丁寧にゆっくりで、
聞き取りやすい声",2026-01-21T08:36:16.755Z,2026-01-21T08:36:22.556Z,2026-01-21T08:36:28.936Z,2026-01-21T08:37:22.288Z,53352,2026-01-21T08:37:22.350Z
650,c8e54da4-f55d-4e6d-a729-5258bdc13628,C,main,1,1,8,audio,adea4fcc-3c85-470a-8e7c-d0f2e661c8bd,3,3,4,4,5,6,2,3,"低い
にごった
こもった",2026-01-21T08:35:06.127Z,2026-01-21T08:35:13.357Z,2026-01-21T08:35:16.913Z,2026-01-21T08:37:37.411Z,140498,2026-01-21T08:37:37.560Z
651,58271931-a688-4291-8994-bd834bc7f2a4,D,main,4,2,4,audio,9212229e-34f9-4f89-be2c-7f817994861d,1,2,5,3,3,5,3,3,"発音ができていない,不自然さがある,意味を伝えられていない",2026-01-21T08:36:08.215Z,2026-01-21T08:36:18.272Z,2026-01-21T08:36:19.855Z,2026-01-21T08:37:41.444Z,81589,2026-01-21T08:37:39.862Z
652,cb7a5574-9cb5-4cf6-87f8-c9b2e1daf4ed,A,main,3,2,7,audio,45bebc0a-4feb-455c-8a12-fb7176865ae3,2,3,6,2,7,6,5,5,硬い，聞き取りにくい，緊張感,2026-01-21T08:36:20.026Z,2026-01-21T08:36:24.740Z,2026-01-21T08:36:27.082Z,2026-01-21T08:38:03.946Z,96864,2026-01-21T08:38:04.028Z
653,85d73d55-811e-467f-9f5b-27f79585c765,A,main,4,2,4,audio,61656203-8bd8-4f48-a271-0a906c1f34e0,4,4,1,7,6,7,1,1,"演技じみた
落ち着こうとした
取り繕った",2026-01-21T08:36:40.879Z,2026-01-21T08:36:45.746Z,2026-01-21T08:36:47.189Z,2026-01-21T08:38:08.613Z,81424,2026-01-21T08:38:08.720Z
654,e2ebe7a7-f716-4772-80d8-a3df01a5ed69,D,main,1,1,1,image,,4,4,3,5,3,5,4,3,"慣れた音
気恥ずかしい
少し不自然",2026-01-21T08:35:44.787Z,2026-01-21T08:35:47.787Z,2026-01-21T08:36:12.678Z,2026-01-21T08:38:07.866Z,115188,2026-01-21T08:38:08.866Z
655,f499e2a5-11cb-4302-a58d-ba85348e1d55,D,main,1,1,3,image,,2,3,4,4,3,4,4,5,"弱々しい
自信がなさげ
暗い",2026-01-21T08:36:54.526Z,2026-01-21T08:36:57.528Z,2026-01-21T08:37:14.198Z,2026-01-21T08:38:26.084Z,71886,2026-01-21T08:38:26.071Z
656,f6f2b8d5-7517-42df-8755-0374443db2a7,C,main,1,1,4,audio,47973eb9-6ad7-429a-b875-1cfad1e8cc03,4,4,3,5,4,4,3,3,"低い
低音
落ち着いた声",2026-01-21T08:18:09.266Z,2026-01-21T08:18:19.416Z,2026-01-21T08:18:23.665Z,2026-01-21T08:38:32.902Z,1209237,2026-01-21T08:38:32.005Z
657,812b3b44-4fb3-4452-86d2-6968df6d98ce,D,main,4,2,8,audio,ce255d23-4f07-46f6-8f88-3df12184976d,4,4,3,5,4,4,3,3,"声にとがった部分がなく、
優しい印象で、
丁寧な感じがする声",2026-01-21T08:37:27.476Z,2026-01-21T08:37:33.615Z,2026-01-21T08:37:36.396Z,2026-01-21T08:38:32.824Z,56428,2026-01-21T08:38:32.746Z
658,b7e74604-4b41-41b5-be74-4fbb3bf330d3,D,main,3,2,8,audio,cfa9584f-157b-461d-8db3-0047fe7f43c0,4,4,2,6,5,5,2,2,"こもった声
私らしい声だ
元気がないな",2026-01-21T08:37:21.906Z,2026-01-21T08:37:28.129Z,2026-01-21T08:37:36.874Z,2026-01-21T08:38:40.082Z,63208,2026-01-21T08:38:40.363Z
659,e7ec3ecc-306a-4fb3-97e8-b79476e440c5,C,main,3,2,2,image,,5,5,2,6,5,5,2,2,"聞き取りやすい
明るい
大きい",2026-01-21T08:37:56.119Z,2026-01-21T08:37:59.119Z,2026-01-21T08:38:06.170Z,2026-01-21T08:38:49.113Z,42943,2026-01-21T08:38:50.664Z
660,c8e54da4-f55d-4e6d-a729-5258bdc13628,C,main,2,1,4,audio,d365829e-f106-401b-97b7-ca358608a2a4,4,4,2,6,6,6,2,2,"はっきり
太い
ゆっくり",2026-01-21T08:37:40.217Z,2026-01-21T08:37:47.287Z,2026-01-21T08:37:50.904Z,2026-01-21T08:38:57.582Z,66678,2026-01-21T08:38:57.633Z
661,e43971b5-c8b8-49ec-99a6-7cc58c3cf097,A,main,1,1,4,audio,a88b739d-1b82-4af6-a8b1-c07a0772242d,3,2,6,2,7,5,2,2,"気持ち悪い,機械っぽい,嫌い",2026-01-21T08:36:32.578Z,2026-01-21T08:36:37.870Z,2026-01-21T08:36:38.823Z,2026-01-21T08:39:02.707Z,143884,2026-01-21T08:39:03.598Z
662,5748fda2-3f70-416d-acdc-73449be1fd6d,C,main,4,2,6,image,,6,1,1,7,5,6,1,1,平静な，遅い，冷たい,2026-01-21T08:36:29.046Z,2026-01-21T08:36:32.054Z,2026-01-21T08:36:38.819Z,2026-01-21T08:39:10.365Z,151546,2026-01-21T08:39:10.543Z
663,8075e519-5719-41bc-adf4-30be98e93c8b,C,main,1,1,7,audio,cd0cffe7-24b4-4ca0-9b61-df3b4d0bb484,4,5,4,4,5,5,4,4,"冷静な
落ち着いた
回答となる
",2026-01-21T08:37:34.039Z,2026-01-21T08:37:38.286Z,2026-01-21T08:37:40.264Z,2026-01-21T08:39:16.937Z,96673,2026-01-21T08:39:20.177Z
664,f499e2a5-11cb-4302-a58d-ba85348e1d55,D,main,2,1,5,image,,3,4,4,4,4,4,4,4,"たどたどしい
自信がなさげ
抑揚があまりない",2026-01-21T08:38:26.249Z,2026-01-21T08:38:29.251Z,2026-01-21T08:38:36.514Z,2026-01-21T08:39:32.161Z,55647,2026-01-21T08:39:32.026Z
665,c33dd89f-16c9-4b5f-98dc-2b6471b4cb59,C,main,1,1,6,audio,81d9143a-86b6-40f5-a93f-d92b9cdbf45c,2,2,5,3,6,4,5,5,"声がはっきりしない,きれいな声ではない,自信がない",2026-01-21T08:38:04.386Z,2026-01-21T08:38:08.551Z,2026-01-21T08:38:10.937Z,2026-01-21T08:39:36.047Z,85110,2026-01-21T08:39:35.902Z
666,9729cd20-56da-4cd6-9391-08c623d94467,C,main,1,1,8,audio,bddd4eb0-52f6-4cea-bf01-a4c0c487555c,2,3,4,4,3,2,4,2,"棒読み
機械的
無機質",2026-01-21T08:36:55.105Z,2026-01-21T08:37:04.137Z,2026-01-21T08:37:24.298Z,2026-01-21T08:39:40.003Z,135705,2026-01-21T08:39:42.188Z
667,e7ec3ecc-306a-4fb3-97e8-b79476e440c5,C,main,4,2,3,image,,5,5,2,6,6,6,6,6,"聞き取りやすい
明るい
大きい",2026-01-21T08:38:49.156Z,2026-01-21T08:38:52.158Z,2026-01-21T08:38:57.651Z,2026-01-21T08:39:40.897Z,43246,2026-01-21T08:39:42.456Z
668,cb7a5574-9cb5-4cf6-87f8-c9b2e1daf4ed,A,main,4,2,2,audio,4c75038f-d8f1-4e6b-9545-1225e4502792,3,5,5,3,7,7,4,4,単調な，冷たい，自身がない,2026-01-21T08:38:06.330Z,2026-01-21T08:38:11.251Z,2026-01-21T08:38:14.074Z,2026-01-21T08:39:51.362Z,97288,2026-01-21T08:39:51.393Z
669,e2ebe7a7-f716-4772-80d8-a3df01a5ed69,D,main,2,1,3,image,,4,4,4,4,5,5,4,4,"自然
馴染みがある
やや平坦",2026-01-21T08:38:08.000Z,2026-01-21T08:38:11.001Z,2026-01-21T08:38:19.774Z,2026-01-21T08:39:53.130Z,93356,2026-01-21T08:39:54.036Z
670,b7e74604-4b41-41b5-be74-4fbb3bf330d3,D,main,4,2,7,audio,e3f02936-f375-4ca0-8822-3878ae94a6d6,4,4,2,6,5,5,2,2,"眠そう
疲れた感じ
相変わらずこもっているような",2026-01-21T08:38:43.529Z,2026-01-21T08:38:48.729Z,2026-01-21T08:38:51.857Z,2026-01-21T08:39:57.170Z,65313,2026-01-21T08:39:57.288Z
671,307cba84-575b-410e-8110-745566629e81,D,main,4,2,1,audio,59294962-4a1d-42e9-8d8c-1f736c0f5b58,5,4,2,6,6,5,2,3,"声が大きい,発音が正しい,声質が太い",2026-01-21T08:36:13.272Z,2026-01-21T08:36:21.300Z,2026-01-21T08:36:23.948Z,2026-01-21T08:40:01.001Z,217053,2026-01-21T08:40:00.802Z
672,a4837d7f-3a50-46fe-af9c-172b68dcd011,D,main,1,1,8,image,,5,6,2,6,6,6,1,2,"なじみ深い,身近な,安心感",2026-01-21T08:30:19.754Z,2026-01-21T08:30:22.755Z,2026-01-21T08:30:39.853Z,2026-01-21T08:40:23.413Z,583560,2026-01-21T08:40:21.898Z
673,ed2e1941-5de2-43d2-9e77-3ec528cba994,B,main,2,1,5,image,,3,2,4,4,5,5,1,2,"不明瞭
不器用
暗い",2026-01-21T08:37:22.299Z,2026-01-21T08:37:25.300Z,2026-01-21T08:37:31.864Z,2026-01-21T08:40:27.674Z,175810,2026-01-21T08:40:27.831Z
674,c33dd89f-16c9-4b5f-98dc-2b6471b4cb59,C,main,2,1,1,audio,b0bb51fe-750e-45b3-83a3-3a7800705965,1,2,6,2,4,3,5,6,"明瞭でない,きれいでない,親しみを感じない",2026-01-21T08:39:44.845Z,2026-01-21T08:39:50.211Z,2026-01-21T08:39:51.149Z,2026-01-21T08:40:37.624Z,46475,2026-01-21T08:40:37.468Z
675,6af4d1b2-4851-4153-884e-e079eee73e12,C,main,3,2,1,image,,2,2,6,2,4,3,6,7,まったりと話す感じに，人からイライラされるのではないかと，ぞっとする。,2026-01-21T08:38:19.716Z,2026-01-21T08:38:22.717Z,2026-01-21T08:38:29.081Z,2026-01-21T08:40:39.962Z,130881,2026-01-21T08:40:41.058Z
676,e43971b5-c8b8-49ec-99a6-7cc58c3cf097,A,main,2,1,6,audio,f4cb0a9d-5f6c-4f32-ba44-7138bb411716,2,6,2,6,7,3,4,4,"かわい子ぶった,気持ち悪い,不快な",2026-01-21T08:39:04.417Z,2026-01-21T08:39:08.597Z,2026-01-21T08:39:10.497Z,2026-01-21T08:40:40.825Z,90328,2026-01-21T08:40:41.719Z
677,f6f2b8d5-7517-42df-8755-0374443db2a7,C,main,2,1,7,audio,2da20746-22c3-46d4-ac5e-014afaa4ba91,3,4,2,6,4,4,2,2,"低い
低音
落ち着いた声",2026-01-21T08:38:35.790Z,2026-01-21T08:38:45.944Z,2026-01-21T08:39:24.309Z,2026-01-21T08:40:49.237Z,84928,2026-01-21T08:40:48.354Z
678,334c94a2-f860-47b5-9466-baa3c0381b41,D,main,4,2,2,audio,684c63d5-9a84-4594-babc-f2967d133986,4,3,5,3,5,5,2,3,"自然な
怒ったような
気持ちの入った
ぶっきらぼうな",2026-01-21T08:36:12.441Z,2026-01-21T08:36:18.348Z,2026-01-21T08:36:24.618Z,2026-01-21T08:41:17.797Z,293179,2026-01-21T08:41:17.884Z
679,ba25d021-9b64-4cae-bfa6-285dab4d5377,C,main,2,1,7,audio,d51dc1e3-22a8-46f0-943a-b20aef13158a,4,4,5,3,3,3,4,5,"ゆっくり
他人のような声
辛そうな声",2026-01-21T08:36:36.075Z,2026-01-21T08:36:42.890Z,2026-01-21T08:36:44.123Z,2026-01-21T08:41:40.778Z,296655,2026-01-21T08:41:39.699Z
680,76d28da3-6a50-4ed3-bda4-c24a41e5ca35,C,main,3,2,6,image,,4,3,2,6,5,4,2,3,"華やかです
あたたかいです
穏やかです",2026-01-21T08:38:11.230Z,2026-01-21T08:38:14.231Z,2026-01-21T08:38:43.241Z,2026-01-21T08:41:42.700Z,179459,2026-01-21T08:41:43.958Z
681,8bfc17a4-f82d-4d5d-8041-6d0ca94f4435,D,main,1,1,6,image,,2,3,3,5,3,3,2,3,"やさしい
暗い
ゆっくり",2026-01-21T08:40:50.619Z,2026-01-21T08:40:53.620Z,2026-01-21T08:40:56.858Z,2026-01-21T08:41:44.650Z,47792,2026-01-21T08:41:44.553Z
682,9729cd20-56da-4cd6-9391-08c623d94467,C,main,2,1,1,audio,2032988e-44bc-4ecb-afa6-33c2b5992869,2,3,4,4,2,2,4,2,"違和感
恥ずかしい
抑揚がない",2026-01-21T08:39:45.863Z,2026-01-21T08:39:55.837Z,2026-01-21T08:39:58.470Z,2026-01-21T08:41:45.805Z,107335,2026-01-21T08:41:47.913Z
683,f499e2a5-11cb-4302-a58d-ba85348e1d55,D,main,3,2,3,audio,5a5b4ae0-1ba5-4c75-a7ea-7a8bfc49ef3f,2,4,4,4,5,5,3,3,"思ったより違和感を覚えない
抑揚がない
自信なさげ",2026-01-21T08:41:10.976Z,2026-01-21T08:41:16.145Z,2026-01-21T08:41:17.805Z,2026-01-21T08:42:07.447Z,49642,2026-01-21T08:42:07.305Z
684,ab6e5a35-2419-411e-abb7-049554181d44,C,main,1,1,7,audio,1107ae8a-48a6-4f00-9285-820d8b4a53e9,2,2,5,3,7,5,4,1,"低い
暗い
不明瞭",2026-01-21T08:41:08.194Z,2026-01-21T08:41:13.901Z,2026-01-21T08:41:17.639Z,2026-01-21T08:42:11.259Z,53620,2026-01-21T08:42:08.982Z
685,6af4d1b2-4851-4153-884e-e079eee73e12,C,main,4,2,5,image,,3,2,6,2,4,3,6,7,おちつきがなく，セリフっぽさがはなはだしい，役者にはなれない。,2026-01-21T08:40:40.190Z,2026-01-21T08:40:43.197Z,2026-01-21T08:40:44.717Z,2026-01-21T08:42:12.725Z,88008,2026-01-21T08:42:13.648Z
686,8bfc17a4-f82d-4d5d-8041-6d0ca94f4435,D,main,2,1,3,image,,2,3,2,6,3,3,2,3,"きれい
短い
眠い",2026-01-21T08:41:44.674Z,2026-01-21T08:41:47.675Z,2026-01-21T08:41:50.002Z,2026-01-21T08:42:34.218Z,44216,2026-01-21T08:42:34.122Z
687,f6f2b8d5-7517-42df-8755-0374443db2a7,C,main,3,2,7,image,,4,4,4,4,4,4,2,2,"低い
低音
落ち着いた声",2026-01-21T08:41:56.528Z,2026-01-21T08:41:59.529Z,2026-01-21T08:42:05.165Z,2026-01-21T08:42:43.477Z,38312,2026-01-21T08:42:42.529Z
688,c33dd89f-16c9-4b5f-98dc-2b6471b4cb59,C,main,3,2,6,image,,6,5,3,5,3,6,2,2,"力強さがある,明瞭である,嫌な感じがしない",2026-01-21T08:41:25.044Z,2026-01-21T08:41:28.045Z,2026-01-21T08:41:33.533Z,2026-01-21T08:42:45.718Z,72185,2026-01-21T08:42:45.557Z
689,ab6e5a35-2419-411e-abb7-049554181d44,C,main,2,1,4,audio,17bb2caf-5ea9-4624-9a62-c6617151f877,3,3,4,4,7,5,3,4,"不明瞭
低い
大きい",2026-01-21T08:42:13.523Z,2026-01-21T08:42:19.219Z,2026-01-21T08:42:20.467Z,2026-01-21T08:42:54.009Z,33542,2026-01-21T08:42:51.743Z
690,79a1792c-696a-434d-bfa6-baa1ccd1c60b,D,main,1,1,1,image,,6,6,2,6,3,6,1,3,"か細い
遅い
綺麗",2026-01-21T08:38:49.426Z,2026-01-21T08:38:52.427Z,2026-01-21T08:39:09.554Z,2026-01-21T08:43:08.831Z,239277,2026-01-21T08:43:08.945Z
691,c8e54da4-f55d-4e6d-a729-5258bdc13628,C,main,3,2,4,image,,5,5,4,4,6,6,2,2,"優しい
ゆっくり
こもった",2026-01-21T08:41:38.236Z,2026-01-21T08:41:41.237Z,2026-01-21T08:42:08.895Z,2026-01-21T08:43:29.558Z,80663,2026-01-21T08:43:29.609Z
692,f6f2b8d5-7517-42df-8755-0374443db2a7,C,main,4,2,4,image,,4,5,2,6,4,4,2,4,"低い
低音
落ち着いた声",2026-01-21T08:42:43.513Z,2026-01-21T08:42:46.515Z,2026-01-21T08:42:47.892Z,2026-01-21T08:43:32.892Z,45000,2026-01-21T08:43:31.943Z
693,1a767a58-3dd0-48a3-bac8-ee260ec72892,D,main,1,1,7,image,,2,3,3,5,6,4,3,4,"こもった
無味乾燥
低い
無感情
小さい
聞こえにくい",2026-01-21T08:41:04.718Z,2026-01-21T08:41:07.719Z,2026-01-21T08:41:22.125Z,2026-01-21T08:43:39.626Z,137501,2026-01-21T08:43:39.859Z
694,8bfc17a4-f82d-4d5d-8041-6d0ca94f4435,D,main,3,2,3,audio,656fb731-e35f-42c9-90d0-afd990e5cc45,2,3,2,6,3,3,2,3,"明るい
きれい
スムーズ",2026-01-21T08:43:11.643Z,2026-01-21T08:43:21.709Z,2026-01-21T08:43:23.066Z,2026-01-21T08:43:50.666Z,27600,2026-01-21T08:43:50.597Z
696,f499e2a5-11cb-4302-a58d-ba85348e1d55,D,main,4,2,5,audio,50b466f7-a306-4b5d-9351-bcf361f7b53f,4,3,3,5,5,5,3,2,"思ったよりも違和感を覚えない
それほどひどくはない声
思ったよりも落ち着きがある
",2026-01-21T08:42:08.945Z,2026-01-21T08:42:17.469Z,2026-01-21T08:42:23.375Z,2026-01-21T08:44:11.082Z,107707,2026-01-21T08:44:10.939Z
697,76d28da3-6a50-4ed3-bda4-c24a41e5ca35,C,main,4,2,2,image,,4,4,3,5,5,5,2,4,"やさしいです
しなやかです
おもしろいです",2026-01-21T08:41:43.408Z,2026-01-21T08:41:46.409Z,2026-01-21T08:41:59.620Z,2026-01-21T08:44:09.672Z,130052,2026-01-21T08:44:10.970Z
698,11f2acab-eb80-4a11-8278-b5170143ef39,D,main,1,1,1,image,,3,3,4,4,5,5,3,3,"淡々
不変
落ちつく",2026-01-21T08:42:47.272Z,2026-01-21T08:42:50.283Z,2026-01-21T08:43:02.014Z,2026-01-21T08:44:17.035Z,75021,2026-01-21T08:44:17.504Z
699,c33dd89f-16c9-4b5f-98dc-2b6471b4cb59,C,main,4,2,1,image,,6,6,3,5,3,6,2,2,"明瞭,適切な声量,穏やか",2026-01-21T08:42:45.769Z,2026-01-21T08:42:48.769Z,2026-01-21T08:42:56.094Z,2026-01-21T08:44:20.058Z,83964,2026-01-21T08:44:19.892Z
700,ab6e5a35-2419-411e-abb7-049554181d44,C,main,3,2,4,image,,4,3,5,3,6,6,2,1,"低い
小さい
発音が悪い",2026-01-21T08:43:44.145Z,2026-01-21T08:43:47.146Z,2026-01-21T08:43:53.482Z,2026-01-21T08:44:24.696Z,31214,2026-01-21T08:44:22.410Z
701,8bfc17a4-f82d-4d5d-8041-6d0ca94f4435,D,main,4,2,6,audio,7de9ab93-1592-4088-ba9e-efa42059e9d1,3,3,3,5,3,4,3,3,"聞こえにくい
言いにくい
さわやか",2026-01-21T08:43:52.091Z,2026-01-21T08:43:59.166Z,2026-01-21T08:43:59.626Z,2026-01-21T08:44:29.098Z,29472,2026-01-21T08:44:29.007Z
702,ab6e5a35-2419-411e-abb7-049554181d44,C,main,4,2,7,image,,3,4,4,4,6,6,2,1,"低い
小さい
不明瞭",2026-01-21T08:44:24.763Z,2026-01-21T08:44:27.765Z,2026-01-21T08:44:29.162Z,2026-01-21T08:44:48.848Z,19686,2026-01-21T08:44:46.574Z
703,370e0804-33aa-426e-8d03-8d44b7aec1cc,C,main,1,1,1,audio,0a25c1e2-5f4d-46ee-b5ec-2a5817e4112d,2,3,5,3,4,3,5,6,"声が低い
暗い
濁っている",2026-01-21T08:40:16.977Z,2026-01-21T08:40:24.642Z,2026-01-21T08:40:27.169Z,2026-01-21T08:45:02.177Z,275008,2026-01-21T08:45:03.252Z
704,ed2e1941-5de2-43d2-9e77-3ec528cba994,B,main,3,2,8,image,,2,3,2,6,5,6,1,1,"不安定
不安
たどたどしい",2026-01-21T08:43:30.041Z,2026-01-21T08:43:33.043Z,2026-01-21T08:43:39.266Z,2026-01-21T08:45:03.089Z,83823,2026-01-21T08:45:03.361Z
705,c8e54da4-f55d-4e6d-a729-5258bdc13628,C,main,4,2,8,image,,5,5,2,6,5,6,2,2,"小さな
透明な
優しい
すなおな

",2026-01-21T08:43:29.593Z,2026-01-21T08:43:32.594Z,2026-01-21T08:43:49.583Z,2026-01-21T08:45:09.588Z,80005,2026-01-21T08:45:09.656Z
706,1a767a58-3dd0-48a3-bac8-ee260ec72892,D,main,2,1,2,image,,3,3,6,2,6,4,3,5,"平板
単調
低い
こもった",2026-01-21T08:43:40.022Z,2026-01-21T08:43:43.023Z,2026-01-21T08:43:52.204Z,2026-01-21T08:45:17.104Z,84900,2026-01-21T08:45:17.056Z
707,69e05f8e-31ac-429b-90db-e75021a6d396,C,main,1,1,2,audio,b261fa60-5642-4e3a-b344-4f2b2ea4b903,3,4,4,4,5,5,4,5,"幼い
細い
薄っぺらい",2026-01-21T08:43:06.768Z,2026-01-21T08:43:14.814Z,2026-01-21T08:43:17.231Z,2026-01-21T08:45:34.812Z,137581,2026-01-21T08:45:34.942Z
708,11f2acab-eb80-4a11-8278-b5170143ef39,D,main,2,1,6,image,,5,4,2,6,3,4,3,2,"期待
進歩
やる気
",2026-01-21T08:44:17.226Z,2026-01-21T08:44:20.229Z,2026-01-21T08:44:20.693Z,2026-01-21T08:45:37.421Z,76728,2026-01-21T08:45:37.799Z
709,e43971b5-c8b8-49ec-99a6-7cc58c3cf097,A,main,3,2,4,audio,a88b739d-1b82-4af6-a8b1-c07a0772242d,3,2,3,5,6,5,4,6,"ふわふわとした,落ち着きのない,幼い",2026-01-21T08:43:34.718Z,2026-01-21T08:43:39.989Z,2026-01-21T08:43:41.267Z,2026-01-21T08:45:40.223Z,118956,2026-01-21T08:45:41.149Z
710,79a1792c-696a-434d-bfa6-baa1ccd1c60b,D,main,2,1,6,image,,4,4,5,3,3,3,2,5,"元気がない
か細い
遅い",2026-01-21T08:43:08.964Z,2026-01-21T08:43:11.967Z,2026-01-21T08:43:25.389Z,2026-01-21T08:45:43.312Z,137923,2026-01-21T08:45:43.436Z
711,ed2e1941-5de2-43d2-9e77-3ec528cba994,B,main,4,2,5,image,,2,2,3,5,5,4,1,1,"不安
疑問
不思議",2026-01-21T08:45:03.397Z,2026-01-21T08:45:06.400Z,2026-01-21T08:45:09.187Z,2026-01-21T08:46:16.825Z,67638,2026-01-21T08:46:16.969Z
712,4932fe80-5d53-48ce-9d42-a552a2b9e8db,D,main,1,1,3,image,,3,2,3,5,3,5,3,4,"怖い
暗い
低い
",2026-01-21T08:43:00.503Z,2026-01-21T08:43:03.517Z,2026-01-21T08:43:17.230Z,2026-01-21T08:46:18.057Z,180827,2026-01-21T08:46:18.674Z
713,9729cd20-56da-4cd6-9391-08c623d94467,C,main,3,2,1,image,,3,3,4,4,3,2,4,2,"あいまい
不明瞭
無感情",2026-01-21T08:43:31.216Z,2026-01-21T08:43:34.218Z,2026-01-21T08:43:54.925Z,2026-01-21T08:46:20.428Z,145503,2026-01-21T08:46:22.605Z
714,e2ebe7a7-f716-4772-80d8-a3df01a5ed69,D,main,3,2,1,audio,b18f3812-4a13-4fe9-beb6-9ab80bbad171,3,4,5,3,4,3,5,6,"不自然
心地悪い
ねっとり感",2026-01-21T08:42:45.019Z,2026-01-21T08:42:50.986Z,2026-01-21T08:42:52.459Z,2026-01-21T08:46:21.843Z,209384,2026-01-21T08:46:22.843Z
715,dc444a18-cc96-4bdd-955f-08c551233d99,B,main,1,1,2,image,,3,4,4,4,4,3,4,5,"おおむねこんな声だと思っていた
年相応の声だと思う
やや甘ったるい",2026-01-21T08:43:52.098Z,2026-01-21T08:43:55.099Z,2026-01-21T08:44:08.514Z,2026-01-21T08:46:38.001Z,149487,2026-01-21T08:46:36.284Z
716,e43971b5-c8b8-49ec-99a6-7cc58c3cf097,A,main,4,2,6,audio,f4cb0a9d-5f6c-4f32-ba44-7138bb411716,2,3,5,3,6,5,3,5,"感情のない,やる気のない,張りのない,子どもっぽい",2026-01-21T08:45:41.788Z,2026-01-21T08:45:45.969Z,2026-01-21T08:45:46.907Z,2026-01-21T08:47:18.009Z,91102,2026-01-21T08:47:18.971Z
717,49756118-e239-4b8d-82da-6d90bf9dbc07,C,main,1,1,5,audio,71783054-39c0-4d48-804a-fe00898ef2c6,2,2,3,5,2,2,4,5,"重い
眠い
遅い",2026-01-21T08:44:08.069Z,2026-01-21T08:44:14.940Z,2026-01-21T08:44:17.804Z,2026-01-21T08:47:23.250Z,185446,2026-01-21T08:47:23.378Z
718,69e05f8e-31ac-429b-90db-e75021a6d396,C,main,2,1,8,audio,9176694a-281b-43f4-b802-14d266a07047,3,4,4,4,5,5,4,5,"安っぽい
頼りない
冴えない",2026-01-21T08:45:39.554Z,2026-01-21T08:45:46.868Z,2026-01-21T08:45:48.172Z,2026-01-21T08:47:31.414Z,103242,2026-01-21T08:47:31.497Z
719,4932fe80-5d53-48ce-9d42-a552a2b9e8db,D,main,2,1,7,image,,3,3,2,6,4,5,2,4,"穏やか
意思表示
しっかり",2026-01-21T08:46:18.170Z,2026-01-21T08:46:21.172Z,2026-01-21T08:46:32.858Z,2026-01-21T08:47:36.843Z,63985,2026-01-21T08:47:37.407Z
720,c467ca7b-6e10-490a-99ff-bf9dea5a4b7a,C,main,1,1,3,audio,daccded9-9f6e-4305-90f0-d7b52b202a3a,4,5,2,6,5,4,1,1,"特徴がない
普段通り
普通",2026-01-21T08:46:48.901Z,2026-01-21T08:46:53.926Z,2026-01-21T08:46:55.293Z,2026-01-21T08:47:46.213Z,50920,2026-01-21T08:47:46.340Z
722,11f2acab-eb80-4a11-8278-b5170143ef39,D,main,3,2,6,audio,bdb3dcc8-3dbf-49e7-b24e-024390f024b4,2,2,3,5,5,4,5,3,"寒い
怯えた
恐れ",2026-01-21T08:47:14.012Z,2026-01-21T08:47:18.865Z,2026-01-21T08:47:19.905Z,2026-01-21T08:48:14.491Z,54586,2026-01-21T08:48:14.945Z
723,e2ebe7a7-f716-4772-80d8-a3df01a5ed69,D,main,4,2,3,audio,dffe8492-93fd-46b0-b22c-4fee5576ecbb,3,3,2,6,3,3,3,2,"居心地が悪い
不気味
暗い",2026-01-21T08:46:23.683Z,2026-01-21T08:46:29.396Z,2026-01-21T08:46:30.513Z,2026-01-21T08:48:20.030Z,109517,2026-01-21T08:48:20.935Z
724,9729cd20-56da-4cd6-9391-08c623d94467,C,main,4,2,8,image,,3,3,4,4,2,2,4,2,"イライラ
乾いた
無感情",2026-01-21T08:46:20.540Z,2026-01-21T08:46:23.543Z,2026-01-21T08:46:28.435Z,2026-01-21T08:48:19.515Z,111080,2026-01-21T08:48:21.612Z
725,36cd02eb-a474-4ba5-888d-ed962c8b43ca,D,main,1,1,5,image,,3,4,4,4,5,4,3,5,"意外
奇妙
恥ずかしい",2026-01-21T08:47:13.297Z,2026-01-21T08:47:16.298Z,2026-01-21T08:47:23.781Z,2026-01-21T08:48:32.881Z,69100,2026-01-21T08:48:34.157Z
726,c467ca7b-6e10-490a-99ff-bf9dea5a4b7a,C,main,2,1,7,audio,b4a8e613-e584-4ea3-bdc8-849e51c488aa,5,5,1,7,5,6,1,2,"目立たない
やや明るい
親しみやすい",2026-01-21T08:47:48.173Z,2026-01-21T08:47:53.296Z,2026-01-21T08:47:53.965Z,2026-01-21T08:48:49.757Z,55792,2026-01-21T08:48:49.880Z
727,36cd02eb-a474-4ba5-888d-ed962c8b43ca,D,main,2,1,6,image,,3,4,4,4,5,4,3,5,"意外
奇妙
恥ずかしい",2026-01-21T08:48:32.949Z,2026-01-21T08:48:35.951Z,2026-01-21T08:48:38.872Z,2026-01-21T08:49:01.907Z,23035,2026-01-21T08:49:03.163Z
728,49756118-e239-4b8d-82da-6d90bf9dbc07,C,main,2,1,1,audio,149760bb-7098-446e-b3fc-9c8673d4b01d,2,3,3,5,2,2,5,5,"拙い
のろい
弱い",2026-01-21T08:47:25.816Z,2026-01-21T08:47:32.369Z,2026-01-21T08:47:33.770Z,2026-01-21T08:49:03.724Z,89954,2026-01-21T08:49:03.749Z
730,1a767a58-3dd0-48a3-bac8-ee260ec72892,D,main,3,2,7,audio,c4cc560a-2db0-43f6-af58-b6b76411f6e8,2,3,3,5,2,4,2,4,"自信なさげ
暗い
張りがない
弱弱しい",2026-01-21T08:47:57.325Z,2026-01-21T08:48:02.622Z,2026-01-21T08:48:06.797Z,2026-01-21T08:49:45.312Z,98515,2026-01-21T08:49:45.244Z
731,dc444a18-cc96-4bdd-955f-08c551233d99,B,main,2,1,5,image,,3,4,4,4,4,4,4,4,"やや甘ったるい
かすれている
聞きずらい",2026-01-21T08:46:38.194Z,2026-01-21T08:46:41.197Z,2026-01-21T08:46:54.224Z,2026-01-21T08:49:47.770Z,173546,2026-01-21T08:49:45.933Z
732,7801ce20-5649-49c4-b76d-bf0449fc7a78,C,main,1,1,4,audio,a31e909c-1839-4379-8dc6-dbea8d472e76,2,3,2,6,6,1,5,5,"粘っこい
枯れる
こもる",2026-01-21T08:41:38.282Z,2026-01-21T08:41:46.452Z,2026-01-21T08:41:49.907Z,2026-01-21T08:49:49.590Z,479683,2026-01-21T08:49:50.111Z
733,8075e519-5719-41bc-adf4-30be98e93c8b,C,main,2,1,3,audio,8bd49dd5-02fb-466f-9639-6816f3092911,4,5,5,3,5,5,4,3,"疑問形の
問い掛けている
落ち着きのある

",2026-01-21T08:39:18.175Z,2026-01-21T08:39:22.424Z,2026-01-21T08:39:23.334Z,2026-01-21T08:49:51.864Z,628530,2026-01-21T08:49:55.196Z
734,c467ca7b-6e10-490a-99ff-bf9dea5a4b7a,C,main,3,2,3,image,,5,5,1,7,5,5,1,2,"普段通り
普通
違和感がない",2026-01-21T08:49:20.409Z,2026-01-21T08:49:23.411Z,2026-01-21T08:49:29.149Z,2026-01-21T08:49:56.125Z,26976,2026-01-21T08:49:56.250Z
735,4932fe80-5d53-48ce-9d42-a552a2b9e8db,D,main,3,2,3,audio,5e4029af-3fc2-4e61-afa1-bf15871a3114,2,5,6,2,3,4,5,6,"ぼやけた
かすれ声
ひそひそ",2026-01-21T08:48:36.441Z,2026-01-21T08:48:42.494Z,2026-01-21T08:48:49.913Z,2026-01-21T08:50:02.818Z,72905,2026-01-21T08:50:03.404Z
736,ba25d021-9b64-4cae-bfa6-285dab4d5377,C,main,3,2,2,image,,4,4,4,4,3,3,4,5,"やや高めの声
程よいテンポ
クリアな声(鼻声でない)",2026-01-21T08:45:38.320Z,2026-01-21T08:45:41.323Z,2026-01-21T08:46:05.116Z,2026-01-21T08:50:18.096Z,252980,2026-01-21T08:50:16.990Z
737,11f2acab-eb80-4a11-8278-b5170143ef39,D,main,4,2,1,audio,619534f4-6c6d-46a5-98f8-90263645a10d,3,2,3,5,4,4,4,4,"木訥
不安
低調",2026-01-21T08:48:16.150Z,2026-01-21T08:48:23.814Z,2026-01-21T08:48:28.164Z,2026-01-21T08:50:19.733Z,111569,2026-01-21T08:50:20.071Z
738,a4837d7f-3a50-46fe-af9c-172b68dcd011,D,main,2,1,5,image,,5,6,2,6,5,5,1,3,"はきはきした,安定した,馴染みのある",2026-01-21T08:40:23.627Z,2026-01-21T08:40:26.629Z,2026-01-21T08:40:42.545Z,2026-01-21T08:50:30.338Z,587793,2026-01-21T08:50:28.844Z
739,442045c0-49a2-417d-b8e3-9663243ea189,D,main,1,1,1,image,,2,3,2,6,2,3,6,2,"不思議
奇妙
変な感じ",2026-01-21T08:49:39.018Z,2026-01-21T08:49:42.021Z,2026-01-21T08:49:47.417Z,2026-01-21T08:50:35.268Z,47851,2026-01-21T08:50:35.583Z
740,8f798d17-c2ae-41f0-b741-60ab0838fbc7,D,main,1,1,7,image,,5,5,2,6,4,5,2,2,"優しい,賢い,明るい",2026-01-21T08:46:52.491Z,2026-01-21T08:46:55.494Z,2026-01-21T08:46:59.040Z,2026-01-21T08:50:35.725Z,216685,2026-01-21T08:50:35.943Z
741,c467ca7b-6e10-490a-99ff-bf9dea5a4b7a,C,main,4,2,7,image,,5,5,1,7,5,6,1,2,"印象に残らない
やや明るめ
違和感のない",2026-01-21T08:49:56.162Z,2026-01-21T08:49:59.162Z,2026-01-21T08:50:03.933Z,2026-01-21T08:50:36.405Z,32472,2026-01-21T08:50:36.561Z
742,69e05f8e-31ac-429b-90db-e75021a6d396,C,main,3,2,8,image,,6,6,2,6,6,6,2,2,"温かい
落ち着いた
豊かな",2026-01-21T08:49:17.130Z,2026-01-21T08:49:20.133Z,2026-01-21T08:49:28.448Z,2026-01-21T08:51:01.858Z,93410,2026-01-21T08:51:01.886Z
743,442045c0-49a2-417d-b8e3-9663243ea189,D,main,2,1,2,image,,3,2,2,6,2,3,3,5,"意外
不思議
変",2026-01-21T08:50:35.625Z,2026-01-21T08:50:38.629Z,2026-01-21T08:50:40.267Z,2026-01-21T08:51:03.035Z,22768,2026-01-21T08:51:03.355Z
744,4932fe80-5d53-48ce-9d42-a552a2b9e8db,D,main,4,2,7,audio,96afd920-e3ba-42b4-a1a2-e0c6e3d97aa3,1,2,6,2,2,3,5,7,"鼻づまり声
こもっている
自信なさげ
",2026-01-21T08:50:04.882Z,2026-01-21T08:50:10.370Z,2026-01-21T08:50:11.468Z,2026-01-21T08:51:19.716Z,68248,2026-01-21T08:51:20.283Z
745,36cd02eb-a474-4ba5-888d-ed962c8b43ca,D,main,3,2,5,audio,7770a4d7-2947-4b06-bf46-10471d4bf2cf,4,5,3,5,5,4,3,5,"低い
ぼそぼそとした
意外",2026-01-21T08:49:59.978Z,2026-01-21T08:50:06.722Z,2026-01-21T08:50:09.189Z,2026-01-21T08:51:19.839Z,70650,2026-01-21T08:51:21.103Z
746,8f798d17-c2ae-41f0-b741-60ab0838fbc7,D,main,2,1,4,image,,4,4,2,6,5,5,2,2,"賢い,優しい,明るい",2026-01-21T08:50:35.985Z,2026-01-21T08:50:38.988Z,2026-01-21T08:50:45.242Z,2026-01-21T08:51:22.756Z,37514,2026-01-21T08:51:23.019Z
747,9c5ba8b6-e04c-45d7-91af-ec49241cc9bc,D,main,1,1,5,image,,3,2,3,5,6,4,5,4,"ボケている
眠たそう
かったるそう",2026-01-21T08:49:55.752Z,2026-01-21T08:49:58.755Z,2026-01-21T08:50:16.639Z,2026-01-21T08:51:39.490Z,82851,2026-01-21T08:51:39.476Z
748,518c4b58-9e19-4ac6-b4ef-1f4b4b67d44f,D,main,1,1,7,image,,4,4,1,7,5,5,1,1,温かい，元気，明るい,2026-01-21T08:49:00.333Z,2026-01-21T08:49:03.334Z,2026-01-21T08:49:12.790Z,2026-01-21T08:51:45.156Z,152366,2026-01-21T08:51:45.009Z
749,79a1792c-696a-434d-bfa6-baa1ccd1c60b,D,main,3,2,6,audio,b412dd52-6ab6-47d6-8701-8afa121b9bd7,2,2,7,1,1,1,6,6,"不鮮明
しりすぼみな声
舌足らずな声",2026-01-21T08:50:38.063Z,2026-01-21T08:50:42.556Z,2026-01-21T08:50:44.939Z,2026-01-21T08:51:50.069Z,65130,2026-01-21T08:51:50.196Z
750,442045c0-49a2-417d-b8e3-9663243ea189,D,main,3,2,2,audio,2b67ec3e-8a07-49c7-9ab9-641bde871bb5,3,2,2,6,3,3,5,5,"変な感じ
不思議
不透明",2026-01-21T08:51:26.854Z,2026-01-21T08:51:27.723Z,2026-01-21T08:51:29.370Z,2026-01-21T08:52:00.916Z,31546,2026-01-21T08:52:01.180Z
751,69e05f8e-31ac-429b-90db-e75021a6d396,C,main,4,2,2,image,,5,5,2,6,6,5,2,2,"鋭い
大人っぽい
知的な",2026-01-21T08:51:01.913Z,2026-01-21T08:51:04.918Z,2026-01-21T08:51:12.409Z,2026-01-21T08:52:03.834Z,51425,2026-01-21T08:52:03.866Z
752,f143e291-847d-4a51-a934-69d18930cbe1,D,main,1,1,8,image,,4,3,4,4,5,3,4,4,"低い
くぐもる
聞きづらい",2026-01-21T08:51:01.372Z,2026-01-21T08:51:04.376Z,2026-01-21T08:51:07.505Z,2026-01-21T08:52:05.705Z,58200,2026-01-21T08:52:05.831Z
753,bc5f8582-9a2e-4edc-ace0-150b3d0fecb0,C,main,1,1,4,audio,94097089-1ee8-446f-99cd-c6304803db95,2,2,2,6,5,4,6,6,"声が低い
はっきりしていない
聞きづらい",2026-01-21T08:50:08.186Z,2026-01-21T08:50:13.312Z,2026-01-21T08:50:18.619Z,2026-01-21T08:52:11.988Z,113369,2026-01-21T08:52:12.187Z
754,1a767a58-3dd0-48a3-bac8-ee260ec72892,D,main,4,2,2,audio,0b1fa255-4f92-4127-aaaf-fb97a45fffee,3,3,3,5,4,3,2,5,"声が小さい
こもっている
平板な
低い",2026-01-21T08:49:49.310Z,2026-01-21T08:49:56.891Z,2026-01-21T08:49:59.900Z,2026-01-21T08:52:13.770Z,133870,2026-01-21T08:52:13.966Z
755,8075e519-5719-41bc-adf4-30be98e93c8b,C,main,3,2,3,image,,5,5,4,4,5,5,3,2,"疑問形の
落ち着いた
違和感のない
",2026-01-21T08:51:00.076Z,2026-01-21T08:51:03.083Z,2026-01-21T08:51:05.782Z,2026-01-21T08:52:22.311Z,76529,2026-01-21T08:52:25.568Z
756,442045c0-49a2-417d-b8e3-9663243ea189,D,main,4,2,1,audio,c3308d4e-321f-4137-b040-c9a630e5d474,3,2,3,5,3,2,3,2,"不思議
自分じゃない
こもってる",2026-01-21T08:52:03.156Z,2026-01-21T08:52:08.627Z,2026-01-21T08:52:11.440Z,2026-01-21T08:52:33.703Z,22263,2026-01-21T08:52:33.995Z
757,8f798d17-c2ae-41f0-b741-60ab0838fbc7,D,main,3,2,4,audio,b4c5c50e-09de-48b9-b401-3b7e67c2ff0d,6,1,1,7,6,6,2,2,"優しい,賢い,明るい",2026-01-21T08:52:06.893Z,2026-01-21T08:52:11.776Z,2026-01-21T08:52:12.274Z,2026-01-21T08:52:36.674Z,24400,2026-01-21T08:52:36.925Z
758,518c4b58-9e19-4ac6-b4ef-1f4b4b67d44f,D,main,2,1,8,image,,5,4,1,7,6,5,1,1,優しい，高い，親切,2026-01-21T08:51:45.518Z,2026-01-21T08:51:48.518Z,2026-01-21T08:51:50.778Z,2026-01-21T08:52:44.446Z,53668,2026-01-21T08:52:43.984Z
759,36cd02eb-a474-4ba5-888d-ed962c8b43ca,D,main,4,2,6,audio,129b75c9-3b91-45d3-8b61-cb86833faefa,5,5,3,5,5,6,3,3,"低い
親しみ
意外",2026-01-21T08:51:21.595Z,2026-01-21T08:51:28.633Z,2026-01-21T08:51:29.772Z,2026-01-21T08:52:46.263Z,76491,2026-01-21T08:52:47.524Z
760,f143e291-847d-4a51-a934-69d18930cbe1,D,main,2,1,1,image,,3,4,5,3,4,4,5,5,"焦り
動揺
くぐもる",2026-01-21T08:52:05.844Z,2026-01-21T08:52:08.846Z,2026-01-21T08:52:16.105Z,2026-01-21T08:52:57.371Z,41266,2026-01-21T08:52:57.477Z
761,9c5ba8b6-e04c-45d7-91af-ec49241cc9bc,D,main,2,1,8,image,,3,4,5,3,6,4,5,6,"元気がない
抑揚がない
棒読み",2026-01-21T08:51:39.852Z,2026-01-21T08:51:42.853Z,2026-01-21T08:51:52.518Z,2026-01-21T08:53:00.174Z,67656,2026-01-21T08:52:59.837Z
762,79a1792c-696a-434d-bfa6-baa1ccd1c60b,D,main,4,2,1,audio,412bd67e-ae0a-476d-8094-e985580b6bf2,3,3,3,5,2,4,5,6,"不鮮明
舌足らず
しりすぼみ
もう一つの録音よりはマシ",2026-01-21T08:51:53.295Z,2026-01-21T08:51:59.170Z,2026-01-21T08:52:00.664Z,2026-01-21T08:53:06.046Z,65382,2026-01-21T08:53:06.164Z
764,7801ce20-5649-49c4-b76d-bf0449fc7a78,C,main,2,1,6,audio,4c15748f-94f0-4633-ba2e-6672b7038958,2,6,6,2,5,1,5,6,"苦しい
恥ずかしい
くどい",2026-01-21T08:49:53.400Z,2026-01-21T08:50:00.625Z,2026-01-21T08:50:03.509Z,2026-01-21T08:53:07.444Z,183935,2026-01-21T08:53:07.897Z
765,5aca4666-746b-45ce-b871-815b1ab504c0,D,main,1,1,4,image,,4,3,3,5,6,6,5,2,"小さい
暗い
破棄がない",2026-01-21T08:50:42.029Z,2026-01-21T08:50:45.030Z,2026-01-21T08:51:01.354Z,2026-01-21T08:53:10.722Z,129368,2026-01-21T08:53:10.844Z
766,370e0804-33aa-426e-8d03-8d44b7aec1cc,C,main,2,1,6,audio,a227ecce-6d04-4f42-9275-17fb764b924a,3,3,3,5,4,3,4,5,"声の濁り
無感情な感じ
暗い


",2026-01-21T08:45:05.737Z,2026-01-21T08:45:11.957Z,2026-01-21T08:45:30.706Z,2026-01-21T08:53:22.441Z,471735,2026-01-21T08:53:23.481Z
767,8f798d17-c2ae-41f0-b741-60ab0838fbc7,D,main,4,2,7,audio,b1ebfe80-c712-4707-8712-41ecffd9ee3f,6,2,1,7,6,6,2,1,"優しい,いい,賢い",2026-01-21T08:52:38.266Z,2026-01-21T08:52:43.147Z,2026-01-21T08:52:43.982Z,2026-01-21T08:53:33.110Z,49128,2026-01-21T08:53:33.330Z
768,1cabcb76-71f5-4ef2-bfe4-a739d3615472,D,main,1,1,4,image,,5,3,3,5,5,4,4,4,"声が小さい
おかしい
たどたどしい",2026-01-21T08:52:07.195Z,2026-01-21T08:52:10.196Z,2026-01-21T08:52:22.659Z,2026-01-21T08:53:49.661Z,87002,2026-01-21T08:53:49.809Z
769,bc5f8582-9a2e-4edc-ace0-150b3d0fecb0,C,main,2,1,3,audio,2d31f24f-73df-4e77-8fc3-3347afc3a295,2,2,6,2,5,4,6,6,"低い
暗い
地味",2026-01-21T08:52:13.905Z,2026-01-21T08:52:18.526Z,2026-01-21T08:52:19.154Z,2026-01-21T08:54:08.673Z,109519,2026-01-21T08:54:08.792Z
770,8d692f07-dff6-4ca2-9768-9aae22f1fa70,B,main,1,1,3,image,,4,3,4,4,4,5,6,5,"ぎこちない
緊張した
奇妙な",2026-01-21T08:52:44.575Z,2026-01-21T08:52:47.605Z,2026-01-21T08:52:59.042Z,2026-01-21T08:54:27.940Z,88898,2026-01-21T08:54:28.088Z
771,c0eb86fc-6087-4e9c-aae3-7f92fb3d85c8,C,main,1,1,1,audio,4443387b-181e-4957-b192-f233f3629f85,4,4,2,6,4,3,1,5,"かたい
緊張した
真面目な
さっぱりした",2026-01-21T08:51:13.795Z,2026-01-21T08:51:20.364Z,2026-01-21T08:51:25.209Z,2026-01-21T08:54:33.066Z,187857,2026-01-21T08:54:29.515Z
772,f143e291-847d-4a51-a934-69d18930cbe1,D,main,3,2,1,audio,19014424-fa8c-47e2-8313-bff81d13e037,4,4,5,3,4,4,5,5,"しわがれ
マスキング
遅い",2026-01-21T08:53:39.822Z,2026-01-21T08:53:45.798Z,2026-01-21T08:53:48.355Z,2026-01-21T08:54:29.706Z,41351,2026-01-21T08:54:29.796Z
773,518c4b58-9e19-4ac6-b4ef-1f4b4b67d44f,D,main,3,2,8,audio,62fd1a28-2fb5-4a1f-8318-b771e0453999,5,5,1,7,6,5,1,1,大きい，ハキハキ，明確な,2026-01-21T08:53:51.055Z,2026-01-21T08:53:58.080Z,2026-01-21T08:53:59.849Z,2026-01-21T08:54:40.711Z,40862,2026-01-21T08:54:40.255Z
774,1cabcb76-71f5-4ef2-bfe4-a739d3615472,D,main,2,1,7,image,,5,1,1,7,5,5,3,3,"自分らしい
声が大きい
聞きやすい",2026-01-21T08:53:49.705Z,2026-01-21T08:53:52.705Z,2026-01-21T08:53:58.570Z,2026-01-21T08:54:42.532Z,43962,2026-01-21T08:54:42.687Z
776,518c4b58-9e19-4ac6-b4ef-1f4b4b67d44f,D,main,4,2,7,audio,0e5e32fe-148f-4cac-8b11-1d64cb91ae29,6,5,1,7,6,6,1,1,自然な，元気，頼もしい,2026-01-21T08:54:42.612Z,2026-01-21T08:54:47.940Z,2026-01-21T08:54:48.551Z,2026-01-21T08:55:23.699Z,35148,2026-01-21T08:55:23.263Z
777,f143e291-847d-4a51-a934-69d18930cbe1,D,main,4,2,8,audio,74c2941c-7ddb-49f1-ba10-18c7c41a34cd,4,3,5,3,4,5,5,5,"聞き慣れない
高さが不明
無感情",2026-01-21T08:54:31.739Z,2026-01-21T08:54:38.184Z,2026-01-21T08:54:39.323Z,2026-01-21T08:55:23.373Z,44050,2026-01-21T08:55:23.509Z
778,2281df3e-2e46-4ae3-8eb6-9dc77db751da,A,main,1,1,7,audio,0296b455-3c5b-46c5-b7cf-7d7c309ba1c1,3,3,5,3,3,3,5,5,暗い，元気が無い，張りが無い,2026-01-21T08:52:36.161Z,2026-01-21T08:52:43.205Z,2026-01-21T08:52:44.480Z,2026-01-21T08:55:34.082Z,169602,2026-01-21T08:55:34.994Z
779,8d692f07-dff6-4ca2-9768-9aae22f1fa70,B,main,2,1,8,image,,5,3,3,5,4,5,4,3,"ぎこちなさ
緊張した
声が高い",2026-01-21T08:54:28.067Z,2026-01-21T08:54:31.100Z,2026-01-21T08:54:44.800Z,2026-01-21T08:55:35.373Z,50573,2026-01-21T08:55:35.456Z
780,9c5ba8b6-e04c-45d7-91af-ec49241cc9bc,D,main,3,2,8,audio,3b8022be-d31d-49cb-b226-a1c2ed95fe85,4,4,4,4,6,4,4,5,"棒読み
抑揚が無い
活舌が悪い
声が籠っている",2026-01-21T08:54:18.397Z,2026-01-21T08:54:23.772Z,2026-01-21T08:54:24.598Z,2026-01-21T08:55:41.637Z,77039,2026-01-21T08:55:41.296Z
782,dc444a18-cc96-4bdd-955f-08c551233d99,B,main,3,2,5,image,,3,4,4,4,4,4,4,4,"ぼそぼそ
聞きづらい
年より臭い

",2026-01-21T08:51:23.862Z,2026-01-21T08:51:26.867Z,2026-01-21T08:51:34.465Z,2026-01-21T08:56:01.580Z,267115,2026-01-21T08:55:59.754Z
783,c0eb86fc-6087-4e9c-aae3-7f92fb3d85c8,C,main,2,1,7,audio,7dfe90c2-77b8-49d9-bd00-516ff621f448,4,3,5,3,3,3,5,6,"しっとりした
幼稚な
重い",2026-01-21T08:54:35.268Z,2026-01-21T08:54:39.785Z,2026-01-21T08:54:48.460Z,2026-01-21T08:56:33.222Z,104762,2026-01-21T08:56:29.617Z
784,370e0804-33aa-426e-8d03-8d44b7aec1cc,C,main,3,2,1,image,,5,5,3,5,5,5,2,3,"はっきりしている
楽しい
声が鮮明",2026-01-21T08:55:02.951Z,2026-01-21T08:55:05.952Z,2026-01-21T08:55:30.754Z,2026-01-21T08:56:43.682Z,72928,2026-01-21T08:56:44.399Z
785,bc5f8582-9a2e-4edc-ace0-150b3d0fecb0,C,main,3,2,3,image,,6,5,3,5,4,5,2,2,"柔らかい
明るい
低くない",2026-01-21T08:55:50.478Z,2026-01-21T08:55:53.482Z,2026-01-21T08:55:58.175Z,2026-01-21T08:56:45.643Z,47468,2026-01-21T08:56:45.720Z
786,ba25d021-9b64-4cae-bfa6-285dab4d5377,C,main,4,2,7,image,,4,4,4,4,4,4,3,3,"張りのある声
明るい声
テンポの良い話し方

",2026-01-21T08:50:18.303Z,2026-01-21T08:50:21.304Z,2026-01-21T08:50:28.070Z,2026-01-21T08:56:51.245Z,383175,2026-01-21T08:56:50.137Z
787,7801ce20-5649-49c4-b76d-bf0449fc7a78,C,main,3,2,4,image,,2,3,5,3,3,1,5,5,"かよわい
情けない
大人しい",2026-01-21T08:54:31.897Z,2026-01-21T08:54:34.898Z,2026-01-21T08:54:59.982Z,2026-01-21T08:56:51.708Z,111726,2026-01-21T08:56:52.302Z
788,8075e519-5719-41bc-adf4-30be98e93c8b,C,main,4,2,7,image,,4,5,3,5,5,5,3,3,"通達的な
はっきりとした
落ち着いた
",2026-01-21T08:52:22.353Z,2026-01-21T08:52:25.355Z,2026-01-21T08:52:25.798Z,2026-01-21T08:56:50.544Z,264746,2026-01-21T08:56:53.895Z
789,8d692f07-dff6-4ca2-9768-9aae22f1fa70,B,main,3,2,3,image,,5,3,3,5,6,6,2,2,"いつもどおり
自然な
柔らかい",2026-01-21T08:56:06.288Z,2026-01-21T08:56:09.322Z,2026-01-21T08:56:18.206Z,2026-01-21T08:56:56.240Z,38034,2026-01-21T08:56:56.317Z
790,9c5ba8b6-e04c-45d7-91af-ec49241cc9bc,D,main,4,2,5,audio,5b4fa433-f02f-4637-9eac-bb25cb3e6f0c,4,4,5,3,6,5,5,6,"もごもごしている
元気がない
聞き取りずらい",2026-01-21T08:55:43.293Z,2026-01-21T08:55:48.743Z,2026-01-21T08:55:49.349Z,2026-01-21T08:56:57.989Z,68640,2026-01-21T08:56:57.649Z
791,1cabcb76-71f5-4ef2-bfe4-a739d3615472,D,main,3,2,7,audio,73de878c-f603-4fb0-818f-1528667b9841,5,4,4,4,5,2,4,5,"たどたどしい
少し聞きにくい
声は大きい",2026-01-21T08:56:03.413Z,2026-01-21T08:56:08.688Z,2026-01-21T08:56:12.054Z,2026-01-21T08:57:11.588Z,59534,2026-01-21T08:57:11.793Z
792,2281df3e-2e46-4ae3-8eb6-9dc77db751da,A,main,2,1,5,audio,fc12ef9f-f93a-4a7f-a3be-760d199c6a59,1,2,6,2,3,2,6,6,どもり，元気が無い，高齢者みたい,2026-01-21T08:55:37.497Z,2026-01-21T08:55:44.818Z,2026-01-21T08:55:47.911Z,2026-01-21T08:57:17.397Z,89486,2026-01-21T08:57:18.231Z
793,dc444a18-cc96-4bdd-955f-08c551233d99,B,main,4,2,2,image,,4,4,4,4,4,5,4,3,"ぼそぼそ
聞きづらい
年より臭い",2026-01-21T08:56:01.630Z,2026-01-21T08:56:04.634Z,2026-01-21T08:56:09.944Z,2026-01-21T08:57:20.129Z,70185,2026-01-21T08:57:18.293Z
794,265e8bfe-9357-42fc-b9bc-f2540a21f537,A,main,1,1,3,audio,ce3763eb-a1cb-425f-9661-8e2d6c003526,2,2,2,6,3,2,2,5,ダサい，恥ずかしい，おかしい,2026-01-21T08:56:57.209Z,2026-01-21T08:57:03.504Z,2026-01-21T08:57:04.516Z,2026-01-21T08:57:46.898Z,42382,2026-01-21T08:57:46.120Z
795,bc5f8582-9a2e-4edc-ace0-150b3d0fecb0,C,main,4,2,4,image,,5,5,3,5,5,5,2,2,"優しい
親しみがある
低くない",2026-01-21T08:56:45.793Z,2026-01-21T08:56:48.795Z,2026-01-21T08:56:51.375Z,2026-01-21T08:57:49.145Z,57770,2026-01-21T08:57:49.339Z
796,5a07bd3a-0cab-4cdc-b5fb-b259a383d604,A,main,1,1,2,audio,daed0224-fe66-4e2d-8242-ed498c179ddc,3,3,5,3,2,2,5,5,"重たい
眠い
遅い
",2026-01-21T08:55:36.212Z,2026-01-21T08:55:40.641Z,2026-01-21T08:55:41.778Z,2026-01-21T08:57:52.525Z,130747,2026-01-21T08:57:52.653Z
797,b4a1a34c-01a3-4d89-b715-783d1fce8937,C,main,1,1,1,audio,0ebdff1e-2511-4e5d-a9b9-907fa3549d25,3,3,6,2,5,4,5,6,"雑な
低い
こもった",2026-01-21T08:53:52.828Z,2026-01-21T08:54:00.763Z,2026-01-21T08:54:01.911Z,2026-01-21T08:58:10.867Z,248956,2026-01-21T08:58:10.108Z
798,8d692f07-dff6-4ca2-9768-9aae22f1fa70,B,main,4,2,8,image,,5,6,3,5,6,5,3,3,"違和感のない
自然な
いつもどおり",2026-01-21T08:56:56.280Z,2026-01-21T08:56:59.323Z,2026-01-21T08:57:05.007Z,2026-01-21T08:58:17.232Z,72225,2026-01-21T08:58:17.314Z
799,1cabcb76-71f5-4ef2-bfe4-a739d3615472,D,main,4,2,4,audio,d1024854-302c-418f-be10-721f89cd0e77,5,6,2,6,7,6,1,2,"聞きやすい
感情がない
声は大きい",2026-01-21T08:57:13.886Z,2026-01-21T08:57:19.477Z,2026-01-21T08:57:23.099Z,2026-01-21T08:58:18.333Z,55234,2026-01-21T08:58:18.488Z
800,d3955e8d-7cd2-44a9-a82f-39107388af2d,C,main,1,1,5,audio,2aa4bdc6-c85f-4c87-bf67-68c8bcbbc7bb,1,1,1,7,1,1,7,7,"きもい
暗い
粘り気",2026-01-21T08:57:32.772Z,2026-01-21T08:57:40.746Z,2026-01-21T08:57:41.637Z,2026-01-21T08:58:29.197Z,47560,2026-01-21T08:58:30.007Z
801,7801ce20-5649-49c4-b76d-bf0449fc7a78,C,main,4,2,6,image,,3,3,5,3,2,3,5,5,"幼い
低い
寂しい",2026-01-21T08:56:51.969Z,2026-01-21T08:56:54.969Z,2026-01-21T08:57:08.037Z,2026-01-21T08:58:34.968Z,86931,2026-01-21T08:58:35.351Z
802,265e8bfe-9357-42fc-b9bc-f2540a21f537,A,main,2,1,6,audio,86e0044a-a570-4b1d-aebd-2712daa8f795,2,2,2,6,2,2,2,2,変な感じ，おかしい，違和感がある,2026-01-21T08:57:50.095Z,2026-01-21T08:57:57.436Z,2026-01-21T08:57:58.129Z,2026-01-21T08:58:42.292Z,44163,2026-01-21T08:58:41.555Z
803,370e0804-33aa-426e-8d03-8d44b7aec1cc,C,main,4,2,6,image,,5,5,2,6,5,5,2,4,"力強い
声のメリハリがある
自信がみなぎっている",2026-01-21T08:56:43.735Z,2026-01-21T08:56:46.736Z,2026-01-21T08:56:54.826Z,2026-01-21T08:58:52.600Z,117774,2026-01-21T08:58:53.313Z
804,5a07bd3a-0cab-4cdc-b5fb-b259a383d604,A,main,2,1,8,audio,3703975d-f918-4898-a99b-646a098640f7,3,3,5,3,2,2,6,6,"拙い
のろい
弱い",2026-01-21T08:57:53.915Z,2026-01-21T08:57:59.177Z,2026-01-21T08:58:01.009Z,2026-01-21T08:58:57.607Z,56598,2026-01-21T08:58:57.613Z
805,d3955e8d-7cd2-44a9-a82f-39107388af2d,C,main,2,1,8,audio,d4ea3810-9964-4524-98fb-c10474e8d278,1,1,1,7,1,1,7,7,"きもい
暗い
粘り気",2026-01-21T08:58:30.571Z,2026-01-21T08:58:36.851Z,2026-01-21T08:58:37.812Z,2026-01-21T08:58:58.423Z,20611,2026-01-21T08:58:59.215Z
806,b4a1a34c-01a3-4d89-b715-783d1fce8937,C,main,2,1,4,audio,7e02a047-d7d5-430f-9b76-5c8e40172c3d,3,4,5,3,5,4,3,5,"不安定な
変な
濁る",2026-01-21T08:58:12.863Z,2026-01-21T08:58:20.450Z,2026-01-21T08:58:21.658Z,2026-01-21T08:59:23.342Z,61684,2026-01-21T08:59:22.601Z
807,5aca4666-746b-45ce-b871-815b1ab504c0,D,main,2,1,8,image,,5,6,4,4,4,5,4,3,"小さい
聞きづらい
自信がない",2026-01-21T08:53:10.879Z,2026-01-21T08:53:13.880Z,2026-01-21T08:53:16.166Z,2026-01-21T08:59:37.277Z,381111,2026-01-21T08:59:37.375Z
808,36c8554b-cbdd-4588-a494-a24ac375165a,B,main,1,1,1,image,,3,4,3,5,5,4,3,3,"低い
小さい
不明瞭",2026-01-21T08:58:36.882Z,2026-01-21T08:58:39.889Z,2026-01-21T08:58:52.252Z,2026-01-21T08:59:37.616Z,45364,2026-01-21T08:59:37.659Z
809,c2ed7f25-af6a-4a48-95df-ef0e1f969c27,D,main,1,1,2,image,,5,5,4,4,5,5,3,2,低い，ゆったり，大きい,2026-01-21T08:57:45.695Z,2026-01-21T08:57:48.697Z,2026-01-21T08:57:57.022Z,2026-01-21T08:59:55.374Z,118352,2026-01-21T08:59:56.290Z
810,d3955e8d-7cd2-44a9-a82f-39107388af2d,C,main,3,2,5,image,,1,1,1,7,1,1,7,7,"きもい
暗い
粘り気",2026-01-21T08:59:31.538Z,2026-01-21T08:59:34.542Z,2026-01-21T08:59:38.550Z,2026-01-21T09:00:01.996Z,23446,2026-01-21T09:00:02.999Z
811,265e8bfe-9357-42fc-b9bc-f2540a21f537,A,main,3,2,3,audio,ce3763eb-a1cb-425f-9661-8e2d6c003526,2,2,2,6,2,2,2,2,変な感じ，違和感がある，おじさんみたい,2026-01-21T08:59:29.870Z,2026-01-21T08:59:35.738Z,2026-01-21T08:59:36.594Z,2026-01-21T09:00:08.484Z,31890,2026-01-21T09:00:07.665Z
812,36c8554b-cbdd-4588-a494-a24ac375165a,B,main,2,1,2,image,,4,4,3,5,4,4,3,3,"低い
重い
馴染み",2026-01-21T08:59:37.689Z,2026-01-21T08:59:40.695Z,2026-01-21T08:59:41.189Z,2026-01-21T09:00:39.765Z,58576,2026-01-21T09:00:39.787Z
813,2281df3e-2e46-4ae3-8eb6-9dc77db751da,A,main,3,2,7,audio,0296b455-3c5b-46c5-b7cf-7d7c309ba1c1,2,2,6,2,4,2,6,6,歯切れ悪い，よどんでいる，疲れた,2026-01-21T08:58:45.963Z,2026-01-21T08:58:52.908Z,2026-01-21T08:58:53.716Z,2026-01-21T09:00:40.271Z,106555,2026-01-21T09:00:41.183Z
814,7ee044d4-f05f-45a4-88a0-8e09badf20f4,D,main,1,1,1,image,,1,2,6,2,5,3,5,5,"よそよそしく,暗く,ぼそぼそとした",2026-01-21T08:57:50.419Z,2026-01-21T08:57:53.420Z,2026-01-21T08:58:34.372Z,2026-01-21T09:01:02.853Z,148481,2026-01-21T09:01:03.683Z
815,20111a9d-5811-422f-bc45-7ae825254e03,C,main,1,1,4,audio,73f0830f-ad44-4e19-ad8b-f945729ebdee,4,3,4,4,5,3,2,4,"滑舌がよくない
フラット
ぼんやり",2026-01-21T08:58:54.810Z,2026-01-21T08:58:59.456Z,2026-01-21T08:59:00.349Z,2026-01-21T09:01:19.251Z,138902,2026-01-21T09:01:19.394Z
816,d3955e8d-7cd2-44a9-a82f-39107388af2d,C,main,4,2,8,image,,4,4,3,5,5,5,2,1,"普通
穏やか
クリア",2026-01-21T09:00:02.303Z,2026-01-21T09:00:05.310Z,2026-01-21T09:00:16.711Z,2026-01-21T09:01:30.451Z,73740,2026-01-21T09:01:31.261Z
817,c2ed7f25-af6a-4a48-95df-ef0e1f969c27,D,main,2,1,8,image,,6,5,3,5,5,5,1,1,ゆったり，太い，強い,2026-01-21T08:59:55.517Z,2026-01-21T08:59:58.692Z,2026-01-21T09:00:09.378Z,2026-01-21T09:01:32.546Z,83168,2026-01-21T09:01:33.381Z
818,2281df3e-2e46-4ae3-8eb6-9dc77db751da,A,main,4,2,5,audio,fc12ef9f-f93a-4a7f-a3be-760d199c6a59,1,1,7,1,3,2,6,6,どもり，つやがない，かすれている,2026-01-21T09:00:42.643Z,2026-01-21T09:00:49.969Z,2026-01-21T09:00:50.977Z,2026-01-21T09:02:00.006Z,69029,2026-01-21T09:02:00.863Z
819,20111a9d-5811-422f-bc45-7ae825254e03,C,main,2,1,3,audio,ffbc8d0d-b9fe-4fe8-a7ea-1c311491b6e2,3,2,4,4,5,4,2,2,"自分っぽい
棒読み
滑舌がよくない",2026-01-21T09:01:22.680Z,2026-01-21T09:01:28.003Z,2026-01-21T09:01:28.712Z,2026-01-21T09:02:29.532Z,60820,2026-01-21T09:02:29.522Z
820,b4a1a34c-01a3-4d89-b715-783d1fce8937,C,main,3,2,1,image,,3,4,5,3,5,4,2,4,"かすれた
低めの声
こもった感じ",2026-01-21T09:01:18.756Z,2026-01-21T09:01:21.759Z,2026-01-21T09:01:30.426Z,2026-01-21T09:02:38.011Z,67585,2026-01-21T09:02:37.255Z
821,5a07bd3a-0cab-4cdc-b5fb-b259a383d604,A,main,3,2,2,audio,daed0224-fe66-4e2d-8242-ed498c179ddc,3,3,5,3,2,2,5,6,"遅い
幼い
弱い",2026-01-21T09:01:26.942Z,2026-01-21T09:01:31.376Z,2026-01-21T09:01:33.294Z,2026-01-21T09:02:50.194Z,76900,2026-01-21T09:02:50.182Z
822,41905476-bc7e-409a-a796-b4641c0baef7,D,main,1,1,4,image,,2,4,3,5,5,1,3,5,"不慣れな,不確かな,冷たい",2026-01-21T09:01:34.339Z,2026-01-21T09:01:37.341Z,2026-01-21T09:01:51.155Z,2026-01-21T09:03:09.934Z,78779,2026-01-21T09:03:11.136Z
823,7ee044d4-f05f-45a4-88a0-8e09badf20f4,D,main,2,1,2,image,,1,1,6,2,7,5,5,5,"はっきりとしない,何か言いたげな,奥歯に物が挟まるような,ぼそぼそとした",2026-01-21T09:01:03.026Z,2026-01-21T09:01:06.027Z,2026-01-21T09:01:11.097Z,2026-01-21T09:03:16.764Z,125667,2026-01-21T09:03:17.605Z
824,36c8554b-cbdd-4588-a494-a24ac375165a,B,main,3,2,2,image,,4,4,3,5,4,4,3,4,"堅い
低い
馴染み",2026-01-21T09:02:48.307Z,2026-01-21T09:02:51.311Z,2026-01-21T09:02:52.417Z,2026-01-21T09:03:27.056Z,34639,2026-01-21T09:03:27.082Z
825,20111a9d-5811-422f-bc45-7ae825254e03,C,main,3,2,4,image,,4,4,2,6,5,4,2,2,"はっきり
自分っぽい
聞きやすい",2026-01-21T09:03:03.110Z,2026-01-21T09:03:06.112Z,2026-01-21T09:03:13.958Z,2026-01-21T09:03:54.825Z,40867,2026-01-21T09:03:54.816Z
826,5a07bd3a-0cab-4cdc-b5fb-b259a383d604,A,main,4,2,8,audio,3703975d-f918-4898-a99b-646a098640f7,3,3,5,3,2,2,5,5,"拙い
とろい
眠い
重たい",2026-01-21T09:02:51.874Z,2026-01-21T09:02:57.151Z,2026-01-21T09:02:58.040Z,2026-01-21T09:03:58.672Z,60632,2026-01-21T09:03:58.661Z
827,ed4d06f6-a349-4448-a8f0-55923f1fafcd,D,main,1,1,5,image,,4,4,5,3,5,6,4,5,"こもっている
低い
濁っている",2026-01-21T08:59:20.929Z,2026-01-21T08:59:23.930Z,2026-01-21T08:59:42.288Z,2026-01-21T09:03:59.588Z,257300,2026-01-21T09:03:59.293Z
828,36c8554b-cbdd-4588-a494-a24ac375165a,B,main,4,2,1,image,,4,3,3,5,4,3,4,4,"不安
不明瞭
低い",2026-01-21T09:03:27.100Z,2026-01-21T09:03:30.102Z,2026-01-21T09:03:31.440Z,2026-01-21T09:04:00.989Z,29549,2026-01-21T09:04:01.025Z
829,41905476-bc7e-409a-a796-b4641c0baef7,D,main,2,1,3,image,,5,4,5,3,4,6,1,1,"素朴な,優しい,真面目な",2026-01-21T09:03:11.104Z,2026-01-21T09:03:14.104Z,2026-01-21T09:03:20.096Z,2026-01-21T09:04:02.075Z,41979,2026-01-21T09:04:02.449Z
830,b4a1a34c-01a3-4d89-b715-783d1fce8937,C,main,4,2,4,image,,3,4,4,4,5,4,1,4,"低音
はっきりしない
不安定な",2026-01-21T09:02:38.056Z,2026-01-21T09:02:41.065Z,2026-01-21T09:02:44.218Z,2026-01-21T09:04:09.993Z,85775,2026-01-21T09:04:09.242Z
831,265e8bfe-9357-42fc-b9bc-f2540a21f537,A,main,4,2,6,audio,86e0044a-a570-4b1d-aebd-2712daa8f795,2,2,2,6,2,2,2,2,おかしい，違和感がある，他人みたい,2026-01-21T09:00:10.443Z,2026-01-21T09:00:17.437Z,2026-01-21T09:03:34.482Z,2026-01-21T09:04:11.390Z,36908,2026-01-21T09:04:11.055Z
832,c0eb86fc-6087-4e9c-aae3-7f92fb3d85c8,C,main,3,2,7,image,,5,5,2,6,6,6,1,2,"はつらつとした
自信のある
飽きがこない
なめらかな",2026-01-21T09:01:54.484Z,2026-01-21T09:01:57.485Z,2026-01-21T09:02:05.580Z,2026-01-21T09:04:22.189Z,136609,2026-01-21T09:04:18.638Z
833,c73f0ef6-1181-4bea-b95a-0b1312946da8,D,main,1,1,8,image,,3,4,4,4,6,4,5,5,"棒読み
冷たい
低い",2026-01-21T09:00:34.598Z,2026-01-21T09:00:37.600Z,2026-01-21T09:00:40.774Z,2026-01-21T09:04:30.447Z,229673,2026-01-21T09:04:30.682Z
834,9d4f3504-0f50-43e6-b8a6-b4adecadd664,A,main,1,1,6,audio,500a194f-d8cf-40a8-91fa-cee5ac68ba7e,4,4,3,5,5,4,4,4,"ぼんやり,ゆっくり,ゆったり",2026-01-21T09:04:00.460Z,2026-01-21T09:04:06.091Z,2026-01-21T09:04:06.829Z,2026-01-21T09:04:38.316Z,31487,2026-01-21T09:04:37.388Z
835,20111a9d-5811-422f-bc45-7ae825254e03,C,main,4,2,3,image,,3,4,3,5,5,5,2,2,"自分っぽい
聞きやすい
なじみがある",2026-01-21T09:03:54.905Z,2026-01-21T09:03:57.909Z,2026-01-21T09:04:03.683Z,2026-01-21T09:04:54.357Z,50674,2026-01-21T09:04:54.336Z
836,22c9eaf8-6d08-4061-aa14-82f839b64d82,D,main,1,1,2,image,,2,2,5,3,4,4,5,5,"ここちよくない
嫌な気持ち
つまらない",2026-01-21T09:03:20.026Z,2026-01-21T09:03:23.044Z,2026-01-21T09:03:27.111Z,2026-01-21T09:05:12.660Z,105549,2026-01-21T09:05:12.787Z
837,9d4f3504-0f50-43e6-b8a6-b4adecadd664,A,main,2,1,5,audio,068e5117-8e40-422a-898b-6e3cd9a2615e,3,4,4,4,4,4,5,4,"たどたどしい,ゆっくり,ぼそぼそ",2026-01-21T09:04:41.692Z,2026-01-21T09:04:51.573Z,2026-01-21T09:04:52.109Z,2026-01-21T09:05:19.188Z,27079,2026-01-21T09:05:16.199Z
838,c2ed7f25-af6a-4a48-95df-ef0e1f969c27,D,main,3,2,2,audio,7fc4a91b-8c63-41c6-bd4d-b8aa5748111f,2,3,6,2,4,2,6,6,ぬけが悪い，たどたどしい，聞きづらい,2026-01-21T09:03:04.373Z,2026-01-21T09:03:10.136Z,2026-01-21T09:03:12.238Z,2026-01-21T09:05:16.697Z,124459,2026-01-21T09:05:17.605Z
839,0439c4b6-8f52-4ed3-8178-4b5ab22361b5,A,main,1,1,1,audio,dd7fff33-5a40-44cb-b5e4-78ff54f70297,1,2,3,5,6,2,4,4,"こもっている
聞きとりにくい
不明瞭",2026-01-21T09:05:02.074Z,2026-01-21T09:05:06.694Z,2026-01-21T09:05:07.496Z,2026-01-21T09:05:48.377Z,40881,2026-01-21T09:05:48.412Z
840,5aca4666-746b-45ce-b871-815b1ab504c0,D,main,3,2,4,audio,c5dd8015-1d82-47b4-a0d3-e1da07d79e14,5,5,3,5,6,6,5,2,"辿々しい
嬉しい
大きい",2026-01-21T09:02:03.425Z,2026-01-21T09:02:13.433Z,2026-01-21T09:02:15.268Z,2026-01-21T09:05:50.282Z,215014,2026-01-21T09:05:50.382Z
841,c73f0ef6-1181-4bea-b95a-0b1312946da8,D,main,2,1,5,image,,3,4,3,5,6,5,5,6,"こそばゆい
聞き慣れない
気まずい",2026-01-21T09:04:30.552Z,2026-01-21T09:04:33.554Z,2026-01-21T09:04:40.926Z,2026-01-21T09:05:55.095Z,74169,2026-01-21T09:05:55.289Z
842,7ee044d4-f05f-45a4-88a0-8e09badf20f4,D,main,3,2,1,audio,4d1966f4-dd8f-4723-b3af-6fae123b7abf,2,2,5,3,5,4,5,4,"力のない,だらりとした,はっきりとしない,力の抜けた,疲れているような",2026-01-21T09:04:41.499Z,2026-01-21T09:04:47.029Z,2026-01-21T09:04:50.838Z,2026-01-21T09:06:03.685Z,72847,2026-01-21T09:06:04.387Z
843,0439c4b6-8f52-4ed3-8178-4b5ab22361b5,A,main,2,1,2,audio,4189e285-8158-4635-8b2e-80c9a9a50769,2,3,3,5,6,3,3,1,"こもっている
不明瞭
聞き取りずらい",2026-01-21T09:05:49.984Z,2026-01-21T09:05:56.714Z,2026-01-21T09:05:57.192Z,2026-01-21T09:06:18.309Z,21117,2026-01-21T09:06:18.351Z
844,22c9eaf8-6d08-4061-aa14-82f839b64d82,D,main,2,1,6,image,,2,2,3,5,4,4,5,3,"心地良さが無い
つまらない
嬉しくない",2026-01-21T09:05:12.814Z,2026-01-21T09:05:15.826Z,2026-01-21T09:05:29.166Z,2026-01-21T09:06:25.750Z,56584,2026-01-21T09:06:25.775Z
845,6317987b-5cdc-4af5-8674-9f1cdd2c75c0,D,main,1,1,7,image,,2,3,6,2,5,2,6,7,"異様
不思議
意外",2026-01-21T09:04:23.118Z,2026-01-21T09:04:26.118Z,2026-01-21T09:04:43.665Z,2026-01-21T09:06:30.204Z,106539,2026-01-21T09:06:31.042Z
846,41905476-bc7e-409a-a796-b4641c0baef7,D,main,3,2,4,audio,2c51e1b4-4ca1-4087-878f-035b160de149,2,1,2,6,2,3,3,2,"退屈な,疲れた,嘘くさい",2026-01-21T09:05:28.002Z,2026-01-21T09:05:34.618Z,2026-01-21T09:05:36.760Z,2026-01-21T09:06:35.523Z,58763,2026-01-21T09:06:35.885Z
847,a4837d7f-3a50-46fe-af9c-172b68dcd011,D,main,3,2,8,audio,a35843c8-5ba0-4a2a-af2a-22c9e9043844,5,5,2,6,7,7,1,1,"慣れ親しんだ,普段通りの,自分らしい",2026-01-21T09:02:05.000Z,2026-01-21T09:02:10.020Z,2026-01-21T09:02:16.856Z,2026-01-21T09:06:40.175Z,263319,2026-01-21T09:06:38.666Z
848,c2ed7f25-af6a-4a48-95df-ef0e1f969c27,D,main,4,2,8,audio,1f1a8818-c372-4824-bbbe-9a6dc4da41ea,2,2,6,2,4,2,6,6,活舌の悪い，こもり気味，早い,2026-01-21T09:05:19.089Z,2026-01-21T09:05:25.014Z,2026-01-21T09:05:27.049Z,2026-01-21T09:06:40.185Z,73136,2026-01-21T09:06:41.019Z
849,9d4f3504-0f50-43e6-b8a6-b4adecadd664,A,main,3,2,5,audio,068e5117-8e40-422a-898b-6e3cd9a2615e,3,3,4,4,5,4,5,4,"ぼんやり,ゆっくり,ぎこちない",2026-01-21T09:06:13.460Z,2026-01-21T09:06:23.350Z,2026-01-21T09:06:23.892Z,2026-01-21T09:06:52.958Z,29066,2026-01-21T09:06:49.972Z
850,c0eb86fc-6087-4e9c-aae3-7f92fb3d85c8,C,main,4,2,1,image,,5,4,1,7,5,5,1,2,"淡々とした
抑揚のない
早い
短い",2026-01-21T09:04:22.265Z,2026-01-21T09:04:25.266Z,2026-01-21T09:04:30.944Z,2026-01-21T09:07:05.257Z,154313,2026-01-21T09:07:01.735Z
851,9d4f3504-0f50-43e6-b8a6-b4adecadd664,A,main,4,2,6,audio,500a194f-d8cf-40a8-91fa-cee5ac68ba7e,4,4,3,5,5,4,3,3,"ゆっくり,ぼそっと,ゆったり",2026-01-21T09:06:54.356Z,2026-01-21T09:06:59.989Z,2026-01-21T09:07:00.451Z,2026-01-21T09:07:29.027Z,28576,2026-01-21T09:07:26.039Z
852,0439c4b6-8f52-4ed3-8178-4b5ab22361b5,A,main,3,2,1,audio,dd7fff33-5a40-44cb-b5e4-78ff54f70297,3,3,3,5,4,3,3,3,"少し早くなったかもしれない
さっきよりははきはきしている
若干加工されたのかも",2026-01-21T09:07:02.029Z,2026-01-21T09:07:06.634Z,2026-01-21T09:07:19.600Z,2026-01-21T09:07:51.715Z,32115,2026-01-21T09:07:51.751Z
853,ed4d06f6-a349-4448-a8f0-55923f1fafcd,D,main,2,1,2,image,,3,4,5,3,5,5,4,6,"しめった
かすれた
響かない",2026-01-21T09:03:59.659Z,2026-01-21T09:04:02.660Z,2026-01-21T09:04:12.352Z,2026-01-21T09:07:53.639Z,221287,2026-01-21T09:07:53.366Z
854,6317987b-5cdc-4af5-8674-9f1cdd2c75c0,D,main,2,1,5,image,,3,2,3,5,1,4,6,6,"不一致
怖い
相違",2026-01-21T09:06:30.384Z,2026-01-21T09:06:33.385Z,2026-01-21T09:07:02.327Z,2026-01-21T09:08:00.842Z,58515,2026-01-21T09:08:01.542Z
855,22c9eaf8-6d08-4061-aa14-82f839b64d82,D,main,3,2,2,audio,4f91ba45-8f88-41f9-84aa-2398fca2e919,2,2,5,3,6,6,6,4,"嫌な気持ち
げんなりする
心地よくない",2026-01-21T09:07:11.581Z,2026-01-21T09:07:18.042Z,2026-01-21T09:07:19.234Z,2026-01-21T09:08:14.336Z,55102,2026-01-21T09:08:14.349Z
856,7ee044d4-f05f-45a4-88a0-8e09badf20f4,D,main,4,2,2,audio,a0d7de7e-8103-4f71-9023-01bd66d15043,1,2,6,2,6,4,5,3,"ぼそぼそとした,気の抜けた,力の抜けた,話したくないような,",2026-01-21T09:06:04.827Z,2026-01-21T09:06:09.759Z,2026-01-21T09:06:11.230Z,2026-01-21T09:08:15.397Z,124167,2026-01-21T09:08:16.248Z
857,5aca4666-746b-45ce-b871-815b1ab504c0,D,main,4,2,8,audio,a95b41c3-c5b7-4e5f-9db5-a454d2f3df6a,4,4,3,5,5,5,6,3,"疑わしい
大きい
恥ずかしい",2026-01-21T09:05:57.513Z,2026-01-21T09:06:07.532Z,2026-01-21T09:06:10.506Z,2026-01-21T09:08:18.334Z,127828,2026-01-21T09:08:18.427Z
858,41905476-bc7e-409a-a796-b4641c0baef7,D,main,4,2,3,audio,0d80bde9-9ec7-4afd-8afd-551d54c2ae7b,5,4,4,4,5,3,1,2,"真剣な,真面目な,柔軟な",2026-01-21T09:06:37.564Z,2026-01-21T09:06:42.818Z,2026-01-21T09:06:43.405Z,2026-01-21T09:08:20.222Z,96817,2026-01-21T09:08:20.584Z
859,0439c4b6-8f52-4ed3-8178-4b5ab22361b5,A,main,4,2,2,audio,4189e285-8158-4635-8b2e-80c9a9a50769,2,3,3,5,5,4,4,3,"自信がなさそう
こもっている
聞こえにくい",2026-01-21T09:07:52.962Z,2026-01-21T09:07:59.694Z,2026-01-21T09:08:07.054Z,2026-01-21T09:08:27.747Z,20693,2026-01-21T09:08:27.785Z
860,70d89c7d-8e2c-4af5-b9b3-29d58c20edac,D,main,1,1,5,image,,3,4,4,4,5,4,5,4,"ハスキーな
棒読みな
静かな
自信のない",2026-01-21T09:06:24.060Z,2026-01-21T09:06:27.061Z,2026-01-21T09:06:44.331Z,2026-01-21T09:08:36.514Z,112183,2026-01-21T09:08:36.872Z
861,22c9eaf8-6d08-4061-aa14-82f839b64d82,D,main,4,2,6,audio,3ea2aacc-580d-4444-8d58-2d460d7286fe,3,5,5,3,5,5,5,3,"嫌な気持ち
やるせない
仕方ない",2026-01-21T09:08:16.467Z,2026-01-21T09:08:22.749Z,2026-01-21T09:08:26.254Z,2026-01-21T09:09:08.317Z,42063,2026-01-21T09:09:08.338Z
862,a5b45697-5b3c-4de9-89df-ceb76b2b1dc4,C,main,1,1,6,audio,38e9f088-44ed-4e58-8771-ce4479fa8145,5,2,2,6,6,5,4,4,"優しい　　　　　　　　　　
真面目
穏やか",2026-01-21T09:06:13.144Z,2026-01-21T09:06:21.622Z,2026-01-21T09:06:28.325Z,2026-01-21T09:09:19.498Z,171173,2026-01-21T09:09:19.975Z
863,b0cd3097-4709-4d0e-92f9-85fa754056c8,D,main,1,1,2,image,,5,4,3,5,6,5,2,4,"平凡
冷静
論理的",2026-01-21T09:07:55.405Z,2026-01-21T09:07:58.416Z,2026-01-21T09:08:04.601Z,2026-01-21T09:09:26.371Z,81770,2026-01-21T09:09:24.518Z
864,70d89c7d-8e2c-4af5-b9b3-29d58c20edac,D,main,2,1,3,image,,4,4,4,4,5,4,4,5,"棒読みな
自信がない
落ちこぼれ
寂しい",2026-01-21T09:08:37.191Z,2026-01-21T09:08:40.192Z,2026-01-21T09:08:44.738Z,2026-01-21T09:09:26.443Z,41705,2026-01-21T09:09:26.299Z
865,569236ce-3e08-44c3-9565-8a801059bc49,C,main,1,1,8,audio,8c1cba35-de74-4bc6-b5bf-5d54fe4caecd,6,6,2,6,3,5,2,2,"知的である,博識高い,知的好奇心のある",2026-01-21T09:08:18.105Z,2026-01-21T09:08:25.723Z,2026-01-21T09:08:26.507Z,2026-01-21T09:09:38.797Z,72290,2026-01-21T09:09:38.052Z
866,cb4694fe-b617-4631-9259-6dd6852a7b67,C,main,1,1,1,audio,c8c790c5-8af0-4857-b796-e216d0f2a835,4,4,3,5,3,3,5,5,暗い，大人しい，落ち着いている,2026-01-21T09:08:37.625Z,2026-01-21T09:08:43.826Z,2026-01-21T09:08:45.746Z,2026-01-21T09:09:55.743Z,69997,2026-01-21T09:09:55.997Z
867,c73f0ef6-1181-4bea-b95a-0b1312946da8,D,main,3,2,5,audio,3de4d9b8-8f8f-4fad-8d59-a75230d7e0ef,3,3,3,5,6,4,3,4,"覇気がない
お疲れ気味な
冷めている",2026-01-21T09:08:47.224Z,2026-01-21T09:08:54.090Z,2026-01-21T09:08:56.379Z,2026-01-21T09:10:08.911Z,72532,2026-01-21T09:10:09.127Z
868,6317987b-5cdc-4af5-8674-9f1cdd2c75c0,D,main,3,2,5,audio,818fc730-2cf1-4372-b741-ccb816f80e2f,3,3,4,4,5,6,2,2,"似ている
違和感なし
意外",2026-01-21T09:08:50.179Z,2026-01-21T09:08:57.175Z,2026-01-21T09:08:57.865Z,2026-01-21T09:10:14.884Z,77019,2026-01-21T09:10:15.590Z
869,569236ce-3e08-44c3-9565-8a801059bc49,C,main,2,1,3,audio,31602185-6e3b-42f8-bf23-57d67bd111bb,2,4,3,5,6,4,2,5,"聞き取りにくい,こもっている，内向的な",2026-01-21T09:09:40.310Z,2026-01-21T09:09:47.720Z,2026-01-21T09:09:47.859Z,2026-01-21T09:10:38.775Z,50916,2026-01-21T09:10:37.947Z
870,cb4694fe-b617-4631-9259-6dd6852a7b67,C,main,2,1,6,audio,25cc7027-1b02-402b-aed6-e7df13fdb4f0,3,4,4,4,3,3,5,5,暗い，大人しい，落ち着いている,2026-01-21T09:09:57.333Z,2026-01-21T09:10:02.031Z,2026-01-21T09:10:03.824Z,2026-01-21T09:10:39.658Z,35834,2026-01-21T09:10:39.873Z
871,b0cd3097-4709-4d0e-92f9-85fa754056c8,D,main,2,1,1,image,,4,4,4,4,6,5,3,4,"冷たい
普通
無表情",2026-01-21T09:09:26.486Z,2026-01-21T09:09:29.488Z,2026-01-21T09:09:43.982Z,2026-01-21T09:10:46.312Z,62330,2026-01-21T09:10:44.508Z
872,4236f643-0aee-4f0d-a74d-fda3e11969a4,D,main,1,1,1,image,,3,2,3,5,1,4,1,3,"違和感
鼻声
滑舌が悪い",2026-01-21T09:09:32.728Z,2026-01-21T09:09:35.732Z,2026-01-21T09:09:39.932Z,2026-01-21T09:10:56.799Z,76867,2026-01-21T09:10:56.988Z
873,c7278530-baaf-4739-8675-814d8954bb33,B,main,1,1,3,image,,5,4,4,4,4,4,4,4,"弱い

暖かい

優しい",2026-01-21T09:09:12.926Z,2026-01-21T09:09:15.929Z,2026-01-21T09:09:43.260Z,2026-01-21T09:11:00.289Z,77029,2026-01-21T09:11:01.689Z
874,6317987b-5cdc-4af5-8674-9f1cdd2c75c0,D,main,4,2,7,audio,221ffa89-3297-4c32-9330-ac169dc499c0,3,4,3,5,6,5,2,2,"慣れ親しんでいる
自分と分かる
優しい",2026-01-21T09:10:21.927Z,2026-01-21T09:10:26.182Z,2026-01-21T09:10:27.206Z,2026-01-21T09:11:49.048Z,81842,2026-01-21T09:11:49.747Z
875,4e95161e-a681-40d3-8ac0-f7a6b1066b13,C,main,1,1,1,audio,9df92b19-f797-40dc-8744-7d21f231cfab,1,2,5,3,4,5,5,3,"遅い
ぼそぼそしている
聞きづらい",2026-01-21T09:09:50.478Z,2026-01-21T09:09:58.725Z,2026-01-21T09:10:00.273Z,2026-01-21T09:11:58.414Z,118141,2026-01-21T09:11:58.626Z
876,70d89c7d-8e2c-4af5-b9b3-29d58c20edac,D,main,3,2,5,audio,68dd151c-e939-4b62-b421-e63ae8520016,4,4,4,4,5,5,4,4,"自分らしい、
ハスキーな
子供っぽい",2026-01-21T09:10:51.987Z,2026-01-21T09:10:59.237Z,2026-01-21T09:11:18.642Z,2026-01-21T09:12:07.579Z,48937,2026-01-21T09:12:07.447Z
877,4236f643-0aee-4f0d-a74d-fda3e11969a4,D,main,2,1,6,image,,7,5,5,3,3,7,2,2,"ハキハキ
丁寧
オペレーターみたいな感じ",2026-01-21T09:10:57.009Z,2026-01-21T09:11:00.011Z,2026-01-21T09:11:07.002Z,2026-01-21T09:12:20.588Z,73586,2026-01-21T09:12:20.789Z
878,ca33f115-ca19-4d26-a81d-732b925bb164,D,main,1,1,4,image,,3,3,3,5,4,5,2,2,"低い,暗い,ゆったり",2026-01-21T09:11:18.548Z,2026-01-21T09:11:21.559Z,2026-01-21T09:11:26.128Z,2026-01-21T09:12:23.563Z,57435,2026-01-21T09:12:23.416Z
879,c7278530-baaf-4739-8675-814d8954bb33,B,main,2,1,5,image,,4,4,3,5,4,4,3,3,"強い

温かい

優しい",2026-01-21T09:11:00.516Z,2026-01-21T09:11:03.521Z,2026-01-21T09:11:16.608Z,2026-01-21T09:12:23.605Z,66997,2026-01-21T09:12:25.010Z
880,a5b45697-5b3c-4de9-89df-ceb76b2b1dc4,C,main,2,1,8,audio,bea43be3-0c27-41c2-9260-491f7c9a51cc,5,3,3,5,6,5,3,4,"丁寧な
信頼できる
柔軟な",2026-01-21T09:09:25.504Z,2026-01-21T09:09:35.602Z,2026-01-21T09:09:37.215Z,2026-01-21T09:12:37.314Z,180099,2026-01-21T09:12:37.766Z
881,c73f0ef6-1181-4bea-b95a-0b1312946da8,D,main,4,2,8,audio,75a922c6-148a-4f80-a23f-5a7418a9325a,3,3,2,6,5,4,6,6,"上ずっている
可愛くない
暗い",2026-01-21T09:10:34.685Z,2026-01-21T09:10:42.046Z,2026-01-21T09:10:48.240Z,2026-01-21T09:12:37.768Z,109528,2026-01-21T09:12:38.017Z
882,f861e947-8525-49ec-a085-1556e5fe8c1d,D,main,1,1,3,image,,5,5,3,5,5,5,2,2,"落ち着いている
穏やか
安定している",2026-01-21T09:11:12.053Z,2026-01-21T09:11:15.055Z,2026-01-21T09:11:29.808Z,2026-01-21T09:12:46.289Z,76481,2026-01-21T09:12:46.819Z
883,569236ce-3e08-44c3-9565-8a801059bc49,C,main,3,2,8,image,,5,4,5,3,5,4,2,4,"はきはきとしている,エネルギッシュな,自信に満ち溢れた",2026-01-21T09:11:48.321Z,2026-01-21T09:11:51.322Z,2026-01-21T09:11:59.224Z,2026-01-21T09:13:00.804Z,61580,2026-01-21T09:12:59.968Z
884,ca33f115-ca19-4d26-a81d-732b925bb164,D,main,2,1,8,image,,3,3,3,5,5,5,2,2,"低い,暗い,ゆったり",2026-01-21T09:12:23.630Z,2026-01-21T09:12:26.631Z,2026-01-21T09:12:30.954Z,2026-01-21T09:13:03.079Z,32125,2026-01-21T09:13:02.917Z
885,cb4694fe-b617-4631-9259-6dd6852a7b67,C,main,3,2,6,image,,5,3,3,5,5,5,4,4,ハキハキとしている，聞き取りやすい，落ち着いている,2026-01-21T09:12:18.091Z,2026-01-21T09:12:21.095Z,2026-01-21T09:12:24.149Z,2026-01-21T09:13:07.388Z,43239,2026-01-21T09:13:07.638Z
886,70d89c7d-8e2c-4af5-b9b3-29d58c20edac,D,main,4,2,3,audio,92357244-5bc3-41de-8389-08dd235fcd0b,4,4,4,4,5,5,4,4,"子供っぽい
ハスキーな
不思議な",2026-01-21T09:12:09.259Z,2026-01-21T09:12:15.227Z,2026-01-21T09:12:35.475Z,2026-01-21T09:13:11.579Z,36104,2026-01-21T09:13:11.444Z
887,f861e947-8525-49ec-a085-1556e5fe8c1d,D,main,2,1,6,image,,5,6,3,5,5,5,1,2,"親しみやすい
聞き取りやすい
落ち着いている",2026-01-21T09:12:46.792Z,2026-01-21T09:12:49.795Z,2026-01-21T09:12:54.171Z,2026-01-21T09:13:29.020Z,34849,2026-01-21T09:13:29.531Z
888,cb4694fe-b617-4631-9259-6dd6852a7b67,C,main,4,2,1,image,,4,3,3,5,5,5,3,3,ハキハキとしている，聞き取りやすい，落ち着いている,2026-01-21T09:13:07.656Z,2026-01-21T09:13:10.661Z,2026-01-21T09:13:14.090Z,2026-01-21T09:13:45.030Z,30940,2026-01-21T09:13:45.298Z
889,569236ce-3e08-44c3-9565-8a801059bc49,C,main,4,2,3,image,,5,6,2,6,5,5,2,3,"分かりやすい,自信に満ち溢れた,伝わりやすい",2026-01-21T09:13:00.834Z,2026-01-21T09:13:03.834Z,2026-01-21T09:13:06.170Z,2026-01-21T09:14:07.118Z,60948,2026-01-21T09:14:06.285Z
890,4236f643-0aee-4f0d-a74d-fda3e11969a4,D,main,3,2,1,audio,7e3d8a3f-69b2-4135-b0e7-e72ba0ce82a2,1,1,7,1,1,1,1,7,"ハキハキしていない
滑舌が悪い
全体的に締まり感がない",2026-01-21T09:13:14.092Z,2026-01-21T09:13:19.209Z,2026-01-21T09:13:20.065Z,2026-01-21T09:14:14.252Z,54187,2026-01-21T09:14:14.420Z
891,f861e947-8525-49ec-a085-1556e5fe8c1d,D,main,3,2,3,audio,e0c81a51-d219-49dc-ad6b-b734ad915c16,5,5,2,6,5,5,1,2,"落ち着いている
親しみやすい
ゆっくり",2026-01-21T09:14:15.771Z,2026-01-21T09:14:20.868Z,2026-01-21T09:14:22.536Z,2026-01-21T09:14:59.786Z,37250,2026-01-21T09:15:00.344Z
892,c7278530-baaf-4739-8675-814d8954bb33,B,main,3,2,5,image,,4,3,3,5,4,4,3,3,"強い

優しい

温かい
",2026-01-21T09:13:43.445Z,2026-01-21T09:13:46.450Z,2026-01-21T09:13:57.657Z,2026-01-21T09:15:03.583Z,65926,2026-01-21T09:15:04.971Z
893,4236f643-0aee-4f0d-a74d-fda3e11969a4,D,main,4,2,6,audio,c9fa4afc-b409-4386-9785-22189b64e366,1,1,7,1,1,1,1,7,"文末につれ言葉が縺れる
滑舌が悪い
変",2026-01-21T09:14:15.598Z,2026-01-21T09:14:18.918Z,2026-01-21T09:14:20.206Z,2026-01-21T09:15:11.161Z,50955,2026-01-21T09:15:11.293Z
894,ca33f115-ca19-4d26-a81d-732b925bb164,D,main,3,2,4,audio,a0aa952a-3343-47fd-8b4e-505a4ecfec95,3,4,2,6,5,5,2,2,"低い,聞きやすい,ゆったり",2026-01-21T09:14:15.627Z,2026-01-21T09:14:20.990Z,2026-01-21T09:14:21.695Z,2026-01-21T09:15:23.098Z,61403,2026-01-21T09:15:22.943Z
895,f861e947-8525-49ec-a085-1556e5fe8c1d,D,main,4,2,6,audio,17ec4069-104e-4532-80c7-a0707dce3ea4,5,5,2,6,5,6,2,2,"落ち着いている
聞きやすい
ゆっくり",2026-01-21T09:15:01.503Z,2026-01-21T09:15:07.104Z,2026-01-21T09:15:08.337Z,2026-01-21T09:15:29.672Z,21335,2026-01-21T09:15:29.799Z
896,b0cd3097-4709-4d0e-92f9-85fa754056c8,D,main,3,2,2,audio,425a4b47-4844-4017-9e0b-39898524b2b6,5,4,3,5,5,5,2,3,"平凡
安心
通常",2026-01-21T09:12:26.847Z,2026-01-21T09:12:32.640Z,2026-01-21T09:12:33.646Z,2026-01-21T09:15:41.492Z,187846,2026-01-21T09:15:39.856Z
897,4e95161e-a681-40d3-8ac0-f7a6b1066b13,C,main,2,1,5,audio,a289a8fe-5f66-4b95-a636-7b0e57c27acb,2,3,3,5,5,6,6,3,"聞こえづらい
低い
遅い",2026-01-21T09:14:33.764Z,2026-01-21T09:14:41.484Z,2026-01-21T09:14:42.801Z,2026-01-21T09:15:49.786Z,66985,2026-01-21T09:15:49.984Z
898,ca33f115-ca19-4d26-a81d-732b925bb164,D,main,4,2,8,audio,884126ef-da45-4144-9d4b-0a6be289fde3,2,2,3,5,3,3,2,3,"大きい,ゆったり,低い",2026-01-21T09:15:24.436Z,2026-01-21T09:15:30.142Z,2026-01-21T09:15:30.690Z,2026-01-21T09:16:01.065Z,30375,2026-01-21T09:16:00.913Z
899,c7278530-baaf-4739-8675-814d8954bb33,B,main,4,2,3,image,,4,4,4,4,5,5,4,3,"弱い

温かい

優しい",2026-01-21T09:15:03.819Z,2026-01-21T09:15:06.821Z,2026-01-21T09:15:25.253Z,2026-01-21T09:16:35.278Z,70025,2026-01-21T09:16:36.788Z
900,b0cd3097-4709-4d0e-92f9-85fa754056c8,D,main,4,2,1,audio,f5fbe3c8-fa67-4d04-a92e-425881bd9821,4,4,3,5,6,5,2,3,"平凡
不慣れ
冷静",2026-01-21T09:15:43.501Z,2026-01-21T09:15:50.290Z,2026-01-21T09:15:50.805Z,2026-01-21T09:17:02.548Z,71743,2026-01-21T09:17:00.673Z
901,4e95161e-a681-40d3-8ac0-f7a6b1066b13,C,main,3,2,5,image,,4,4,4,4,6,6,2,3,"遅い
聞こえづらい
不快",2026-01-21T09:16:38.825Z,2026-01-21T09:16:41.829Z,2026-01-21T09:16:45.972Z,2026-01-21T09:17:36.475Z,50503,2026-01-21T09:17:36.658Z
902,9d2195fa-ee8c-4dae-8d60-53df98a751e4,D,main,1,1,5,image,,4,4,4,4,3,3,5,5,"籠った
くぐもった
不可思議",2026-01-21T09:14:12.050Z,2026-01-21T09:14:15.052Z,2026-01-21T09:14:23.842Z,2026-01-21T09:17:43.330Z,199488,2026-01-21T09:17:44.006Z
903,2d42b5c6-6a8e-42df-8fb1-9a1607334696,C,main,1,1,7,audio,d5037440-93ac-45b7-9334-f99ccd52ff83,3,4,2,6,4,3,2,3,"こもっている,滑舌,普通の速度",2026-01-21T09:21:27.280Z,2026-01-21T09:21:31.958Z,2026-01-21T09:21:32.698Z,2026-01-21T09:23:03.717Z,91019,2026-01-21T09:17:51.040Z
904,4e95161e-a681-40d3-8ac0-f7a6b1066b13,C,main,4,2,1,image,,4,4,4,4,7,6,4,4,"遅い
聞き取りづらい
不快",2026-01-21T09:17:36.627Z,2026-01-21T09:17:39.630Z,2026-01-21T09:17:43.027Z,2026-01-21T09:18:32.517Z,49490,2026-01-21T09:18:32.752Z
905,c3272139-974b-4df7-b175-bbc4fc8edab4,C,main,1,1,6,audio,0ad81695-525f-44d9-9d52-6ff9556510f9,2,3,6,2,2,4,1,1,"声が軽い、
自分のおもっいてるより弱い、
もっと低音だと思っているので声が薄い
",2026-01-21T09:11:57.487Z,2026-01-21T09:12:04.138Z,2026-01-21T09:12:07.124Z,2026-01-21T09:18:36.571Z,389447,2026-01-21T09:18:54.200Z
906,e1086f39-3bb7-49cd-9c3d-1655e9360d64,A,main,1,1,3,audio,8e4bca72-74d6-4bff-b60e-0a827681a3f8,3,3,4,4,5,4,4,3,"落ち着き
感情がない
普通",2026-01-21T09:17:41.596Z,2026-01-21T09:17:47.656Z,2026-01-21T09:17:49.713Z,2026-01-21T09:19:15.721Z,86008,2026-01-21T09:19:15.908Z
907,2d42b5c6-6a8e-42df-8fb1-9a1607334696,C,main,2,1,2,audio,63576243-ed0f-4299-9c44-e5d3380aee41,4,4,2,6,4,3,1,1,"緊張,普通の速度,滑舌",2026-01-21T09:23:05.433Z,2026-01-21T09:23:10.454Z,2026-01-21T09:23:11.082Z,2026-01-21T09:24:32.854Z,81772,2026-01-21T09:19:20.181Z
908,e1914db5-9265-4041-a301-84e704a52829,B,main,1,1,1,image,,5,5,5,3,6,6,1,1,"穏やかな声
落ち着いた声
考えながら話す",2026-01-21T09:15:43.245Z,2026-01-21T09:15:46.247Z,2026-01-21T09:16:15.484Z,2026-01-21T09:19:37.387Z,201903,2026-01-21T09:19:36.891Z
909,4e1c0e2c-0250-4f93-9224-338fda794fb2,D,main,1,1,5,image,,1,1,5,3,6,4,1,1,"こもった
かすれた
くらい。",2026-01-21T09:18:09.871Z,2026-01-21T09:18:12.874Z,2026-01-21T09:18:25.163Z,2026-01-21T09:19:51.338Z,86175,2026-01-21T09:19:51.161Z
910,a5b45697-5b3c-4de9-89df-ceb76b2b1dc4,C,main,3,2,8,image,,5,5,2,6,4,4,2,3,"落ち着いた
聞き取りやすい
自然な",2026-01-21T09:15:09.661Z,2026-01-21T09:15:12.669Z,2026-01-21T09:15:35.649Z,2026-01-21T09:20:09.392Z,273743,2026-01-21T09:20:10.256Z
911,e1086f39-3bb7-49cd-9c3d-1655e9360d64,A,main,2,1,1,audio,d1514fd9-ee57-4fa8-b38b-eadc8902cb14,3,3,3,5,5,4,5,3,"感情がない
ゆっくり
普通",2026-01-21T09:19:18.166Z,2026-01-21T09:19:25.702Z,2026-01-21T09:19:32.184Z,2026-01-21T09:20:34.305Z,62121,2026-01-21T09:20:34.468Z
912,4e1c0e2c-0250-4f93-9224-338fda794fb2,D,main,2,1,4,image,,2,2,6,2,5,2,2,2,"こもる
すかれ
くらい",2026-01-21T09:19:51.471Z,2026-01-21T09:19:54.472Z,2026-01-21T09:20:00.410Z,2026-01-21T09:20:44.167Z,43757,2026-01-21T09:20:43.964Z
913,a4837d7f-3a50-46fe-af9c-172b68dcd011,D,main,4,2,5,audio,5b7690e1-2606-480a-ba08-05d79bb0553c,5,5,2,6,7,7,1,1,"自分っぽい,作り声でない,聞き慣れた",2026-01-21T09:06:44.781Z,2026-01-21T09:06:50.448Z,2026-01-21T09:07:03.425Z,2026-01-21T09:21:14.381Z,850956,2026-01-21T09:21:12.908Z
914,c3272139-974b-4df7-b175-bbc4fc8edab4,C,main,2,1,4,audio,1f9dd183-0208-4932-80f2-34162382bb6d,1,1,7,1,2,5,6,6,"声が弱く聞き取りずらい
もっと低音だと思っていたので軽い
子供っぽい声に聞こえる",2026-01-21T09:18:42.591Z,2026-01-21T09:18:48.898Z,2026-01-21T09:18:52.288Z,2026-01-21T09:21:07.858Z,135570,2026-01-21T09:21:25.495Z
915,493a3351-5d19-4968-9fd4-b60a23f38581,C,main,1,1,2,audio,c26314c3-3422-4650-9efe-c7308b5e4586,4,3,3,5,2,3,6,6,不気味，気まずい，不安,2026-01-21T09:20:13.867Z,2026-01-21T09:20:20.416Z,2026-01-21T09:20:32.203Z,2026-01-21T09:21:27.382Z,55179,2026-01-21T09:21:25.985Z
916,9d2195fa-ee8c-4dae-8d60-53df98a751e4,D,main,2,1,6,image,,4,4,3,5,3,3,4,5,"意外な
予想外
異なる何か",2026-01-21T09:17:43.542Z,2026-01-21T09:17:46.544Z,2026-01-21T09:17:52.626Z,2026-01-21T09:21:58.523Z,245897,2026-01-21T09:21:59.204Z
917,e1914db5-9265-4041-a301-84e704a52829,B,main,2,1,5,image,,5,5,2,6,6,6,1,1,"穏やかな声
落ち着いた話し方
ゆっくり話す",2026-01-21T09:19:37.526Z,2026-01-21T09:19:40.527Z,2026-01-21T09:19:46.906Z,2026-01-21T09:22:00.026Z,133120,2026-01-21T09:21:59.522Z
918,2d42b5c6-6a8e-42df-8fb1-9a1607334696,C,main,3,2,2,image,,4,1,1,7,3,3,1,2,"ゆっくりの速度,滑舌が良い,こもっていない",2026-01-21T09:25:36.943Z,2026-01-21T09:25:39.947Z,2026-01-21T09:25:47.705Z,2026-01-21T09:27:23.795Z,96090,2026-01-21T09:22:11.105Z
919,4e1c0e2c-0250-4f93-9224-338fda794fb2,D,main,3,2,4,audio,3a39dd79-7584-45c8-8ff2-0d371f88547d,2,2,6,2,6,6,5,6,"こもる
すかれ
くらい",2026-01-21T09:21:37.094Z,2026-01-21T09:21:45.704Z,2026-01-21T09:21:46.485Z,2026-01-21T09:22:25.695Z,39210,2026-01-21T09:22:25.451Z
920,493a3351-5d19-4968-9fd4-b60a23f38581,C,main,2,1,7,audio,8ccdc09b-b2f8-4859-a352-c91e99f49bc9,2,2,5,3,2,2,5,6,嫌味，不気味，のろい,2026-01-21T09:21:30.221Z,2026-01-21T09:21:36.959Z,2026-01-21T09:21:38.401Z,2026-01-21T09:22:36.866Z,58465,2026-01-21T09:22:35.465Z
921,a5b45697-5b3c-4de9-89df-ceb76b2b1dc4,C,main,4,2,6,image,,5,5,2,6,4,4,3,3,"独創的
個性的
挑戦的",2026-01-21T09:20:10.405Z,2026-01-21T09:20:13.414Z,2026-01-21T09:20:17.485Z,2026-01-21T09:22:40.069Z,142584,2026-01-21T09:22:40.564Z
922,a9385346-340b-4e3a-8435-a4666e7430b7,C,main,1,1,8,audio,a68c4d35-a171-4cc4-94a3-21e31c290624,3,4,4,4,5,3,4,4,"暗い,静かな,恐ろしい,",2026-01-21T09:20:34.513Z,2026-01-21T09:20:40.643Z,2026-01-21T09:20:41.784Z,2026-01-21T09:22:40.720Z,118936,2026-01-21T09:22:40.968Z
923,e1086f39-3bb7-49cd-9c3d-1655e9360d64,A,main,3,2,3,audio,8e4bca72-74d6-4bff-b60e-0a827681a3f8,3,3,5,3,4,4,5,6,"音が悪い
感情がない
ぶっきらぼう",2026-01-21T09:21:46.506Z,2026-01-21T09:21:52.557Z,2026-01-21T09:21:53.573Z,2026-01-21T09:22:50.560Z,56987,2026-01-21T09:22:50.713Z
924,2d42b5c6-6a8e-42df-8fb1-9a1607334696,C,main,4,2,7,image,,4,1,1,7,3,3,1,1,"ゆっくりの速度,スムーズ,クリア",2026-01-21T09:27:24.022Z,2026-01-21T09:27:27.026Z,2026-01-21T09:27:33.727Z,2026-01-21T09:28:13.230Z,39503,2026-01-21T09:23:00.541Z
926,4e1c0e2c-0250-4f93-9224-338fda794fb2,D,main,4,2,5,audio,8710f746-72a1-4bf6-9547-01f407e697ca,2,2,6,2,6,5,5,2,"くらい
こもる
かすれる",2026-01-21T09:22:27.643Z,2026-01-21T09:22:37.194Z,2026-01-21T09:22:37.740Z,2026-01-21T09:23:12.973Z,35233,2026-01-21T09:23:12.805Z
927,e1086f39-3bb7-49cd-9c3d-1655e9360d64,A,main,4,2,1,audio,d1514fd9-ee57-4fa8-b38b-eadc8902cb14,3,4,5,3,5,4,4,4,"感情がない
違和感
普通",2026-01-21T09:22:52.458Z,2026-01-21T09:22:59.996Z,2026-01-21T09:23:01.175Z,2026-01-21T09:23:51.541Z,50366,2026-01-21T09:23:51.712Z
928,ba6b3d57-3ca3-4096-b5bc-0f38ae9be0c3,D,main,1,1,2,image,,3,4,3,5,2,4,3,5,"甘い
早い
キモい
らしくない",2026-01-21T09:19:54.576Z,2026-01-21T09:19:57.578Z,2026-01-21T09:20:09.921Z,2026-01-21T09:24:00.502Z,230581,2026-01-21T09:24:00.560Z
929,a9385346-340b-4e3a-8435-a4666e7430b7,C,main,2,1,5,audio,6723c790-3049-4e7f-bfcb-8856889da1d9,4,5,3,5,6,4,3,4,"すずしい,暗い,さむざむしい,",2026-01-21T09:22:43.121Z,2026-01-21T09:22:51.130Z,2026-01-21T09:22:54.689Z,2026-01-21T09:24:17.559Z,82870,2026-01-21T09:24:17.688Z
931,8c337680-85a5-43ed-8147-c4764e70b11b,C,main,1,1,3,audio,7e02c154-95de-4190-a1a7-2dbd710af5c7,5,4,2,6,6,5,1,2,"低音
少し暗い
大人",2026-01-21T09:20:46.211Z,2026-01-21T09:20:50.824Z,2026-01-21T09:20:56.228Z,2026-01-21T09:25:02.054Z,245826,2026-01-21T09:25:01.034Z
932,493a3351-5d19-4968-9fd4-b60a23f38581,C,main,3,2,2,image,,3,2,3,5,3,2,5,6,重たい，不気味，硬い,2026-01-21T09:23:24.974Z,2026-01-21T09:23:27.974Z,2026-01-21T09:23:36.251Z,2026-01-21T09:25:06.079Z,89828,2026-01-21T09:25:04.663Z
933,493a3351-5d19-4968-9fd4-b60a23f38581,C,main,4,2,7,image,,3,2,2,6,3,2,6,6,重い，硬い，嫌味,2026-01-21T09:25:06.127Z,2026-01-21T09:25:09.128Z,2026-01-21T09:25:13.484Z,2026-01-21T09:25:46.687Z,33203,2026-01-21T09:25:45.268Z
934,ba6b3d57-3ca3-4096-b5bc-0f38ae9be0c3,D,main,2,1,1,image,,4,3,3,5,2,2,2,4,"強い
甘い
ぶっきらぼう
",2026-01-21T09:24:01.111Z,2026-01-21T09:24:04.119Z,2026-01-21T09:24:23.114Z,2026-01-21T09:26:01.204Z,98090,2026-01-21T09:26:01.230Z
935,ed4d06f6-a349-4448-a8f0-55923f1fafcd,D,main,3,2,2,audio,0783523a-90b7-4a6a-bc06-b46ba32d2875,4,3,5,3,5,6,5,6,"親しみやすい
単調な
しぶい",2026-01-21T09:22:06.759Z,2026-01-21T09:22:12.125Z,2026-01-21T09:22:14.359Z,2026-01-21T09:26:12.708Z,238349,2026-01-21T09:26:12.407Z
936,c3272139-974b-4df7-b175-bbc4fc8edab4,C,main,3,2,6,image,,5,5,1,7,6,5,1,1,"低音で、
落ち着いて話してる、
自分らしい力強い声だった
",2026-01-21T09:23:35.132Z,2026-01-21T09:23:38.134Z,2026-01-21T09:23:56.186Z,2026-01-21T09:26:16.656Z,140470,2026-01-21T09:26:34.314Z
937,a9385346-340b-4e3a-8435-a4666e7430b7,C,main,3,2,5,image,,3,3,3,5,6,5,5,4,"おもしろい,暗い,すずしい,",2026-01-21T09:25:30.602Z,2026-01-21T09:25:33.604Z,2026-01-21T09:25:41.855Z,2026-01-21T09:26:38.303Z,56448,2026-01-21T09:26:38.417Z
938,ad47027a-1d1e-438e-8438-6cead8903e7f,D,main,1,1,3,image,,3,3,2,6,6,5,2,3,"親しみ
男らしさ
誇らしい
",2026-01-21T09:25:16.324Z,2026-01-21T09:25:19.325Z,2026-01-21T09:25:24.035Z,2026-01-21T09:26:43.595Z,79560,2026-01-21T09:26:43.879Z
940,8c337680-85a5-43ed-8147-c4764e70b11b,C,main,2,1,2,audio,334b9102-3d01-4c07-ab29-2b541b596bda,4,4,3,5,5,6,1,5,"方言
なまり
渋い",2026-01-21T09:25:08.147Z,2026-01-21T09:25:14.874Z,2026-01-21T09:25:18.517Z,2026-01-21T09:27:21.948Z,123431,2026-01-21T09:27:20.922Z
941,2cb8be9a-9047-4ae3-a18c-3d90eb6c363a,D,main,1,1,5,image,,5,5,2,6,5,4,4,5,"落ち着いた
低い
安定した",2026-01-21T09:25:38.883Z,2026-01-21T09:25:41.889Z,2026-01-21T09:25:52.635Z,2026-01-21T09:27:40.963Z,108328,2026-01-21T09:27:40.746Z
942,ed4d06f6-a349-4448-a8f0-55923f1fafcd,D,main,4,2,5,audio,a7222040-f376-4ce4-aa71-b3d3d6ab6fb6,2,6,6,2,3,4,6,6,"こもっている
しめっぽい
愛想がない",2026-01-21T09:26:15.360Z,2026-01-21T09:26:21.595Z,2026-01-21T09:26:25.232Z,2026-01-21T09:27:41.515Z,76283,2026-01-21T09:27:41.178Z
943,a9385346-340b-4e3a-8435-a4666e7430b7,C,main,4,2,8,image,,3,4,5,3,6,4,5,4,"間違い,おかしい,低い,",2026-01-21T09:26:38.350Z,2026-01-21T09:26:41.352Z,2026-01-21T09:26:44.871Z,2026-01-21T09:27:52.974Z,68103,2026-01-21T09:27:53.090Z
944,ad47027a-1d1e-438e-8438-6cead8903e7f,D,main,2,1,5,image,,2,4,2,6,6,5,3,6,"よそよそしい
優しい
重々しい",2026-01-21T09:26:43.657Z,2026-01-21T09:26:46.657Z,2026-01-21T09:26:49.011Z,2026-01-21T09:28:12.267Z,83256,2026-01-21T09:28:12.548Z
945,c206cc52-3e53-40b9-8d2a-f444ece388e4,C,main,1,1,4,audio,e6825db9-5dea-4066-a8dc-592995e96bac,1,5,5,3,7,5,4,4,"おどおど,緊張,よそゆき",2026-01-21T09:26:53.566Z,2026-01-21T09:27:01.067Z,2026-01-21T09:27:02.496Z,2026-01-21T09:28:28.066Z,85570,2026-01-21T09:28:28.554Z
946,c3272139-974b-4df7-b175-bbc4fc8edab4,C,main,4,2,4,image,,5,6,1,7,6,6,1,1,"落ち着いていてよく聞こえた、
アクセントもよく声が柔らかく、
落ち着いていた声だった",2026-01-21T09:26:16.759Z,2026-01-21T09:26:19.760Z,2026-01-21T09:26:25.661Z,2026-01-21T09:28:20.227Z,114566,2026-01-21T09:28:37.812Z
947,2cb8be9a-9047-4ae3-a18c-3d90eb6c363a,D,main,2,1,8,image,,4,4,2,6,3,3,4,4,"やや高い
驚き
不安",2026-01-21T09:27:41.154Z,2026-01-21T09:27:44.157Z,2026-01-21T09:27:51.010Z,2026-01-21T09:28:51.530Z,60520,2026-01-21T09:28:51.171Z
948,beb83608-6229-478b-9a75-39ceea03b1f7,D,main,1,1,5,image,,4,4,4,4,4,4,4,4,"	•	丁寧な
	•	分かりやすい
	•	良心的な",2026-01-21T09:27:35.928Z,2026-01-21T09:27:38.930Z,2026-01-21T09:27:45.053Z,2026-01-21T09:29:04.848Z,79795,2026-01-21T09:29:05.009Z
949,e0b1776f-0c58-4f3a-87dd-2c2264d5afea,B,main,1,1,7,image,,2,3,3,5,3,2,3,2,"発音が悪い
滑舌が悪い
暗い
鈍い",2026-01-21T09:24:37.203Z,2026-01-21T09:24:40.246Z,2026-01-21T09:25:02.175Z,2026-01-21T09:29:18.483Z,256308,2026-01-21T09:29:19.134Z
950,45d6ceff-0faa-4c12-b90b-30cfcef7fe04,C,main,1,1,1,audio,8e15529c-78fa-435e-8fdc-a2eb8d14ec90,4,4,3,5,5,4,4,4,"優しい
地味
落ち着いている
",2026-01-21T09:24:51.595Z,2026-01-21T09:25:01.647Z,2026-01-21T09:25:03.042Z,2026-01-21T09:29:25.553Z,262511,2026-01-21T09:29:25.602Z
951,e1914db5-9265-4041-a301-84e704a52829,B,main,3,2,5,image,,5,5,2,6,6,6,1,1,"淡々とした声
はっきりとした声
落ち着いた声",2026-01-21T09:27:04.231Z,2026-01-21T09:27:07.233Z,2026-01-21T09:27:30.912Z,2026-01-21T09:29:38.721Z,127809,2026-01-21T09:29:38.243Z
952,c206cc52-3e53-40b9-8d2a-f444ece388e4,C,main,2,1,1,audio,464e8ec9-be36-464d-b665-2a9b5900e816,5,3,5,3,7,5,4,5,"ペチャペチャ,おそるおそる,丁寧",2026-01-21T09:28:31.163Z,2026-01-21T09:28:38.399Z,2026-01-21T09:28:39.710Z,2026-01-21T09:29:46.977Z,67267,2026-01-21T09:29:47.416Z
953,beb83608-6229-478b-9a75-39ceea03b1f7,D,main,2,1,4,image,,4,4,4,4,4,4,4,4,"	•	丁寧な
	•	分かりやすい
	•	良心的な",2026-01-21T09:29:05.035Z,2026-01-21T09:29:08.037Z,2026-01-21T09:29:10.927Z,2026-01-21T09:29:49.709Z,38782,2026-01-21T09:29:49.837Z
954,5956d859-65f4-4ad9-89cc-354015c1da6e,D,main,1,1,6,image,,5,4,3,5,4,5,2,2,"落ち着いた
軽い
なめらかな",2026-01-21T09:29:10.406Z,2026-01-21T09:29:13.407Z,2026-01-21T09:29:16.692Z,2026-01-21T09:30:25.382Z,68690,2026-01-21T09:30:25.866Z
955,ba6b3d57-3ca3-4096-b5bc-0f38ae9be0c3,D,main,3,2,1,audio,a3270457-239d-4298-8822-c38de877ff23,3,4,3,5,3,2,1,2,"こもっている
甘い
強い",2026-01-21T09:29:25.236Z,2026-01-21T09:29:35.342Z,2026-01-21T09:29:36.339Z,2026-01-21T09:30:54.966Z,78627,2026-01-21T09:30:54.970Z
956,e0b1776f-0c58-4f3a-87dd-2c2264d5afea,B,main,2,1,3,image,,3,2,2,6,3,3,3,3,"声が小さい
暗い
はっきりしない",2026-01-21T09:29:19.627Z,2026-01-21T09:29:22.630Z,2026-01-21T09:29:27.088Z,2026-01-21T09:31:11.495Z,104407,2026-01-21T09:31:11.225Z
957,a6c010dd-5247-4a4b-90d0-dee6e14d50f0,D,main,1,1,8,image,,4,4,3,5,5,5,4,4,"かわいい
おしゃれ
ぶりっこ",2026-01-21T09:28:44.475Z,2026-01-21T09:28:47.477Z,2026-01-21T09:29:08.835Z,2026-01-21T09:31:20.851Z,132016,2026-01-21T09:31:20.950Z
958,ad47027a-1d1e-438e-8438-6cead8903e7f,D,main,3,2,5,audio,576fcfcf-4fe2-4491-85e9-f447814030ad,2,3,2,6,5,6,5,2,"おどおどしい
聞き取りにくさ
忠実さ",2026-01-21T09:30:02.339Z,2026-01-21T09:30:10.162Z,2026-01-21T09:30:11.603Z,2026-01-21T09:31:24.451Z,72848,2026-01-21T09:31:24.748Z
959,8c337680-85a5-43ed-8147-c4764e70b11b,C,main,3,2,2,image,,6,5,2,6,7,7,1,1,"低い
綺麗な声
かすれた感じ",2026-01-21T09:29:29.545Z,2026-01-21T09:29:32.547Z,2026-01-21T09:29:54.390Z,2026-01-21T09:31:27.227Z,92837,2026-01-21T09:31:26.057Z
960,5956d859-65f4-4ad9-89cc-354015c1da6e,D,main,2,1,5,image,,4,4,3,5,5,5,2,2,"なめらか
自然な
落ち着いた",2026-01-21T09:30:25.417Z,2026-01-21T09:30:28.418Z,2026-01-21T09:30:31.142Z,2026-01-21T09:31:28.353Z,57211,2026-01-21T09:31:28.833Z
961,e1914db5-9265-4041-a301-84e704a52829,B,main,4,2,1,image,,5,5,2,6,7,6,1,1,"普段の会話のような落ち着いた自然な声。
はっきりとした声。
ゆっくりとした声。",2026-01-21T09:29:38.871Z,2026-01-21T09:29:41.882Z,2026-01-21T09:30:00.416Z,2026-01-21T09:31:36.439Z,96023,2026-01-21T09:31:35.852Z
962,beb83608-6229-478b-9a75-39ceea03b1f7,D,main,3,2,5,audio,fafd01a5-3a5c-4ecc-9c6f-5ef932786746,4,4,4,4,4,4,4,4,"	•	丁寧な
	•	分かりやすい
	•	良心的な",2026-01-21T09:30:54.265Z,2026-01-21T09:31:04.418Z,2026-01-21T09:31:07.119Z,2026-01-21T09:31:37.298Z,30179,2026-01-21T09:31:37.448Z
963,c206cc52-3e53-40b9-8d2a-f444ece388e4,C,main,3,2,1,image,,4,4,5,3,6,5,4,4,"慣れ,補正,丁寧",2026-01-21T09:30:54.769Z,2026-01-21T09:30:57.892Z,2026-01-21T09:31:05.524Z,2026-01-21T09:31:52.839Z,47315,2026-01-21T09:31:53.342Z
964,2cb8be9a-9047-4ae3-a18c-3d90eb6c363a,D,main,3,2,5,audio,d9feb89a-6f33-4102-a8d4-6dfde0218705,4,5,3,5,3,3,3,3,"甘えた
細々した
丸まった",2026-01-21T09:30:51.586Z,2026-01-21T09:31:00.791Z,2026-01-21T09:31:02.082Z,2026-01-21T09:31:55.682Z,53600,2026-01-21T09:31:55.316Z
965,a6c010dd-5247-4a4b-90d0-dee6e14d50f0,D,main,2,1,2,image,,5,5,3,5,5,5,4,4,"しっかりした
はっきり
はきはき",2026-01-21T09:31:20.973Z,2026-01-21T09:31:23.974Z,2026-01-21T09:31:41.206Z,2026-01-21T09:32:16.703Z,35497,2026-01-21T09:32:16.722Z
966,ba6b3d57-3ca3-4096-b5bc-0f38ae9be0c3,D,main,4,2,2,audio,11ab9882-75ab-4fc3-a15a-bb2b845f3b98,3,3,3,5,2,2,1,2,"暗い
ハッキリ
甘い",2026-01-21T09:30:58.004Z,2026-01-21T09:31:08.004Z,2026-01-21T09:31:10.401Z,2026-01-21T09:32:22.711Z,72310,2026-01-21T09:32:22.729Z
967,beb83608-6229-478b-9a75-39ceea03b1f7,D,main,4,2,4,audio,59a35872-f4c9-4d2b-bce9-6c29d5b7ff8a,4,4,4,4,4,4,4,4,"	•	丁寧な
	•	分かりやすい
	•	良心的な",2026-01-21T09:31:39.565Z,2026-01-21T09:31:49.720Z,2026-01-21T09:32:02.319Z,2026-01-21T09:32:27.118Z,24799,2026-01-21T09:32:27.259Z
968,ad47027a-1d1e-438e-8438-6cead8903e7f,D,main,4,2,3,audio,e2882bd7-4c03-485f-93ba-73f893495215,4,5,2,6,6,7,2,2,"素直さ
よそよそしい
自分らしい",2026-01-21T09:31:26.283Z,2026-01-21T09:31:33.621Z,2026-01-21T09:31:34.411Z,2026-01-21T09:32:31.971Z,57560,2026-01-21T09:32:32.254Z
969,c206cc52-3e53-40b9-8d2a-f444ece388e4,C,main,4,2,4,image,,5,5,4,4,6,6,3,4,"ゆっくり,小さい,リラックス",2026-01-21T09:31:53.426Z,2026-01-21T09:31:56.429Z,2026-01-21T09:31:58.722Z,2026-01-21T09:33:10.241Z,71519,2026-01-21T09:33:10.704Z
970,2cb8be9a-9047-4ae3-a18c-3d90eb6c363a,D,main,4,2,8,audio,aef68728-8da1-490e-acbd-ddada8060716,4,5,4,4,4,4,4,3,"はっきりしない
丸まった
もごもごした",2026-01-21T09:31:58.322Z,2026-01-21T09:32:06.761Z,2026-01-21T09:32:08.402Z,2026-01-21T09:33:13.761Z,65359,2026-01-21T09:33:13.404Z
971,fc7ab572-23ec-4694-b2de-0c0de9d3eb5b,D,main,1,1,2,image,,4,5,1,7,3,4,3,2,"声優
イケボ
安心感",2026-01-21T09:32:22.790Z,2026-01-21T09:32:25.794Z,2026-01-21T09:32:33.214Z,2026-01-21T09:33:17.707Z,44493,2026-01-21T09:33:17.821Z
972,8c337680-85a5-43ed-8147-c4764e70b11b,C,main,4,2,3,image,,7,6,1,7,7,7,1,1,"落ち着いた
滑らか
迷いがない",2026-01-21T09:31:27.271Z,2026-01-21T09:31:30.272Z,2026-01-21T09:31:46.099Z,2026-01-21T09:33:31.638Z,105539,2026-01-21T09:33:30.468Z
973,5956d859-65f4-4ad9-89cc-354015c1da6e,D,main,3,2,6,audio,e5af987a-ed21-44f7-839e-91ff1694965f,2,2,2,6,4,3,6,6,"不気味な
鼻にかかった
若作りした",2026-01-21T09:32:45.800Z,2026-01-21T09:32:49.554Z,2026-01-21T09:32:51.277Z,2026-01-21T09:33:55.467Z,64190,2026-01-21T09:33:55.947Z
974,fc7ab572-23ec-4694-b2de-0c0de9d3eb5b,D,main,2,1,3,image,,5,5,2,6,3,3,2,4,"作り込み
演技
渋さ",2026-01-21T09:33:17.828Z,2026-01-21T09:33:20.830Z,2026-01-21T09:33:24.446Z,2026-01-21T09:33:57.401Z,32955,2026-01-21T09:33:57.577Z
975,2e43423f-f448-4254-839c-1209bd27417c,C,main,1,1,1,audio,84b486b7-95bb-4dba-a921-7ec873d50c03,2,5,3,5,6,6,5,5,"暗い
正直
速い
濁った
下手",2026-01-21T09:30:49.874Z,2026-01-21T09:30:55.996Z,2026-01-21T09:30:57.254Z,2026-01-21T09:34:12.667Z,195413,2026-01-21T09:34:12.620Z
976,a6c010dd-5247-4a4b-90d0-dee6e14d50f0,D,main,3,2,2,audio,fbc8a513-a292-43b6-8d50-8d01b9ed6c8a,3,4,3,5,6,5,3,3,"小さい
控え目
早い",2026-01-21T09:33:57.835Z,2026-01-21T09:34:03.003Z,2026-01-21T09:34:09.189Z,2026-01-21T09:34:57.881Z,48692,2026-01-21T09:34:57.896Z
977,5956d859-65f4-4ad9-89cc-354015c1da6e,D,main,4,2,5,audio,1d9d2b9a-00a8-4018-9a7a-dd342ead0e3c,2,3,3,5,5,4,6,5,"気取った
粘り気のある
不気味な",2026-01-21T09:33:57.184Z,2026-01-21T09:34:02.383Z,2026-01-21T09:34:04.207Z,2026-01-21T09:35:04.962Z,60755,2026-01-21T09:35:05.448Z
978,fc7ab572-23ec-4694-b2de-0c0de9d3eb5b,D,main,3,2,2,audio,762ee09b-4836-426b-902f-0d2d5bcb5022,4,4,4,4,5,5,3,4,"自身
個性
安定",2026-01-21T09:34:31.886Z,2026-01-21T09:34:37.355Z,2026-01-21T09:34:38.423Z,2026-01-21T09:35:05.683Z,27260,2026-01-21T09:35:05.819Z
979,2e43423f-f448-4254-839c-1209bd27417c,C,main,2,1,8,audio,7a131e29-3401-479c-87fc-6974875366db,2,3,2,6,6,5,5,6,"あいまい
おかしい
気分が悪い
硬い",2026-01-21T09:34:15.403Z,2026-01-21T09:34:20.264Z,2026-01-21T09:34:21.043Z,2026-01-21T09:35:31.647Z,70604,2026-01-21T09:35:31.472Z
980,fc7ab572-23ec-4694-b2de-0c0de9d3eb5b,D,main,4,2,3,audio,7d80bca0-4973-4997-89fb-a0808c1a6088,4,4,2,6,3,5,2,4,"自身
普段の声
イメージ通り",2026-01-21T09:35:07.127Z,2026-01-21T09:35:12.847Z,2026-01-21T09:35:13.458Z,2026-01-21T09:35:38.653Z,25195,2026-01-21T09:35:38.774Z
981,a6c010dd-5247-4a4b-90d0-dee6e14d50f0,D,main,4,2,8,audio,0d8b1e32-8ea9-4d96-95ae-5e52bb41980a,5,5,3,5,5,5,2,2,"はっきりしている
すらすら
しっかり",2026-01-21T09:35:00.604Z,2026-01-21T09:35:06.972Z,2026-01-21T09:35:08.373Z,2026-01-21T09:35:57.881Z,49508,2026-01-21T09:35:57.895Z
982,e0b1776f-0c58-4f3a-87dd-2c2264d5afea,B,main,3,2,3,image,,2,3,3,5,3,3,3,3,"滑舌が悪い
暗い
はっきりしない",2026-01-21T09:35:04.605Z,2026-01-21T09:35:07.611Z,2026-01-21T09:35:13.794Z,2026-01-21T09:36:01.782Z,47988,2026-01-21T09:36:01.606Z
983,92e7bc88-5d13-4a60-8623-4084905ac095,C,main,1,1,1,audio,f94d946d-9062-4f30-8e71-25ba9a1d21df,3,3,1,7,2,2,1,4,"たどたどしい
明るい
軽い",2026-01-21T09:31:11.981Z,2026-01-21T09:31:18.914Z,2026-01-21T09:31:25.279Z,2026-01-21T09:36:31.659Z,306380,2026-01-21T09:36:33.897Z
984,45d6ceff-0faa-4c12-b90b-30cfcef7fe04,C,main,2,1,5,audio,c350b0be-07fa-46fb-8449-136fc5837d7c,4,5,2,6,5,4,2,2,"深みがある
落ち着いている
地味",2026-01-21T09:29:28.202Z,2026-01-21T09:29:36.126Z,2026-01-21T09:29:38.033Z,2026-01-21T09:36:58.473Z,440440,2026-01-21T09:36:58.511Z
985,e0b1776f-0c58-4f3a-87dd-2c2264d5afea,B,main,4,2,7,image,,3,2,3,5,3,2,3,3,"聞きにくい
暗い
テンポが悪い",2026-01-21T09:36:02.083Z,2026-01-21T09:36:05.086Z,2026-01-21T09:36:07.224Z,2026-01-21T09:37:14.702Z,67478,2026-01-21T09:37:14.546Z
986,3492670a-cf22-455d-9038-f159c3e30bd2,A,main,1,1,3,audio,8c89d480-0267-4557-8900-3bd43633fe24,1,1,1,7,6,3,7,4,"気持ち悪い
醜い
暗い",2026-01-21T09:35:11.809Z,2026-01-21T09:35:17.244Z,2026-01-21T09:35:19.928Z,2026-01-21T09:37:47.148Z,147220,2026-01-21T09:37:47.307Z
987,2e43423f-f448-4254-839c-1209bd27417c,C,main,3,2,8,image,,3,3,2,6,3,6,3,5,"なめらか
ゆっくり
濁った
低い",2026-01-21T09:36:57.283Z,2026-01-21T09:37:00.284Z,2026-01-21T09:37:04.355Z,2026-01-21T09:39:19.352Z,134997,2026-01-21T09:39:19.339Z
988,92e7bc88-5d13-4a60-8623-4084905ac095,C,main,2,1,3,audio,dec6c927-3c75-4317-9adf-836b3a2a3ffc,3,4,1,7,3,4,1,2,"優しい
高い
軽い",2026-01-21T09:36:39.178Z,2026-01-21T09:36:44.251Z,2026-01-21T09:36:48.790Z,2026-01-21T09:39:33.849Z,165059,2026-01-21T09:39:34.031Z
989,3492670a-cf22-455d-9038-f159c3e30bd2,A,main,2,1,8,audio,5220ea8a-5348-4f06-9ed4-ca7319f4fb13,1,1,1,7,5,2,7,5,"気持ちが悪い
暗い
醜い
",2026-01-21T09:37:48.718Z,2026-01-21T09:37:54.461Z,2026-01-21T09:37:55.677Z,2026-01-21T09:39:34.156Z,98479,2026-01-21T09:39:34.310Z
990,5a7b9374-a59c-4a86-ad3a-a2c0beefa75a,D,main,1,1,1,image,,3,5,4,4,3,3,5,5,"低い
暗い
おとなしい
湿っぽい",2026-01-21T09:37:32.572Z,2026-01-21T09:37:35.573Z,2026-01-21T09:37:40.699Z,2026-01-21T09:39:35.418Z,114719,2026-01-21T09:39:35.473Z
991,2e43423f-f448-4254-839c-1209bd27417c,C,main,4,2,1,image,,5,5,3,5,3,2,3,3,"ゆっくり
滑らか
きれい
はっきり",2026-01-21T09:39:19.561Z,2026-01-21T09:39:22.562Z,2026-01-21T09:39:28.192Z,2026-01-21T09:40:16.013Z,47821,2026-01-21T09:40:15.850Z
992,fecf1adc-fda7-46ba-aa3e-c55e851dd292,C,main,1,1,1,audio,d4a93037-c23c-4653-b0b9-b215669c5227,1,3,1,7,3,3,1,1,声が高い，幼い，普通の,2026-01-21T09:37:46.201Z,2026-01-21T09:37:56.250Z,2026-01-21T09:37:58.105Z,2026-01-21T09:41:19.009Z,200904,2026-01-21T09:41:20.343Z
993,5a7b9374-a59c-4a86-ad3a-a2c0beefa75a,D,main,2,1,3,image,,5,6,3,5,6,6,3,4,"聞きやすい
晴れ晴れしい
喜ばしい",2026-01-21T09:39:35.553Z,2026-01-21T09:39:38.554Z,2026-01-21T09:39:47.058Z,2026-01-21T09:41:21.889Z,94831,2026-01-21T09:41:21.846Z
994,45d6ceff-0faa-4c12-b90b-30cfcef7fe04,C,main,3,2,1,image,,4,2,2,6,4,4,2,3,"地味
落ち着いている
優しい",2026-01-21T09:41:00.197Z,2026-01-21T09:41:03.199Z,2026-01-21T09:41:14.569Z,2026-01-21T09:42:13.881Z,59312,2026-01-21T09:42:15.111Z
995,7f5dff6c-c6e7-4ed2-9b36-5454a7e2616e,C,main,1,1,1,audio,008b85e4-a9f3-4dc2-a1fb-943655cbc6f3,3,3,5,3,5,5,2,2,"声に抑揚がない,暗い,元気がない",2026-01-21T09:40:26.202Z,2026-01-21T09:40:33.194Z,2026-01-21T09:40:44.761Z,2026-01-21T09:42:35.536Z,110775,2026-01-21T09:42:32.587Z
996,91784fe9-5835-48d3-86d0-4f5940256154,C,main,1,1,1,audio,8a6f256a-3902-48e6-b812-7a794913d1a6,4,5,3,5,5,5,3,3,"冷静
安定
単調",2026-01-21T09:47:09.657Z,2026-01-21T09:47:16.265Z,2026-01-21T09:47:17.425Z,2026-01-21T09:48:48.602Z,91177,2026-01-21T09:43:01.670Z
997,45d6ceff-0faa-4c12-b90b-30cfcef7fe04,C,main,4,2,5,image,,4,4,2,6,4,4,2,2,"地味
落ち着いている
優しい",2026-01-21T09:42:15.508Z,2026-01-21T09:42:18.512Z,2026-01-21T09:42:25.433Z,2026-01-21T09:43:12.857Z,47424,2026-01-21T09:43:12.863Z
998,92e7bc88-5d13-4a60-8623-4084905ac095,C,main,3,2,3,image,,6,5,1,7,5,6,1,1,"なめらか
清々しい
明るい",2026-01-21T09:42:13.676Z,2026-01-21T09:42:16.678Z,2026-01-21T09:42:31.330Z,2026-01-21T09:43:30.234Z,58904,2026-01-21T09:43:30.371Z
999,fecf1adc-fda7-46ba-aa3e-c55e851dd292,C,main,2,1,6,audio,d96eec9e-362f-42d8-a255-f44debcfca5c,3,3,1,7,5,3,1,2,誰かに似ている，変わった，仕方がない,2026-01-21T09:41:23.473Z,2026-01-21T09:41:30.890Z,2026-01-21T09:41:37.457Z,2026-01-21T09:43:30.378Z,112921,2026-01-21T09:43:30.980Z
1000,3b300776-2c05-4662-aa33-22bea6ab327c,D,main,1,1,8,image,,3,4,3,5,5,4,5,5,"不気味な
濃い
不愉快な",2026-01-21T09:42:04.003Z,2026-01-21T09:42:07.019Z,2026-01-21T09:42:27.077Z,2026-01-21T09:43:43.035Z,75958,2026-01-21T09:43:43.253Z
1001,3492670a-cf22-455d-9038-f159c3e30bd2,A,main,3,2,8,audio,5220ea8a-5348-4f06-9ed4-ca7319f4fb13,2,2,2,6,2,2,4,3,"明るい
新しい
気持ち悪い",2026-01-21T09:40:19.239Z,2026-01-21T09:40:24.892Z,2026-01-21T09:40:26.256Z,2026-01-21T09:43:50.960Z,204704,2026-01-21T09:43:51.135Z
1002,7f5dff6c-c6e7-4ed2-9b36-5454a7e2616e,C,main,2,1,3,audio,f8c4a163-c7eb-494b-8490-0084847d44b1,3,3,5,3,5,5,2,2,"抑揚がない,声が暗い,元気がない",2026-01-21T09:42:37.370Z,2026-01-21T09:42:43.087Z,2026-01-21T09:42:44.051Z,2026-01-21T09:44:08.307Z,84256,2026-01-21T09:44:05.285Z
1003,92e7bc88-5d13-4a60-8623-4084905ac095,C,main,4,2,1,image,,5,4,1,7,5,5,1,1,"元気
明るい
楽しい",2026-01-21T09:43:30.334Z,2026-01-21T09:43:33.337Z,2026-01-21T09:43:44.979Z,2026-01-21T09:44:17.853Z,32874,2026-01-21T09:44:18.003Z
1004,3b300776-2c05-4662-aa33-22bea6ab327c,D,main,2,1,2,image,,2,3,4,4,4,3,5,4,"不快な
曖昧な
不誠実な",2026-01-21T09:43:44.289Z,2026-01-21T09:43:47.291Z,2026-01-21T09:43:52.532Z,2026-01-21T09:44:32.349Z,39817,2026-01-21T09:44:31.404Z
1005,5a7b9374-a59c-4a86-ad3a-a2c0beefa75a,D,main,3,2,3,audio,9d4cb35b-38ec-4c38-ad78-eaba93f55e8d,5,6,2,6,6,5,2,3,"心弾む
陽気な
和気あいあい",2026-01-21T09:42:31.337Z,2026-01-21T09:42:36.614Z,2026-01-21T09:42:37.769Z,2026-01-21T09:44:31.712Z,113943,2026-01-21T09:44:31.670Z
1006,91784fe9-5835-48d3-86d0-4f5940256154,C,main,2,1,3,audio,725982c5-ebe4-4480-913c-38fe8df2b07f,5,5,3,5,6,5,2,3,"一定
穏やか
静か",2026-01-21T09:48:50.286Z,2026-01-21T09:48:55.550Z,2026-01-21T09:48:56.158Z,2026-01-21T09:50:22.299Z,86141,2026-01-21T09:44:35.345Z
1007,3492670a-cf22-455d-9038-f159c3e30bd2,A,main,4,2,3,audio,8c89d480-0267-4557-8900-3bd43633fe24,3,3,2,6,3,4,6,5,"早い
新しい
明るい",2026-01-21T09:43:52.765Z,2026-01-21T09:43:58.141Z,2026-01-21T09:43:59.239Z,2026-01-21T09:45:14.671Z,75432,2026-01-21T09:45:14.825Z
1008,db7cdeb4-8124-4d8a-ba8c-96f4457a3c96,C,main,1,1,3,audio,392a935f-daeb-4ce5-9413-d263a692def6,2,2,2,6,2,2,3,5,"違和感
おかしい
疲れてる",2026-01-21T09:44:27.947Z,2026-01-21T09:44:36.643Z,2026-01-21T09:44:37.469Z,2026-01-21T09:45:21.986Z,44517,2026-01-21T09:45:21.157Z
1009,5a7b9374-a59c-4a86-ad3a-a2c0beefa75a,D,main,4,2,1,audio,a8c368c3-b3a3-4a31-afe9-43ea964a8ffc,4,5,5,3,6,3,3,4,"刺々しい
ぶっきらぼう
荒っぽい
そっけない",2026-01-21T09:44:33.216Z,2026-01-21T09:44:38.742Z,2026-01-21T09:44:39.360Z,2026-01-21T09:45:32.439Z,53079,2026-01-21T09:45:32.396Z
1010,45052006-776d-48a4-a65b-8e396d30ee69,D,main,1,1,8,image,,4,5,4,4,5,4,5,4,"男っぽい
低音
少し鼻声交じり",2026-01-21T09:43:04.911Z,2026-01-21T09:43:07.913Z,2026-01-21T09:43:09.139Z,2026-01-21T09:44:15.900Z,66761,2026-01-21T09:45:42.697Z
1011,db7cdeb4-8124-4d8a-ba8c-96f4457a3c96,C,main,2,1,7,audio,56a9d3c8-f9fa-47e3-ae2c-a723b45bfc2b,3,2,2,6,3,2,2,2,"まずまず
気持ち悪い
違和感",2026-01-21T09:45:24.978Z,2026-01-21T09:45:32.966Z,2026-01-21T09:45:33.521Z,2026-01-21T09:46:03.485Z,29964,2026-01-21T09:46:02.761Z
1012,7f5dff6c-c6e7-4ed2-9b36-5454a7e2616e,C,main,3,2,1,image,,6,6,2,6,3,3,1,2,"明るく,ハキハキしている,精気がある",2026-01-21T09:45:03.399Z,2026-01-21T09:45:06.399Z,2026-01-21T09:45:12.593Z,2026-01-21T09:46:18.137Z,65544,2026-01-21T09:46:15.115Z
1013,3b300776-2c05-4662-aa33-22bea6ab327c,D,main,3,2,2,audio,c03a4819-b736-469f-ae83-19fe8ffc0330,5,4,4,4,5,6,4,3,"誠実な
愉快な
不気味な",2026-01-21T09:45:17.041Z,2026-01-21T09:45:23.679Z,2026-01-21T09:45:25.983Z,2026-01-21T09:46:33.007Z,67024,2026-01-21T09:46:32.108Z
1014,45052006-776d-48a4-a65b-8e396d30ee69,D,main,2,1,3,image,,5,5,3,5,4,4,4,5,"他人っぽい
棒読みっぽい
男らしい",2026-01-21T09:44:15.954Z,2026-01-21T09:44:18.955Z,2026-01-21T09:44:27.117Z,2026-01-21T09:45:17.560Z,50443,2026-01-21T09:46:44.352Z
1015,db7cdeb4-8124-4d8a-ba8c-96f4457a3c96,C,main,3,2,7,image,,2,2,2,6,2,3,2,2,"違和感
おかしい
疲れてる",2026-01-21T09:46:29.635Z,2026-01-21T09:46:32.638Z,2026-01-21T09:46:33.228Z,2026-01-21T09:46:58.709Z,25481,2026-01-21T09:46:57.922Z
1016,7f5dff6c-c6e7-4ed2-9b36-5454a7e2616e,C,main,4,2,3,image,,6,6,2,6,2,6,1,1,"明るく,ハキハキしている,精気がある",2026-01-21T09:46:18.179Z,2026-01-21T09:46:21.347Z,2026-01-21T09:46:26.133Z,2026-01-21T09:47:09.644Z,43511,2026-01-21T09:47:06.627Z
1017,3b300776-2c05-4662-aa33-22bea6ab327c,D,main,4,2,8,audio,43792af4-db71-47d0-b2c4-cff2c18fdac9,5,4,4,4,5,5,4,3,"快適な
曖昧な
濃厚な",2026-01-21T09:46:34.485Z,2026-01-21T09:46:40.651Z,2026-01-21T09:46:42.939Z,2026-01-21T09:47:30.056Z,47117,2026-01-21T09:47:29.107Z
1018,45052006-776d-48a4-a65b-8e396d30ee69,D,main,3,2,8,audio,66a48081-7121-4269-a674-e8f4276f21bd,4,4,3,5,5,5,3,4,"低音っぽい
少し鼻声交じり
落ち着いた声",2026-01-21T09:46:04.511Z,2026-01-21T09:46:10.511Z,2026-01-21T09:46:11.096Z,2026-01-21T09:46:49.850Z,38754,2026-01-21T09:48:16.650Z
1019,3803af6d-a6ea-4ec4-b122-a42a191845f9,C,main,1,1,2,audio,678cf244-292a-4b79-bd8c-2487bdc71441,3,4,4,4,3,3,4,6,"弱弱しい,高い,女性的な",2026-01-21T09:45:02.458Z,2026-01-21T09:45:07.903Z,2026-01-21T09:45:13.082Z,2026-01-21T09:48:29.575Z,196493,2026-01-21T09:48:29.664Z
1020,91784fe9-5835-48d3-86d0-4f5940256154,C,main,3,2,1,image,,5,5,3,5,5,6,3,3,"安定
穏やか
低い",2026-01-21T09:52:56.565Z,2026-01-21T09:52:59.568Z,2026-01-21T09:53:09.018Z,2026-01-21T09:54:34.201Z,85183,2026-01-21T09:48:47.251Z
1021,45052006-776d-48a4-a65b-8e396d30ee69,D,main,4,2,3,audio,7d95958e-bf9c-43d0-9f97-e5b6e5a6060a,5,4,2,6,5,5,3,3,"落ち着いている
少し鼻声交じり
男らしい",2026-01-21T09:46:51.356Z,2026-01-21T09:46:55.195Z,2026-01-21T09:46:56.604Z,2026-01-21T09:47:28.220Z,31616,2026-01-21T09:48:55.017Z
1022,c63f5540-bbba-4022-b670-7044d686389d,D,main,1,1,4,image,,3,4,4,4,6,6,1,1,"鼻声
低い
曇っている",2026-01-21T09:47:59.464Z,2026-01-21T09:48:02.464Z,2026-01-21T09:48:09.967Z,2026-01-21T09:49:12.338Z,62371,2026-01-21T09:49:10.075Z
1023,91784fe9-5835-48d3-86d0-4f5940256154,C,main,4,2,3,image,,6,5,2,6,6,6,3,2,"嬉しい
静か
一定",2026-01-21T09:54:34.270Z,2026-01-21T09:54:37.275Z,2026-01-21T09:54:37.729Z,2026-01-21T09:55:05.793Z,28064,2026-01-21T09:49:18.824Z
1024,fecf1adc-fda7-46ba-aa3e-c55e851dd292,C,main,3,2,1,image,,2,5,1,7,5,5,1,1,妹に似ている，変化がない，馬鹿げている,2026-01-21T09:47:31.121Z,2026-01-21T09:47:34.122Z,2026-01-21T09:47:46.697Z,2026-01-21T09:49:20.056Z,93359,2026-01-21T09:49:20.653Z
1025,c63f5540-bbba-4022-b670-7044d686389d,D,main,2,1,1,image,,3,4,4,4,6,6,1,1,"おどおど
緊張
うわずり",2026-01-21T09:49:12.363Z,2026-01-21T09:49:15.364Z,2026-01-21T09:49:19.562Z,2026-01-21T09:50:27.861Z,68299,2026-01-21T09:50:25.595Z
1026,db7cdeb4-8124-4d8a-ba8c-96f4457a3c96,C,main,4,2,3,image,,2,3,2,6,3,2,2,3,"他人みたい
しみじみ 
声が悪い",2026-01-21T09:46:58.870Z,2026-01-21T09:47:01.873Z,2026-01-21T09:47:02.683Z,2026-01-21T09:51:02.173Z,239490,2026-01-21T09:51:01.637Z
1027,fecf1adc-fda7-46ba-aa3e-c55e851dd292,C,main,4,2,6,image,,2,5,1,7,5,3,1,2,子どもっぽい，鼻にかかった，女の子らしい,2026-01-21T09:49:20.295Z,2026-01-21T09:49:23.297Z,2026-01-21T09:49:25.737Z,2026-01-21T09:51:21.626Z,115889,2026-01-21T09:51:22.235Z
1028,3803af6d-a6ea-4ec4-b122-a42a191845f9,C,main,2,1,7,audio,40f7b991-a3ac-401e-b329-2f29465826fb,5,3,2,6,6,4,3,5,"弱い,若い,中性的",2026-01-21T09:48:31.287Z,2026-01-21T09:48:35.278Z,2026-01-21T09:48:39.359Z,2026-01-21T09:51:52.572Z,193213,2026-01-21T09:51:52.663Z
1029,f8524a6c-3602-4bf9-a02c-c5d2ef150a04,C,main,1,1,2,audio,e6581e42-4834-4ebb-a05c-f52f030ddd85,3,3,2,6,3,4,5,4,"暗い
低い
静か",2026-01-21T09:50:49.697Z,2026-01-21T09:50:56.176Z,2026-01-21T09:50:57.929Z,2026-01-21T09:52:57.290Z,119361,2026-01-21T09:52:57.493Z
1030,04334d94-0747-4eeb-8236-2793e3661142,C,main,1,1,4,audio,44f080b3-40bf-4a5d-8d03-c699abd65856,1,3,5,3,4,4,6,6,"ダミ声
滑舌が悪い
気持ち悪い",2026-01-21T09:52:00.602Z,2026-01-21T09:52:05.075Z,2026-01-21T09:52:07.551Z,2026-01-21T09:52:57.434Z,49883,2026-01-21T09:52:57.558Z
1031,b925bf64-8c48-42ea-a879-dc962be9acf1,D,main,1,1,6,image,,5,4,4,4,4,4,1,3,こもったような，落ち着いた，静かな,2026-01-21T09:51:14.565Z,2026-01-21T09:51:17.568Z,2026-01-21T09:51:25.661Z,2026-01-21T09:52:57.811Z,92150,2026-01-21T09:52:58.157Z
1032,e3a55a6a-c20c-4791-9212-39159b95231f,C,main,1,1,3,audio,0b7e1838-fc2a-4541-845f-e3b3f766e5cd,4,6,2,6,1,6,2,1,"丁寧
普遍的
心地よい",2026-01-21T09:52:46.898Z,2026-01-21T09:52:51.181Z,2026-01-21T09:52:51.766Z,2026-01-21T09:53:37.578Z,45812,2026-01-21T09:53:37.920Z
1033,04334d94-0747-4eeb-8236-2793e3661142,C,main,2,1,1,audio,b3233bfb-6162-48cd-b311-414a12b06c15,4,3,5,3,6,5,6,5,"低い
ダミ声
吃音",2026-01-21T09:52:59.210Z,2026-01-21T09:53:04.417Z,2026-01-21T09:53:05.861Z,2026-01-21T09:53:55.418Z,49557,2026-01-21T09:53:55.558Z
1034,c63f5540-bbba-4022-b670-7044d686389d,D,main,3,2,1,audio,9234d6ce-2961-49e7-9208-1b263c128fe6,5,5,1,7,4,4,1,1,"穏やか
慎重
高め",2026-01-21T09:52:28.880Z,2026-01-21T09:52:37.237Z,2026-01-21T09:52:38.272Z,2026-01-21T09:54:00.692Z,82420,2026-01-21T09:53:58.427Z
1035,b925bf64-8c48-42ea-a879-dc962be9acf1,D,main,2,1,2,image,,5,4,1,7,4,4,1,4,こもったような，落ち着いた，冷静な,2026-01-21T09:52:58.078Z,2026-01-21T09:53:01.082Z,2026-01-21T09:53:05.824Z,2026-01-21T09:54:02.559Z,56735,2026-01-21T09:54:02.931Z
1036,248a00b1-c413-4188-838a-4ea02a33d22d,D,main,1,1,7,image,,2,5,5,3,2,2,3,6,"気が弱そう
滑舌が悪い
声が小さい",2026-01-21T09:53:01.505Z,2026-01-21T09:53:04.506Z,2026-01-21T09:53:22.337Z,2026-01-21T09:54:07.133Z,44796,2026-01-21T09:54:06.711Z
1037,f8524a6c-3602-4bf9-a02c-c5d2ef150a04,C,main,2,1,8,audio,556a8c1a-68b8-44e2-9325-142aea5a3282,4,4,3,5,3,4,2,5,"暗い
重い
か細い",2026-01-21T09:52:58.980Z,2026-01-21T09:53:05.187Z,2026-01-21T09:53:06.257Z,2026-01-21T09:54:06.621Z,60364,2026-01-21T09:54:06.726Z
1038,c63f5540-bbba-4022-b670-7044d686389d,D,main,4,2,4,audio,ef1ba48e-3737-44dd-ba9b-6539c7433618,5,5,1,7,4,4,1,1,"うわずり
緊張
焦り",2026-01-21T09:54:02.643Z,2026-01-21T09:54:08.772Z,2026-01-21T09:54:12.787Z,2026-01-21T09:55:18.486Z,65699,2026-01-21T09:55:16.208Z
1039,248a00b1-c413-4188-838a-4ea02a33d22d,D,main,2,1,2,image,,5,5,3,5,2,5,2,2,"声が低く大人っぽい
力強い声
男らしい",2026-01-21T09:54:07.207Z,2026-01-21T09:54:10.208Z,2026-01-21T09:54:31.350Z,2026-01-21T09:55:27.201Z,55851,2026-01-21T09:55:26.771Z
1040,04334d94-0747-4eeb-8236-2793e3661142,C,main,3,2,4,image,,3,3,2,6,4,3,7,6,"ダミ声
小声
滑舌の悪さ",2026-01-21T09:54:52.754Z,2026-01-21T09:54:55.757Z,2026-01-21T09:55:03.528Z,2026-01-21T09:55:40.233Z,36705,2026-01-21T09:55:40.379Z
1041,b925bf64-8c48-42ea-a879-dc962be9acf1,D,main,3,2,6,audio,e3b6b744-da38-4617-8b92-a70dc8f3a4e1,7,6,1,7,7,7,1,1,落ち着いた，静かな，眠くなるような,2026-01-21T09:54:50.091Z,2026-01-21T09:54:53.774Z,2026-01-21T09:54:57.824Z,2026-01-21T09:55:43.597Z,45773,2026-01-21T09:55:43.934Z
1042,e3a55a6a-c20c-4791-9212-39159b95231f,C,main,2,1,6,audio,12b50bf8-1c33-4485-8974-9820412fc051,6,6,1,7,4,7,1,2,"普遍的
優しい
丁寧",2026-01-21T09:53:40.658Z,2026-01-21T09:53:46.287Z,2026-01-21T09:53:46.825Z,2026-01-21T09:55:49.852Z,123027,2026-01-21T09:55:50.030Z
1043,04334d94-0747-4eeb-8236-2793e3661142,C,main,4,2,1,image,,2,1,6,2,5,4,7,7,"ダミ声
詰まり
小声",2026-01-21T09:55:40.403Z,2026-01-21T09:55:43.406Z,2026-01-21T09:55:46.244Z,2026-01-21T09:56:16.873Z,30629,2026-01-21T09:56:16.986Z
1044,b925bf64-8c48-42ea-a879-dc962be9acf1,D,main,4,2,2,audio,8eeb44a7-3d36-4917-a9fe-b7a0baaec4ad,7,7,1,7,7,7,1,1,優しそうな，落ち着いた，冷静な,2026-01-21T09:55:45.784Z,2026-01-21T09:55:50.152Z,2026-01-21T09:55:51.601Z,2026-01-21T09:56:27.404Z,35803,2026-01-21T09:56:27.789Z
1045,917c3abf-8ad1-4c8c-997b-77a663f92683,C,main,1,1,1,audio,9c40d91d-a74b-4811-a4b1-0fc17912673a,3,3,2,6,3,4,3,4,"暗い
怖い
聞きたくない",2026-01-21T09:55:48.341Z,2026-01-21T09:55:52.579Z,2026-01-21T09:55:56.581Z,2026-01-21T09:56:56.772Z,60191,2026-01-21T09:56:59.017Z
1046,3803af6d-a6ea-4ec4-b122-a42a191845f9,C,main,3,2,7,image,,5,4,3,5,5,4,3,5,"比較的高い,落ち着いている感じ,優しい",2026-01-21T09:55:17.403Z,2026-01-21T09:55:20.405Z,2026-01-21T09:55:25.705Z,2026-01-21T09:57:02.155Z,96450,2026-01-21T09:57:02.172Z
1047,917c3abf-8ad1-4c8c-997b-77a663f92683,C,main,2,1,2,audio,6a31167a-b29c-4113-b8fa-e43c7fe87fc7,3,4,5,3,4,3,5,4,"普通
なんの変哲もない
普遍的な",2026-01-21T09:56:58.252Z,2026-01-21T09:57:04.358Z,2026-01-21T09:57:05.143Z,2026-01-21T09:57:32.851Z,27708,2026-01-21T09:57:35.100Z
1048,f8524a6c-3602-4bf9-a02c-c5d2ef150a04,C,main,3,2,8,image,,3,3,3,5,5,4,2,3,"硬い
穏やかな
低い",2026-01-21T09:56:20.653Z,2026-01-21T09:56:23.656Z,2026-01-21T09:56:29.280Z,2026-01-21T09:58:03.764Z,94484,2026-01-21T09:58:03.873Z
1049,e3a55a6a-c20c-4791-9212-39159b95231f,C,main,3,2,6,image,,5,7,2,6,4,6,2,1,"優しい
丁寧
わかりやすい",2026-01-21T09:56:43.596Z,2026-01-21T09:56:46.596Z,2026-01-21T09:56:52.154Z,2026-01-21T09:58:10.027Z,77873,2026-01-21T09:58:10.205Z
1050,3803af6d-a6ea-4ec4-b122-a42a191845f9,C,main,4,2,2,image,,5,5,3,5,4,4,3,5,"滑らか,速い,高い",2026-01-21T09:57:02.235Z,2026-01-21T09:57:05.237Z,2026-01-21T09:57:10.091Z,2026-01-21T09:58:21.749Z,71658,2026-01-21T09:58:21.726Z
1051,917c3abf-8ad1-4c8c-997b-77a663f92683,C,main,3,2,2,image,,2,1,1,7,2,2,2,4,"嫌い
聞きたくない
怖い",2026-01-21T09:57:57.686Z,2026-01-21T09:58:00.688Z,2026-01-21T09:58:04.694Z,2026-01-21T09:58:25.502Z,20808,2026-01-21T09:58:27.752Z
1052,248a00b1-c413-4188-838a-4ea02a33d22d,D,main,3,2,7,audio,6b283ff4-0b6c-4a64-8c71-3addee861b1c,1,2,6,2,5,3,2,5,"滑舌悪そう
どもってる
気が弱そう",2026-01-21T09:57:09.999Z,2026-01-21T09:57:14.940Z,2026-01-21T09:57:18.844Z,2026-01-21T09:58:28.382Z,69538,2026-01-21T09:58:27.965Z
1053,e3a55a6a-c20c-4791-9212-39159b95231f,C,main,4,2,3,image,,7,5,2,6,4,6,1,2,"心地がいい
優しい
丁寧",2026-01-21T09:58:10.309Z,2026-01-21T09:58:13.310Z,2026-01-21T09:58:18.260Z,2026-01-21T09:58:51.199Z,32939,2026-01-21T09:58:51.395Z
1054,917c3abf-8ad1-4c8c-997b-77a663f92683,C,main,4,2,1,image,,1,2,2,6,2,2,2,4,"怖い
不快な
どもっている",2026-01-21T09:58:25.825Z,2026-01-21T09:58:28.827Z,2026-01-21T09:58:30.033Z,2026-01-21T09:58:54.493Z,24460,2026-01-21T09:58:56.744Z
1055,f8524a6c-3602-4bf9-a02c-c5d2ef150a04,C,main,4,2,2,image,,3,3,3,5,5,5,2,4,"明るい
優しい
弱い",2026-01-21T09:58:03.903Z,2026-01-21T09:58:06.909Z,2026-01-21T09:58:09.790Z,2026-01-21T09:59:04.335Z,54545,2026-01-21T09:59:04.398Z
1056,248a00b1-c413-4188-838a-4ea02a33d22d,D,main,4,2,2,audio,6e133b3e-fca7-440e-b9fa-434094b21093,3,3,5,3,5,3,2,5,"気が弱そう
滑舌悪そう
口の中に空気が溜まっている感じ",2026-01-21T09:58:29.730Z,2026-01-21T09:58:34.930Z,2026-01-21T09:58:36.003Z,2026-01-21T09:59:25.940Z,49937,2026-01-21T09:59:25.529Z
1057,9ea387fc-db77-4e45-9aca-6f171b11ab81,D,main,1,1,6,image,,3,3,4,4,6,3,5,4,"不快さ
ノイズのある
声の低さ",2026-01-21T10:00:17.518Z,2026-01-21T10:00:20.519Z,2026-01-21T10:00:27.789Z,2026-01-21T10:04:06.927Z,219138,2026-01-21T10:04:07.988Z
1058,9ea387fc-db77-4e45-9aca-6f171b11ab81,D,main,2,1,4,image,,2,5,5,3,5,2,3,5,"ノイズがある
クリアではない
声の低い
無機質な",2026-01-21T10:04:07.024Z,2026-01-21T10:04:10.025Z,2026-01-21T10:04:12.965Z,2026-01-21T10:04:51.443Z,38478,2026-01-21T10:04:52.439Z
1059,2c4603d3-ee75-4925-8435-cce0dd5bb53d,B,main,1,1,8,image,,4,4,2,6,4,4,2,2,"おとなしい　
楽しい
うれしい　",2026-01-21T10:03:03.665Z,2026-01-21T10:03:06.666Z,2026-01-21T10:03:13.920Z,2026-01-21T10:05:33.880Z,139960,2026-01-21T10:05:34.451Z
1060,2c4603d3-ee75-4925-8435-cce0dd5bb53d,B,main,2,1,1,image,,4,4,2,6,4,4,1,3,"低い
おもしろい
おとなしい",2026-01-21T10:05:34.029Z,2026-01-21T10:05:37.031Z,2026-01-21T10:05:42.183Z,2026-01-21T10:06:36.519Z,54336,2026-01-21T10:06:36.998Z
1061,9ea387fc-db77-4e45-9aca-6f171b11ab81,D,main,3,2,6,audio,3252696f-0000-4cad-b97a-fd7a4cb3528f,2,5,6,2,5,4,4,6,"透明感のない
無機質な
ノイズのある",2026-01-21T10:05:38.173Z,2026-01-21T10:05:41.824Z,2026-01-21T10:05:44.180Z,2026-01-21T10:06:43.771Z,59591,2026-01-21T10:06:44.770Z
1062,6f4b5b82-381d-45f4-814d-906b09c59c08,D,main,1,1,8,image,,5,4,3,5,5,5,3,3,"自分らしい,望ましい,納得のいく",2026-01-21T10:05:16.648Z,2026-01-21T10:05:19.667Z,2026-01-21T10:05:25.127Z,2026-01-21T10:07:07.370Z,102243,2026-01-21T10:07:07.429Z
1063,9ea387fc-db77-4e45-9aca-6f171b11ab81,D,main,4,2,4,audio,9d286a30-7cb4-4bd0-81db-a1768a2a416e,2,5,6,2,5,3,4,4,"聞こえづらい
ノイズのある
つまりがある",2026-01-21T10:06:44.844Z,2026-01-21T10:06:50.045Z,2026-01-21T10:06:51.091Z,2026-01-21T10:07:22.613Z,31522,2026-01-21T10:07:23.671Z
1064,6f4b5b82-381d-45f4-814d-906b09c59c08,D,main,2,1,4,image,,5,4,2,6,6,5,2,2,"違和感ない,自分らしい,親しみやすい",2026-01-21T10:07:07.564Z,2026-01-21T10:07:10.567Z,2026-01-21T10:07:11.778Z,2026-01-21T10:08:25.547Z,73769,2026-01-21T10:08:25.582Z
1065,2c4603d3-ee75-4925-8435-cce0dd5bb53d,B,main,3,2,1,image,,4,4,1,7,4,4,1,3,"うれしい
おとなしい
低い",2026-01-21T10:07:46.976Z,2026-01-21T10:07:49.977Z,2026-01-21T10:07:52.087Z,2026-01-21T10:08:36.111Z,44024,2026-01-21T10:08:36.564Z
1066,2c4603d3-ee75-4925-8435-cce0dd5bb53d,B,main,4,2,8,image,,4,4,1,7,5,4,2,4,"おもしろい
高い
おとなしい",2026-01-21T10:08:36.146Z,2026-01-21T10:08:39.148Z,2026-01-21T10:08:41.463Z,2026-01-21T10:09:26.223Z,44760,2026-01-21T10:09:26.779Z
1067,6f4b5b82-381d-45f4-814d-906b09c59c08,D,main,3,2,4,audio,ec93e12c-72f3-48c8-8534-c9706494aeb1,5,5,2,6,5,5,2,2,"違和感のない,自分らしい,親しみやすい",2026-01-21T10:08:49.810Z,2026-01-21T10:08:56.468Z,2026-01-21T10:08:56.918Z,2026-01-21T10:09:42.497Z,45579,2026-01-21T10:09:42.535Z
1068,8f283b6a-42b5-44f0-89d5-3760d87a9f25,C,main,1,1,1,audio,2a013f7a-5284-4494-89d3-f73975c7341c,2,3,3,5,4,4,5,4,"頼りない
軽い感じ
抑揚がない",2026-01-21T10:07:35.673Z,2026-01-21T10:07:42.070Z,2026-01-21T10:07:49.074Z,2026-01-21T10:09:21.707Z,92633,2026-01-21T10:10:12.239Z
1069,6f4b5b82-381d-45f4-814d-906b09c59c08,D,main,4,2,8,audio,29012dee-ce2c-45df-b98b-b5e998d37f6e,7,6,2,6,6,6,2,2,"違和感のない,自分らしい声,馴染みやすい",2026-01-21T10:09:43.646Z,2026-01-21T10:09:53.528Z,2026-01-21T10:09:54.434Z,2026-01-21T10:10:23.417Z,28983,2026-01-21T10:10:23.479Z
1070,8f283b6a-42b5-44f0-89d5-3760d87a9f25,C,main,2,1,5,audio,ebab839e-da9c-496a-9e2f-6e6a680665a8,1,2,2,6,3,2,4,3,"抑揚がない
不真面目な感じ
メリハリがない",2026-01-21T10:09:25.714Z,2026-01-21T10:09:35.790Z,2026-01-21T10:09:41.369Z,2026-01-21T10:10:34.545Z,53176,2026-01-21T10:11:25.073Z
1071,8f283b6a-42b5-44f0-89d5-3760d87a9f25,C,main,3,2,5,image,,5,5,3,5,4,4,2,2,"はきはきしている
穏やか
メリハリがある",2026-01-21T10:11:39.125Z,2026-01-21T10:11:42.126Z,2026-01-21T10:11:50.985Z,2026-01-21T10:13:01.569Z,70584,2026-01-21T10:13:52.108Z
1072,60708572-dcd1-456b-b12b-590682b700f6,D,main,1,1,3,image,,3,3,4,4,3,4,1,4,"強い,小さい,近い,古い",2026-01-21T10:12:07.093Z,2026-01-21T10:12:10.094Z,2026-01-21T10:12:19.704Z,2026-01-21T10:14:52.567Z,152863,2026-01-21T10:14:53.336Z
1073,8f283b6a-42b5-44f0-89d5-3760d87a9f25,C,main,4,2,1,image,,5,5,2,6,4,4,2,2,"メリハリがある
穏やか
落ち着いた感じ",2026-01-21T10:13:01.656Z,2026-01-21T10:13:04.657Z,2026-01-21T10:13:13.530Z,2026-01-21T10:14:08.462Z,54932,2026-01-21T10:14:58.999Z
1074,78c3af50-68fb-4be9-999f-71880e5af44d,D,main,1,1,1,image,,5,4,2,6,6,5,2,2,"穏やか
優しい
落ち着きのある",2026-01-21T10:12:50.672Z,2026-01-21T10:12:53.672Z,2026-01-21T10:13:07.240Z,2026-01-21T10:15:13.895Z,126655,2026-01-21T10:15:14.709Z
1075,60708572-dcd1-456b-b12b-590682b700f6,D,main,2,1,6,image,,4,4,4,4,3,4,1,3,"静か,下手な,深い,暗い",2026-01-21T10:14:53.463Z,2026-01-21T10:14:56.468Z,2026-01-21T10:15:00.287Z,2026-01-21T10:16:24.239Z,83952,2026-01-21T10:16:24.313Z
1076,e20a600f-3a03-4cc8-be28-d9f74327f0b2,C,main,1,1,8,audio,b0bd7320-1187-4f64-92e1-62b02f01f389,4,4,3,5,5,4,3,3,"おもしろい
幼い
小さい",2026-01-21T10:16:30.657Z,2026-01-21T10:16:39.019Z,2026-01-21T10:16:41.133Z,2026-01-21T10:17:11.436Z,30303,2026-01-21T10:17:12.017Z
1077,78c3af50-68fb-4be9-999f-71880e5af44d,D,main,2,1,8,image,,6,2,2,6,6,5,2,2,"驚きのある
落ち着きのある
穏やかな",2026-01-21T10:15:14.059Z,2026-01-21T10:15:17.060Z,2026-01-21T10:15:21.447Z,2026-01-21T10:17:21.615Z,120168,2026-01-21T10:17:22.323Z
1078,e20a600f-3a03-4cc8-be28-d9f74327f0b2,C,main,2,1,3,audio,7b0eb9af-8368-4999-96f0-4f006e0f2d2e,4,3,3,5,4,4,4,4,"おもしろい
小さい
いい",2026-01-21T10:17:13.991Z,2026-01-21T10:17:18.248Z,2026-01-21T10:17:21.211Z,2026-01-21T10:18:00.347Z,39136,2026-01-21T10:18:00.908Z
1079,601c36ff-4dc3-4a75-8069-fc61f04b2534,C,main,1,1,3,audio,9bd1f62f-86ce-446b-8883-66fb7d627a54,4,5,3,5,5,6,2,2,"低い
ゆっくり
暗い",2026-01-21T10:15:42.776Z,2026-01-21T10:15:50.719Z,2026-01-21T10:15:53.218Z,2026-01-21T10:18:17.054Z,143836,2026-01-21T10:18:19.733Z
1080,a28fa28a-d87d-4423-9ed9-7720ef6f1c4d,D,main,1,1,3,image,,4,4,4,4,5,4,3,4,"低め
ゆったりとした雰囲気
耳馴染みは悪くなかった",2026-01-21T10:17:18.132Z,2026-01-21T10:17:21.135Z,2026-01-21T10:17:27.348Z,2026-01-21T10:18:45.999Z,78651,2026-01-21T10:18:46.251Z
1081,130d2faf-d32b-4173-9f20-892eb97f999c,D,main,1,1,4,image,,6,6,6,2,6,6,6,6,"せい

きょう

び",2026-01-21T10:18:03.285Z,2026-01-21T10:18:06.287Z,2026-01-21T10:18:21.574Z,2026-01-21T10:19:17.199Z,55625,2026-01-21T10:19:18.400Z
1082,e20a600f-3a03-4cc8-be28-d9f74327f0b2,C,main,3,2,3,image,,4,4,3,5,4,3,3,3,"いい
おもしろい
楽しい",2026-01-21T10:18:47.580Z,2026-01-21T10:18:50.581Z,2026-01-21T10:18:52.203Z,2026-01-21T10:19:24.411Z,32208,2026-01-21T10:19:24.979Z
1083,e20a600f-3a03-4cc8-be28-d9f74327f0b2,C,main,4,2,8,image,,4,4,3,5,4,4,3,3,"おもしろい
楽しい
いい",2026-01-21T10:19:24.496Z,2026-01-21T10:19:27.497Z,2026-01-21T10:19:28.265Z,2026-01-21T10:19:51.683Z,23418,2026-01-21T10:19:52.248Z
1084,a28fa28a-d87d-4423-9ed9-7720ef6f1c4d,D,main,2,1,1,image,,4,4,4,4,5,4,2,4,"少しこもった感じがする
低めのトーン
抑揚が少なく聞きやすい",2026-01-21T10:18:46.294Z,2026-01-21T10:18:49.298Z,2026-01-21T10:18:52.925Z,2026-01-21T10:20:02.905Z,69980,2026-01-21T10:20:03.143Z
1085,60708572-dcd1-456b-b12b-590682b700f6,D,main,3,2,6,audio,73308041-2a8b-47b7-a203-89db1167f05a,4,5,2,6,6,6,1,1,"静か,友好的な,忠実な,平静な",2026-01-21T10:18:03.450Z,2026-01-21T10:18:08.458Z,2026-01-21T10:18:10.449Z,2026-01-21T10:20:10.913Z,120464,2026-01-21T10:20:11.052Z
1086,130d2faf-d32b-4173-9f20-892eb97f999c,D,main,2,1,8,image,,3,3,3,5,3,3,3,6,"あ
あ
い",2026-01-21T10:19:17.507Z,2026-01-21T10:19:20.509Z,2026-01-21T10:20:00.920Z,2026-01-21T10:20:24.034Z,23114,2026-01-21T10:20:25.052Z
1087,601c36ff-4dc3-4a75-8069-fc61f04b2534,C,main,2,1,4,audio,aa9e1c06-99d0-4151-a049-77f6b4004115,4,4,3,5,5,5,2,2,"明確な
速い
機敏な",2026-01-21T10:18:21.056Z,2026-01-21T10:18:31.344Z,2026-01-21T10:18:33.414Z,2026-01-21T10:20:37.108Z,123694,2026-01-21T10:20:39.740Z
1088,933a29d6-85ed-435b-bb03-da6cb7978f0c,A,main,1,1,4,audio,7b5a86c3-3b7d-4a04-8100-9d55cfa6bad6,3,3,5,3,2,2,4,5,"気持ち悪い
可愛くない
低い
根暗",2026-01-21T10:17:13.238Z,2026-01-21T10:17:18.675Z,2026-01-21T10:17:22.365Z,2026-01-21T10:21:16.860Z,234495,2026-01-21T10:21:18.017Z
1089,0d5dddea-662a-4d2b-b26c-47d36c8d0b48,B,main,1,1,8,image,,3,4,5,3,4,4,2,4,"恥ずかしい
クリアでない
たどたどしい",2026-01-21T10:16:55.929Z,2026-01-21T10:16:58.933Z,2026-01-21T10:17:05.196Z,2026-01-21T10:21:18.578Z,253382,2026-01-21T10:21:18.812Z
1090,60708572-dcd1-456b-b12b-590682b700f6,D,main,4,2,3,audio,a2558b1b-d478-4e29-bace-e8b6b6ab4d89,5,5,2,6,6,6,1,1,"好意的な,控えめな,親切な,軽い ",2026-01-21T10:20:12.628Z,2026-01-21T10:20:17.988Z,2026-01-21T10:20:18.852Z,2026-01-21T10:21:51.401Z,92549,2026-01-21T10:21:51.484Z
1091,a28fa28a-d87d-4423-9ed9-7720ef6f1c4d,D,main,3,2,3,audio,5920bc45-b0d2-48ea-b6b1-76b9c7421653,5,4,2,6,5,4,2,2,"低め
抑揚が無く一定
印象に残りにくいが、不快感も無い",2026-01-21T10:21:09.988Z,2026-01-21T10:21:15.712Z,2026-01-21T10:21:18.001Z,2026-01-21T10:22:16.600Z,58599,2026-01-21T10:22:16.793Z
1092,9ace683c-b2c4-4c3a-8f80-240b0fcec51d,D,main,1,1,3,image,,2,2,2,6,5,3,3,5,"小さい
滑舌悪い
こもる",2026-01-21T10:21:40.907Z,2026-01-21T10:21:43.919Z,2026-01-21T10:21:51.290Z,2026-01-21T10:22:42.561Z,51271,2026-01-21T10:22:42.977Z
1093,0d5dddea-662a-4d2b-b26c-47d36c8d0b48,B,main,2,1,1,image,,4,4,4,4,5,5,2,4,"慣れた
普通な
平坦な",2026-01-21T10:21:18.831Z,2026-01-21T10:21:21.834Z,2026-01-21T10:21:29.560Z,2026-01-21T10:22:45.500Z,75940,2026-01-21T10:22:45.664Z
1094,933a29d6-85ed-435b-bb03-da6cb7978f0c,A,main,2,1,7,audio,27411a2e-13fa-40ee-bffa-2bd8913d7211,4,4,3,5,3,3,3,6,"静か
平凡
おとなしい
地味",2026-01-21T10:21:19.517Z,2026-01-21T10:21:23.740Z,2026-01-21T10:21:28.764Z,2026-01-21T10:23:09.051Z,100287,2026-01-21T10:23:10.105Z
1095,a28fa28a-d87d-4423-9ed9-7720ef6f1c4d,D,main,4,2,1,audio,7d46dda2-ca30-44ce-a539-629597c6c039,4,4,3,5,5,4,2,5,"低い
少しこもっている
抑揚がない",2026-01-21T10:22:18.933Z,2026-01-21T10:22:25.756Z,2026-01-21T10:22:27.215Z,2026-01-21T10:23:19.330Z,52115,2026-01-21T10:23:19.543Z
1096,9ace683c-b2c4-4c3a-8f80-240b0fcec51d,D,main,2,1,5,image,,3,3,2,6,3,2,5,5,"小さい
低い
通らない",2026-01-21T10:22:42.603Z,2026-01-21T10:22:45.604Z,2026-01-21T10:22:47.004Z,2026-01-21T10:23:21.003Z,33999,2026-01-21T10:23:21.483Z
1097,9ace683c-b2c4-4c3a-8f80-240b0fcec51d,D,main,3,2,3,audio,6a56e3ad-16ed-4d60-81b9-5ed675d176a5,2,2,2,6,6,5,5,5,"低い
聞き取りづらい
こもる",2026-01-21T10:24:02.756Z,2026-01-21T10:24:08.439Z,2026-01-21T10:24:09.777Z,2026-01-21T10:24:35.770Z,25993,2026-01-21T10:24:36.226Z
1098,9ace683c-b2c4-4c3a-8f80-240b0fcec51d,D,main,4,2,5,audio,e5035fc6-1f91-436b-836d-4f72ab1eb49f,3,2,3,5,5,2,5,5,"かすれ
こもる
低い",2026-01-21T10:24:37.566Z,2026-01-21T10:24:46.172Z,2026-01-21T10:24:46.654Z,2026-01-21T10:25:06.557Z,19903,2026-01-21T10:25:07.025Z
1099,7ac3f34b-2f93-40bc-ba4b-5ac6a982d48d,C,main,1,1,4,audio,33a5962d-3cd7-4a66-a39b-2c455e91c735,3,3,3,5,4,5,3,3,"開発者
プロジェクト
言うべきかな",2026-01-21T10:23:53.139Z,2026-01-21T10:24:00.220Z,2026-01-21T10:24:01.172Z,2026-01-21T10:25:06.842Z,65670,2026-01-21T10:25:07.336Z
1100,f1a4c027-7b1b-48b9-a130-02fb07100f0d,D,main,1,1,6,image,,4,6,5,3,7,3,5,4,"少し高い　
不明瞭　
自信がなさそう　
優しそう",2026-01-21T10:23:34.945Z,2026-01-21T10:23:37.946Z,2026-01-21T10:23:49.384Z,2026-01-21T10:25:37.480Z,108096,2026-01-21T10:25:37.373Z
1101,7ac3f34b-2f93-40bc-ba4b-5ac6a982d48d,C,main,2,1,3,audio,0a364546-a569-45a4-9b41-c409fd2eb047,3,3,2,6,4,5,1,3,"フィルムケース
何を入れる
ケースなんだろう",2026-01-21T10:25:08.892Z,2026-01-21T10:25:13.579Z,2026-01-21T10:25:18.942Z,2026-01-21T10:25:56.561Z,37619,2026-01-21T10:25:57.103Z
1102,78c3af50-68fb-4be9-999f-71880e5af44d,D,main,3,2,1,audio,5d22e923-322f-413c-97c5-0ab3920c09cb,4,5,3,5,5,5,3,3,"ゆったりとした
穏やかな
優しい",2026-01-21T10:21:50.017Z,2026-01-21T10:21:56.565Z,2026-01-21T10:22:00.335Z,2026-01-21T10:26:05.423Z,245088,2026-01-21T10:26:06.261Z
1103,601c36ff-4dc3-4a75-8069-fc61f04b2534,C,main,3,2,3,image,,3,3,2,6,5,5,2,2,"遅い
重い
暗い",2026-01-21T10:24:49.785Z,2026-01-21T10:24:52.795Z,2026-01-21T10:25:02.389Z,2026-01-21T10:26:25.011Z,82622,2026-01-21T10:26:27.680Z
1104,0d5dddea-662a-4d2b-b26c-47d36c8d0b48,B,main,3,2,8,image,,3,4,4,4,4,3,2,3,"普通な
珍しくない
気取った",2026-01-21T10:25:24.363Z,2026-01-21T10:25:27.367Z,2026-01-21T10:25:35.645Z,2026-01-21T10:26:56.203Z,80558,2026-01-21T10:26:56.439Z
1105,f1a4c027-7b1b-48b9-a130-02fb07100f0d,D,main,2,1,1,image,,5,3,2,6,3,5,2,3,"若々しい
気取っている
焦っている",2026-01-21T10:25:37.620Z,2026-01-21T10:25:40.620Z,2026-01-21T10:25:48.272Z,2026-01-21T10:27:16.320Z,88048,2026-01-21T10:27:16.214Z
1106,601c36ff-4dc3-4a75-8069-fc61f04b2534,C,main,4,2,4,image,,4,4,2,6,5,5,2,2,"明確な
的確に
軽やかに",2026-01-21T10:26:25.392Z,2026-01-21T10:26:28.395Z,2026-01-21T10:26:32.572Z,2026-01-21T10:27:28.629Z,56057,2026-01-21T10:27:31.281Z
1107,78c3af50-68fb-4be9-999f-71880e5af44d,D,main,4,2,8,audio,04818e61-f89d-4f3d-9910-265efcbad6a1,5,3,3,5,5,5,3,5,"たどたどしい
落ち着きのある
穏やかな",2026-01-21T10:26:07.343Z,2026-01-21T10:26:13.985Z,2026-01-21T10:26:16.119Z,2026-01-21T10:27:30.647Z,74528,2026-01-21T10:27:31.358Z
1108,933a29d6-85ed-435b-bb03-da6cb7978f0c,A,main,3,2,7,audio,27411a2e-13fa-40ee-bffa-2bd8913d7211,3,3,5,3,3,3,1,5,"おとなしい
真面目
モヤモヤする",2026-01-21T10:25:44.532Z,2026-01-21T10:25:48.738Z,2026-01-21T10:25:53.291Z,2026-01-21T10:27:31.642Z,98351,2026-01-21T10:27:32.707Z
1109,7ac3f34b-2f93-40bc-ba4b-5ac6a982d48d,C,main,3,2,3,image,,3,3,1,7,5,5,1,2,"フィルムケース
何を入れる
ケースなんだろう",2026-01-21T10:26:51.150Z,2026-01-21T10:26:54.153Z,2026-01-21T10:26:58.146Z,2026-01-21T10:27:41.648Z,43502,2026-01-21T10:27:42.303Z
1110,8255305d-12c3-4f8d-a931-0692ba2e2c49,C,main,1,1,2,audio,0bf70443-14c7-4cf9-8431-bb64021a6556,4,4,1,7,3,4,1,2,"静か
単調
のんびり",2026-01-21T10:27:37.175Z,2026-01-21T10:27:41.942Z,2026-01-21T10:27:42.878Z,2026-01-21T10:28:19.820Z,36942,2026-01-21T10:28:19.959Z
1111,0d5dddea-662a-4d2b-b26c-47d36c8d0b48,B,main,4,2,1,image,,3,4,4,4,3,4,2,4,"白々しい
嘘っぽい
芝居掛かった",2026-01-21T10:26:56.472Z,2026-01-21T10:26:59.475Z,2026-01-21T10:27:06.000Z,2026-01-21T10:28:19.906Z,73906,2026-01-21T10:28:20.074Z
1112,7ac3f34b-2f93-40bc-ba4b-5ac6a982d48d,C,main,4,2,4,image,,3,2,1,7,5,5,1,2,"開発者
プロジェクト
言うべきかな",2026-01-21T10:27:42.236Z,2026-01-21T10:27:45.240Z,2026-01-21T10:27:48.848Z,2026-01-21T10:28:27.667Z,38819,2026-01-21T10:28:28.296Z
1113,8255305d-12c3-4f8d-a931-0692ba2e2c49,C,main,2,1,8,audio,c56026cc-b351-439e-8c04-37d053b6c220,4,4,1,7,3,3,1,2,"おとなしい
単調
退屈",2026-01-21T10:28:21.662Z,2026-01-21T10:28:27.083Z,2026-01-21T10:28:28.185Z,2026-01-21T10:29:02.596Z,34411,2026-01-21T10:29:02.782Z
1114,f1a4c027-7b1b-48b9-a130-02fb07100f0d,D,main,3,2,1,audio,22df3e25-9b3a-4191-b2ef-ddea4f9f5a81,4,3,3,5,7,5,5,4,"滑舌が悪い
鼻にかかっている
優しそうではある
",2026-01-21T10:28:08.048Z,2026-01-21T10:28:14.079Z,2026-01-21T10:28:16.472Z,2026-01-21T10:29:20.688Z,64216,2026-01-21T10:29:20.483Z
1115,933a29d6-85ed-435b-bb03-da6cb7978f0c,A,main,4,2,4,audio,7b5a86c3-3b7d-4a04-8100-9d55cfa6bad6,3,3,6,2,2,2,3,7,"不快
女らしくない
低い",2026-01-21T10:27:34.011Z,2026-01-21T10:27:39.448Z,2026-01-21T10:27:41.706Z,2026-01-21T10:29:21.034Z,99328,2026-01-21T10:29:22.095Z
1116,f1a4c027-7b1b-48b9-a130-02fb07100f0d,D,main,4,2,6,audio,2248bd76-922b-47fe-94a7-134031a3f2fb,5,3,4,4,6,5,3,2,"落ち着いている
声が細い
喉から声を出している感じ",2026-01-21T10:29:22.400Z,2026-01-21T10:29:29.899Z,2026-01-21T10:29:30.432Z,2026-01-21T10:30:19.280Z,48848,2026-01-21T10:30:19.075Z
1117,8255305d-12c3-4f8d-a931-0692ba2e2c49,C,main,3,2,2,image,,4,4,1,7,2,4,1,2,"単調
静か
のんびり",2026-01-21T10:29:51.940Z,2026-01-21T10:29:54.944Z,2026-01-21T10:29:56.214Z,2026-01-21T10:30:32.674Z,36460,2026-01-21T10:30:32.844Z
1118,8255305d-12c3-4f8d-a931-0692ba2e2c49,C,main,4,2,8,image,,4,5,1,7,2,5,1,1,"単調
ハキハキ
明快",2026-01-21T10:30:32.871Z,2026-01-21T10:30:35.874Z,2026-01-21T10:30:44.012Z,2026-01-21T10:31:22.775Z,38763,2026-01-21T10:31:22.890Z
1119,693a5827-36d5-4ae2-a3ad-37813231e4fd,D,main,1,1,1,image,,3,4,3,5,6,5,3,4,"たどたどしい
何を言っているかは伝わる
誠実",2026-01-21T10:29:49.324Z,2026-01-21T10:29:52.330Z,2026-01-21T10:30:07.859Z,2026-01-21T10:31:33.436Z,85577,2026-01-21T10:31:34.882Z
1120,693a5827-36d5-4ae2-a3ad-37813231e4fd,D,main,2,1,6,image,,6,6,2,6,6,6,3,3,"熱意
決意
覚悟",2026-01-21T10:31:33.957Z,2026-01-21T10:31:36.958Z,2026-01-21T10:31:40.242Z,2026-01-21T10:32:34.659Z,54417,2026-01-21T10:32:36.043Z
1121,68f656a7-9a62-4a27-bcce-fd3d4a2c6bdb,D,main,1,1,3,image,,2,3,5,3,3,3,5,4,"滑舌があまりよくない
はきはきとしていない
思ったより声が低い",2026-01-21T10:30:36.673Z,2026-01-21T10:30:39.675Z,2026-01-21T10:30:52.232Z,2026-01-21T10:33:08.087Z,135855,2026-01-21T10:33:08.074Z
1123,693a5827-36d5-4ae2-a3ad-37813231e4fd,D,main,3,2,1,audio,a2f2e506-0d6e-4cfc-8836-be3e4a15f27e,6,6,2,6,7,6,1,3,"分かりやすい声
すらすら読んでいる
万人向け",2026-01-21T10:33:53.699Z,2026-01-21T10:34:02.835Z,2026-01-21T10:34:05.578Z,2026-01-21T10:35:01.242Z,55664,2026-01-21T10:35:02.264Z
1124,68f656a7-9a62-4a27-bcce-fd3d4a2c6bdb,D,main,2,1,1,image,,2,4,4,4,3,2,5,5,"声量が想定より大きい
はきはきとしていない
声が低い",2026-01-21T10:33:08.210Z,2026-01-21T10:33:11.217Z,2026-01-21T10:33:18.662Z,2026-01-21T10:35:20.689Z,122027,2026-01-21T10:35:20.678Z
1126,693a5827-36d5-4ae2-a3ad-37813231e4fd,D,main,4,2,6,audio,2da12b22-070e-4260-8657-a150f77a06ad,6,6,2,6,7,6,1,6,"安心感
真似しやすい
聞き取りやすい",2026-01-21T10:35:03.911Z,2026-01-21T10:35:09.365Z,2026-01-21T10:35:12.571Z,2026-01-21T10:36:09.308Z,56737,2026-01-21T10:36:10.336Z
1129,68f656a7-9a62-4a27-bcce-fd3d4a2c6bdb,D,main,3,2,1,audio,6d7c5b71-f4f7-4df4-9d97-7fa06cdd0fcc,2,5,5,3,3,3,5,5,"声が枯れている
ゆっくりしている
抑揚が少ない",2026-01-21T10:36:41.852Z,2026-01-21T10:36:47.912Z,2026-01-21T10:36:49.076Z,2026-01-21T10:38:12.870Z,83794,2026-01-21T10:38:12.795Z
1130,68f656a7-9a62-4a27-bcce-fd3d4a2c6bdb,D,main,4,2,3,audio,a21f6d25-0b4a-4897-855d-d08f4db7415b,3,5,5,3,3,2,4,3,"文章の区切りの際に違和感
トーンが低い
声が枯れている",2026-01-21T10:38:14.786Z,2026-01-21T10:38:22.202Z,2026-01-21T10:38:22.922Z,2026-01-21T10:39:33.995Z,71073,2026-01-21T10:39:33.923Z
1131,a96d441e-3ae3-4fc5-9bd7-d8e41eea00c0,C,main,1,1,5,audio,d3cfd933-bddf-4691-9ed7-c655489227cf,2,4,5,3,3,3,2,4,"濁っている
籠っている
はっきりしない",2026-01-21T10:38:22.749Z,2026-01-21T10:38:28.755Z,2026-01-21T10:38:38.732Z,2026-01-21T10:40:33.947Z,115215,2026-01-21T10:40:42.466Z
1132,683c2722-4840-420c-b042-7e9f71e59c65,C,main,1,1,8,audio,2889ebb9-0d2d-4be7-bf69-1167666acde9,4,4,3,5,4,4,3,4,"沈着
親和
丁寧",2026-01-21T10:39:32.179Z,2026-01-21T10:39:42.197Z,2026-01-21T10:39:44.811Z,2026-01-21T10:40:46.851Z,62040,2026-01-21T10:40:44.205Z
1133,9bcaf9df-45b6-44cc-8ce1-80895b09e2f2,D,main,1,1,1,image,,4,4,4,4,3,4,2,4,"薄い
無個性
低音",2026-01-21T10:37:29.848Z,2026-01-21T10:37:32.852Z,2026-01-21T10:37:56.307Z,2026-01-21T10:41:09.639Z,193332,2026-01-21T10:41:10.307Z
1134,e01daa4e-2fc7-4edf-9c6b-65e8df4db19d,C,main,1,1,6,audio,5c5a1bd8-12a2-45ef-9215-d21c0c20ff90,5,5,2,6,6,5,3,2,"真面目
スムーズ
堅実",2026-01-21T10:40:04.835Z,2026-01-21T10:40:08.495Z,2026-01-21T10:40:09.514Z,2026-01-21T10:41:22.892Z,73378,2026-01-21T10:41:21.687Z
1135,e01daa4e-2fc7-4edf-9c6b-65e8df4db19d,C,main,2,1,3,audio,b6f1a4f1-1baa-42ec-ac41-8dffe5c8cc43,5,3,3,5,3,4,5,5,"ゆっくり
マイペース
不安",2026-01-21T10:41:24.820Z,2026-01-21T10:41:34.877Z,2026-01-21T10:41:36.460Z,2026-01-21T10:42:05.813Z,29353,2026-01-21T10:42:04.613Z
1136,683c2722-4840-420c-b042-7e9f71e59c65,C,main,2,1,1,audio,5e847c97-f777-494d-bf1d-27270f6aa446,3,4,4,4,4,3,4,4,"丁寧
おどおど
根暗",2026-01-21T10:40:57.178Z,2026-01-21T10:41:07.276Z,2026-01-21T10:41:08.498Z,2026-01-21T10:42:16.393Z,67895,2026-01-21T10:42:13.785Z
1137,a96d441e-3ae3-4fc5-9bd7-d8e41eea00c0,C,main,2,1,2,audio,369f67b6-3e2f-4708-94fd-31b4b8bc455a,3,4,4,4,4,2,3,5,"自信のない
はっきりしない
濁っている",2026-01-21T10:40:41.657Z,2026-01-21T10:40:47.775Z,2026-01-21T10:41:46.389Z,2026-01-21T10:42:47.151Z,60762,2026-01-21T10:42:55.698Z
1138,e01daa4e-2fc7-4edf-9c6b-65e8df4db19d,C,main,3,2,3,image,,5,3,5,3,6,5,3,3,"シンプル
堅実
安心感",2026-01-21T10:42:56.133Z,2026-01-21T10:42:59.140Z,2026-01-21T10:43:02.550Z,2026-01-21T10:43:40.864Z,38314,2026-01-21T10:43:39.682Z
1139,e01daa4e-2fc7-4edf-9c6b-65e8df4db19d,C,main,4,2,6,image,,5,5,2,6,5,6,2,2,"スムーズ
個性的
真面目",2026-01-21T10:43:40.990Z,2026-01-21T10:43:43.999Z,2026-01-21T10:43:47.528Z,2026-01-21T10:44:20.409Z,32881,2026-01-21T10:44:19.196Z
1140,683c2722-4840-420c-b042-7e9f71e59c65,C,main,3,2,8,image,,4,4,3,5,4,3,3,3,"根暗
不誠実
どもり",2026-01-21T10:43:41.353Z,2026-01-21T10:43:44.354Z,2026-01-21T10:43:51.728Z,2026-01-21T10:44:34.448Z,42720,2026-01-21T10:44:31.799Z
1141,9bcaf9df-45b6-44cc-8ce1-80895b09e2f2,D,main,2,1,3,image,,4,4,4,4,2,4,2,4,"浅い
薄い
軽い",2026-01-21T10:41:10.187Z,2026-01-21T10:41:13.191Z,2026-01-21T10:41:35.038Z,2026-01-21T10:44:51.451Z,196413,2026-01-21T10:44:52.327Z
1142,683c2722-4840-420c-b042-7e9f71e59c65,C,main,4,2,1,image,,4,3,4,4,4,3,4,4,"根暗
重い
どもり",2026-01-21T10:44:34.489Z,2026-01-21T10:44:37.490Z,2026-01-21T10:44:43.144Z,2026-01-21T10:45:16.567Z,33423,2026-01-21T10:45:13.914Z
1143,03e1271e-dba6-4337-9c4a-dbf1c7f7ea2c,D,main,1,1,4,image,,2,2,5,3,3,2,5,4,"太い、
低い、
不人気",2026-01-21T10:44:45.796Z,2026-01-21T10:44:48.802Z,2026-01-21T10:44:50.747Z,2026-01-21T10:45:28.351Z,37604,2026-01-21T10:45:28.338Z
1144,03e1271e-dba6-4337-9c4a-dbf1c7f7ea2c,D,main,2,1,6,image,,2,3,5,3,3,3,4,5,"おかしい
くらい
やる気がない",2026-01-21T10:45:28.427Z,2026-01-21T10:45:31.437Z,2026-01-21T10:45:31.919Z,2026-01-21T10:46:10.224Z,38305,2026-01-21T10:46:10.244Z
1145,a96d441e-3ae3-4fc5-9bd7-d8e41eea00c0,C,main,3,2,5,image,,2,4,4,4,4,4,2,3,"幼い
弱い
自信がない
軽薄",2026-01-21T10:44:26.021Z,2026-01-21T10:44:29.023Z,2026-01-21T10:44:36.402Z,2026-01-21T10:46:02.477Z,86075,2026-01-21T10:46:10.936Z
1146,03e1271e-dba6-4337-9c4a-dbf1c7f7ea2c,D,main,3,2,6,audio,19d12498-19a0-4912-b30b-5878f4c3eede,1,1,7,1,2,2,7,7,"気持ち悪い
怖い
冷たい",2026-01-21T10:46:33.431Z,2026-01-21T10:46:36.674Z,2026-01-21T10:46:38.020Z,2026-01-21T10:47:04.876Z,26856,2026-01-21T10:47:04.976Z
1147,a96d441e-3ae3-4fc5-9bd7-d8e41eea00c0,C,main,4,2,2,image,,3,4,4,4,4,4,2,3,"幼い
弱弱しい
迫力がない",2026-01-21T10:46:02.517Z,2026-01-21T10:46:05.518Z,2026-01-21T10:46:06.962Z,2026-01-21T10:47:04.588Z,57626,2026-01-21T10:47:13.050Z
1148,03e1271e-dba6-4337-9c4a-dbf1c7f7ea2c,D,main,4,2,4,audio,69319da5-7adc-4e7d-8e2a-980b78c81b09,1,1,7,1,3,2,7,7,"怖い
気持ち悪い
女性っぽくない",2026-01-21T10:47:07.977Z,2026-01-21T10:47:11.539Z,2026-01-21T10:47:11.994Z,2026-01-21T10:47:34.796Z,22802,2026-01-21T10:47:34.839Z
1149,9bcaf9df-45b6-44cc-8ce1-80895b09e2f2,D,main,3,2,1,audio,fab0ee31-f06e-428f-a208-5d2ac1acba0a,3,3,3,5,3,3,4,4,"眠そう
やる気がない
だるそう",2026-01-21T10:46:37.963Z,2026-01-21T10:46:44.745Z,2026-01-21T10:46:55.069Z,2026-01-21T10:48:36.672Z,101603,2026-01-21T10:48:37.259Z
1150,e0f2e310-c7d9-4941-9df4-338b995d5cec,D,main,1,1,7,image,,2,3,2,6,2,2,1,2,"低い,小さい,優しい",2026-01-21T10:46:54.058Z,2026-01-21T10:46:57.064Z,2026-01-21T10:47:00.386Z,2026-01-21T10:49:10.911Z,130525,2026-01-21T10:49:11.186Z
1151,cf084e72-d1e3-4dda-8e99-308ec60cda32,D,main,1,1,2,image,,4,1,1,7,5,5,1,2,"普通
通常
平静",2026-01-21T10:47:58.535Z,2026-01-21T10:48:01.536Z,2026-01-21T10:48:15.095Z,2026-01-21T10:49:13.763Z,58668,2026-01-21T10:49:12.828Z
1152,e0f2e310-c7d9-4941-9df4-338b995d5cec,D,main,2,1,2,image,,2,5,1,7,3,4,1,1,"低い,優しい,小さい",2026-01-21T10:49:11.084Z,2026-01-21T10:49:14.086Z,2026-01-21T10:49:15.123Z,2026-01-21T10:49:59.054Z,43931,2026-01-21T10:49:59.281Z
1153,9bcaf9df-45b6-44cc-8ce1-80895b09e2f2,D,main,4,2,3,audio,0b9eb1e5-0d7d-44c3-8648-15a168dbfd28,4,4,4,4,2,2,4,4,"ぼんやり
薄い
ぎこちない",2026-01-21T10:48:40.480Z,2026-01-21T10:48:47.002Z,2026-01-21T10:48:49.877Z,2026-01-21T10:50:33.064Z,103187,2026-01-21T10:50:34.005Z
1154,961f8154-c486-4d76-a326-df0c5ef21100,B,main,1,1,7,image,,4,4,3,5,5,4,1,5,硬い，優しい，のんびり，,2026-01-21T10:46:22.302Z,2026-01-21T10:46:25.309Z,2026-01-21T10:46:44.523Z,2026-01-21T10:50:41.639Z,237116,2026-01-21T10:50:42.011Z
1155,cf084e72-d1e3-4dda-8e99-308ec60cda32,D,main,2,1,5,image,,3,1,1,7,3,2,1,2,"微妙
低下
抵抗",2026-01-21T10:49:13.797Z,2026-01-21T10:49:16.798Z,2026-01-21T10:49:17.971Z,2026-01-21T10:51:24.477Z,126506,2026-01-21T10:51:23.550Z
1156,e0f2e310-c7d9-4941-9df4-338b995d5cec,D,main,3,2,2,audio,bda591e7-8dec-4c25-9704-827100e67fd9,4,4,1,7,4,4,1,1,"優しい,低い,大きい",2026-01-21T10:50:52.424Z,2026-01-21T10:50:57.626Z,2026-01-21T10:50:58.401Z,2026-01-21T10:51:41.675Z,43274,2026-01-21T10:51:42.269Z
1157,3b032666-ad9c-4a88-b8ca-220fbf8b51df,C,main,1,1,6,audio,30becdc4-09ac-4349-aee8-40c1b389a34a,4,4,4,4,5,6,2,2,"こもっている
滑舌がよい
低い",2026-01-21T10:50:42.791Z,2026-01-21T10:50:48.783Z,2026-01-21T10:50:50.110Z,2026-01-21T10:52:07.124Z,77014,2026-01-21T10:52:07.791Z
1158,e0f2e310-c7d9-4941-9df4-338b995d5cec,D,main,4,2,7,audio,b627b806-07c7-4e52-94cd-ad6b42cffb74,4,4,1,7,4,5,1,1,"優しい,明るい,大きい",2026-01-21T10:51:42.913Z,2026-01-21T10:51:47.097Z,2026-01-21T10:51:47.589Z,2026-01-21T10:52:32.354Z,44765,2026-01-21T10:52:32.619Z
1159,edd57796-14d8-4076-b9d2-7586384b223f,B,main,1,1,6,image,,3,3,2,6,5,5,3,2,"穏やか,ゆっくり,優しい",2026-01-21T10:51:04.469Z,2026-01-21T10:51:07.473Z,2026-01-21T10:51:13.540Z,2026-01-21T10:52:35.506Z,81966,2026-01-21T10:52:35.781Z
1160,edd57796-14d8-4076-b9d2-7586384b223f,B,main,2,1,5,image,,4,5,2,6,5,5,2,1,"懐かしい,誇らしい,優しい",2026-01-21T10:52:35.807Z,2026-01-21T10:52:38.809Z,2026-01-21T10:52:41.057Z,2026-01-21T10:53:24.501Z,43444,2026-01-21T10:53:24.858Z
1161,961f8154-c486-4d76-a326-df0c5ef21100,B,main,2,1,6,image,,4,5,2,6,4,3,1,4,"緊張,ゆっくり，変，",2026-01-21T10:50:42.043Z,2026-01-21T10:50:45.048Z,2026-01-21T10:50:57.044Z,2026-01-21T10:53:25.026Z,147982,2026-01-21T10:53:25.341Z
1162,cf084e72-d1e3-4dda-8e99-308ec60cda32,D,main,3,2,2,audio,dca6bb0e-3303-479f-9cb1-bd10038b64a8,3,2,2,6,4,4,1,1,"近似
低音
冷静",2026-01-21T10:52:30.336Z,2026-01-21T10:52:37.920Z,2026-01-21T10:52:38.751Z,2026-01-21T10:53:27.486Z,48735,2026-01-21T10:53:26.549Z
1163,3b032666-ad9c-4a88-b8ca-220fbf8b51df,C,main,2,1,7,audio,8516b415-db10-4876-a104-c6474fe0b1c5,3,3,3,5,4,4,5,5,"聞き取りにくい
やや高い
適度なスピード",2026-01-21T10:52:08.622Z,2026-01-21T10:52:13.185Z,2026-01-21T10:52:14.795Z,2026-01-21T10:53:27.785Z,72990,2026-01-21T10:53:28.444Z
1164,cf084e72-d1e3-4dda-8e99-308ec60cda32,D,main,4,2,5,audio,2fa44524-35cc-47ac-991e-10637653ab6b,3,3,2,6,5,4,1,3,"低音
泰然
沈着",2026-01-21T10:53:28.926Z,2026-01-21T10:53:37.279Z,2026-01-21T10:53:38.117Z,2026-01-21T10:54:16.716Z,38599,2026-01-21T10:54:15.778Z
1165,3b032666-ad9c-4a88-b8ca-220fbf8b51df,C,main,3,2,6,image,,5,5,5,3,5,5,2,2,"聞き取りやすい
低い
説得力のあ？",2026-01-21T10:54:33.945Z,2026-01-21T10:54:36.946Z,2026-01-21T10:54:41.220Z,2026-01-21T10:55:37.876Z,56656,2026-01-21T10:55:38.561Z
1166,edd57796-14d8-4076-b9d2-7586384b223f,B,main,3,2,6,image,,2,5,2,6,5,5,1,2,"優しい,クール,落ち着いている",2026-01-21T10:54:49.459Z,2026-01-21T10:54:52.463Z,2026-01-21T10:54:55.657Z,2026-01-21T10:55:39.146Z,43489,2026-01-21T10:55:39.490Z
1167,3b032666-ad9c-4a88-b8ca-220fbf8b51df,C,main,4,2,7,image,,6,6,2,6,6,6,2,2,"親しみがある
楽しげ
低い",2026-01-21T10:55:37.956Z,2026-01-21T10:55:40.958Z,2026-01-21T10:55:45.693Z,2026-01-21T10:56:31.079Z,45386,2026-01-21T10:56:31.745Z
1168,4816712f-cc9f-42f3-95fa-f0fd4460a297,A,main,1,1,2,audio,c8368253-2592-438a-820e-2dfe6c9cd03d,4,6,2,6,5,5,2,2,"柔らかい
落ち着いた
透き通った
明るい",2026-01-21T10:54:38.830Z,2026-01-21T10:54:48.836Z,2026-01-21T10:54:50.035Z,2026-01-21T10:57:05.531Z,135496,2026-01-21T10:57:06.659Z
1169,edd57796-14d8-4076-b9d2-7586384b223f,B,main,4,2,5,image,,2,5,2,6,5,5,1,1,"ダンディ,かっこいい,優しい",2026-01-21T10:55:39.518Z,2026-01-21T10:55:42.522Z,2026-01-21T10:55:45.683Z,2026-01-21T10:57:22.205Z,96522,2026-01-21T10:57:22.587Z
1170,961f8154-c486-4d76-a326-df0c5ef21100,B,main,3,2,7,image,,2,3,3,5,4,5,1,6,緊張，不自然，違和感，,2026-01-21T10:55:28.442Z,2026-01-21T10:55:31.451Z,2026-01-21T10:55:42.317Z,2026-01-21T10:57:53.851Z,131534,2026-01-21T10:57:54.156Z
1171,4816712f-cc9f-42f3-95fa-f0fd4460a297,A,main,2,1,5,audio,0eed4237-3af5-41b2-8094-e8f361247fa0,4,5,5,3,5,5,4,4,"ハスキー
響き渡る
落ち着いた",2026-01-21T10:57:08.772Z,2026-01-21T10:57:18.873Z,2026-01-21T10:57:19.809Z,2026-01-21T10:58:31.496Z,71687,2026-01-21T10:58:32.602Z
1172,961f8154-c486-4d76-a326-df0c5ef21100,B,main,4,2,6,image,,4,4,4,4,5,5,1,5,"リラックス，優しい，ゆっくり,",2026-01-21T10:57:54.189Z,2026-01-21T10:57:57.197Z,2026-01-21T10:58:07.710Z,2026-01-21T11:00:27.773Z,140063,2026-01-21T11:00:27.840Z
1173,4816712f-cc9f-42f3-95fa-f0fd4460a297,A,main,3,2,5,audio,0eed4237-3af5-41b2-8094-e8f361247fa0,5,5,5,3,5,5,5,5,"ハスキー
落ち着きのある
響き渡る",2026-01-21T10:59:57.898Z,2026-01-21T11:00:07.980Z,2026-01-21T11:00:09.313Z,2026-01-21T11:00:55.623Z,46310,2026-01-21T11:00:55.850Z
1174,4816712f-cc9f-42f3-95fa-f0fd4460a297,A,main,4,2,2,audio,c8368253-2592-438a-820e-2dfe6c9cd03d,5,4,2,6,5,6,2,2,"やさしい
暖かい
親しみやすい",2026-01-21T11:00:57.809Z,2026-01-21T11:01:07.819Z,2026-01-21T11:01:08.789Z,2026-01-21T11:02:10.937Z,62148,2026-01-21T11:02:11.145Z
1175,f8acb1e8-f759-4050-916a-663f4069ae8a,C,main,1,1,5,audio,b97c236e-e153-4a20-aeb0-e320742dbf1b,3,3,5,3,7,4,6,5,"暗い,低い,気持ち悪い",2026-01-21T11:07:58.887Z,2026-01-21T11:08:05.796Z,2026-01-21T11:08:10.486Z,2026-01-21T11:09:19.919Z,69433,2026-01-21T11:09:20.329Z
1176,5df66b48-e2c9-4507-9a4f-d94704a45428,D,main,1,1,5,image,,4,3,3,5,3,7,1,5,"不明瞭
低めの
棒読みの",2026-01-21T11:06:48.970Z,2026-01-21T11:06:51.971Z,2026-01-21T11:06:59.840Z,2026-01-21T11:10:09.387Z,189547,2026-01-21T11:10:12.461Z
1177,f8acb1e8-f759-4050-916a-663f4069ae8a,C,main,2,1,1,audio,216370dc-3876-4e50-bb67-f1e259e3b539,4,4,5,3,7,5,5,5,"落ち着いている,低い,ゆっくり",2026-01-21T11:09:22.419Z,2026-01-21T11:09:29.497Z,2026-01-21T11:09:30.838Z,2026-01-21T11:10:18.002Z,47164,2026-01-21T11:10:18.397Z
1178,f8acb1e8-f759-4050-916a-663f4069ae8a,C,main,3,2,1,image,,4,4,4,4,6,5,4,4,"明るい,聞き取りやすい,ゆっくり",2026-01-21T11:10:47.854Z,2026-01-21T11:10:50.857Z,2026-01-21T11:11:01.185Z,2026-01-21T11:11:37.119Z,35934,2026-01-21T11:11:37.547Z
1179,5df66b48-e2c9-4507-9a4f-d94704a45428,D,main,2,1,6,image,,4,4,3,5,3,7,1,2,"明るめ
前向き
落ち着いた",2026-01-21T11:10:09.488Z,2026-01-21T11:10:12.490Z,2026-01-21T11:10:14.979Z,2026-01-21T11:11:51.805Z,96826,2026-01-21T11:11:54.809Z
1180,f8acb1e8-f759-4050-916a-663f4069ae8a,C,main,4,2,5,image,,5,5,4,4,6,5,3,4,"はっきりしている,ハキハキ,わかりやすい",2026-01-21T11:11:37.431Z,2026-01-21T11:11:40.434Z,2026-01-21T11:11:44.401Z,2026-01-21T11:12:26.068Z,41667,2026-01-21T11:12:26.600Z
1181,2c086539-5ebf-480b-b18d-a97332c9f0e7,D,main,1,1,5,image,,2,5,5,3,3,5,4,5,"よくわからなかった,伝わってるのかがいまいち,声自体が出ているのか",2026-01-21T11:10:30.320Z,2026-01-21T11:10:33.326Z,2026-01-21T11:10:50.077Z,2026-01-21T11:13:25.344Z,155267,2026-01-21T11:13:25.512Z
1183,5df66b48-e2c9-4507-9a4f-d94704a45428,D,main,3,2,5,audio,2e6f5b70-b14b-401f-a351-8b10ebe2e20a,2,1,2,6,3,2,6,7,"暗い
棒読み
静か",2026-01-21T11:13:10.817Z,2026-01-21T11:13:17.032Z,2026-01-21T11:13:18.152Z,2026-01-21T11:14:37.193Z,79041,2026-01-21T11:14:40.206Z
1184,2c086539-5ebf-480b-b18d-a97332c9f0e7,D,main,2,1,1,image,,3,4,3,5,3,2,2,3,"聞き取りにくかった,あまり聞こえなかった,伝わっているかわからなかった",2026-01-21T11:13:25.547Z,2026-01-21T11:13:28.552Z,2026-01-21T11:13:53.176Z,2026-01-21T11:15:45.949Z,112773,2026-01-21T11:15:46.112Z
1185,d540c53e-e812-4bfc-bb90-667341b3147e,C,main,1,1,4,audio,6421db3d-2e67-4be4-aafc-23dbcc434fd9,2,2,3,5,3,3,3,3,"曇っている,元気がない,落ち着いた",2026-01-21T11:14:38.748Z,2026-01-21T11:14:46.049Z,2026-01-21T11:14:46.905Z,2026-01-21T11:15:52.162Z,65257,2026-01-21T11:15:52.562Z
1186,5df66b48-e2c9-4507-9a4f-d94704a45428,D,main,4,2,6,audio,3965596b-4991-4903-a14d-515f9c03c3dd,2,3,5,3,5,6,1,5,"希望的
不明瞭
静か",2026-01-21T11:14:38.867Z,2026-01-21T11:14:42.861Z,2026-01-21T11:14:43.771Z,2026-01-21T11:15:52.642Z,68871,2026-01-21T11:15:55.674Z
1188,d540c53e-e812-4bfc-bb90-667341b3147e,C,main,2,1,6,audio,e01c7cea-746c-4204-aa4c-fa9220778b2b,2,3,3,5,3,3,3,3,"元気がない,普通の声,記憶に残らなそうな",2026-01-21T11:15:55.204Z,2026-01-21T11:16:00.405Z,2026-01-21T11:16:01.492Z,2026-01-21T11:16:43.909Z,42417,2026-01-21T11:16:44.280Z
1190,d540c53e-e812-4bfc-bb90-667341b3147e,C,main,3,2,4,image,,3,3,3,5,3,3,3,4,"落ち着いた,穏やかな,自然な",2026-01-21T11:17:03.941Z,2026-01-21T11:17:06.943Z,2026-01-21T11:17:08.169Z,2026-01-21T11:17:31.854Z,23685,2026-01-21T11:17:32.236Z
1191,cd8d6d97-2d16-4da0-a6dd-05ed896414a3,C,main,1,1,8,audio,91ebb43e-8caf-456e-9d18-25ed2dc99684,1,2,2,6,3,3,4,4,"怯える,寂しい,悲しい",2026-01-21T11:15:10.882Z,2026-01-21T11:15:19.300Z,2026-01-21T11:15:30.977Z,2026-01-21T11:17:45.764Z,134787,2026-01-21T11:17:45.770Z
1192,d540c53e-e812-4bfc-bb90-667341b3147e,C,main,4,2,6,image,,3,3,3,5,3,3,3,3,"一般的な,自然な,穏やかな形容詞",2026-01-21T11:17:31.929Z,2026-01-21T11:17:34.932Z,2026-01-21T11:17:37.828Z,2026-01-21T11:18:01.543Z,23715,2026-01-21T11:18:01.917Z
1193,2c086539-5ebf-480b-b18d-a97332c9f0e7,D,main,3,2,5,audio,e2108508-0cc2-47f4-b381-556c71784146,4,3,3,5,5,3,3,2,"震えながら喋っている,緊張している,自信に欠けている",2026-01-21T11:16:57.376Z,2026-01-21T11:17:07.427Z,2026-01-21T11:17:09.934Z,2026-01-21T11:18:59.274Z,109340,2026-01-21T11:18:59.279Z
1194,857def1a-bd51-4c9a-9310-187e613a258c,D,main,1,1,4,image,,1,2,2,6,4,4,4,4,"小さい,不安そうな,自信がなさそうな",2026-01-21T11:16:29.061Z,2026-01-21T11:16:32.065Z,2026-01-21T11:16:44.530Z,2026-01-21T11:19:01.603Z,137073,2026-01-21T11:19:01.773Z
1195,cd8d6d97-2d16-4da0-a6dd-05ed896414a3,C,main,2,1,3,audio,8bb31c31-85fc-4aee-a686-fb0baf277a92,2,3,3,5,4,3,5,3,"不安,疑心暗鬼,憧れる",2026-01-21T11:17:47.929Z,2026-01-21T11:17:53.965Z,2026-01-21T11:17:55.632Z,2026-01-21T11:19:39.738Z,104106,2026-01-21T11:19:39.352Z
1196,2c086539-5ebf-480b-b18d-a97332c9f0e7,D,main,4,2,1,audio,cfb484d3-97e1-4a26-bf3a-50e8b1f178d0,4,5,4,4,5,4,3,4,"緊張はしてない感じがあった,やや自然体,声は聞き取れた",2026-01-21T11:19:05.033Z,2026-01-21T11:19:15.066Z,2026-01-21T11:19:16.923Z,2026-01-21T11:20:38.552Z,81629,2026-01-21T11:20:38.553Z
1197,02506431-1a9c-4bd5-bf1a-6439c07aae10,A,main,1,1,5,audio,32fcd776-c502-45cc-919e-536d474d5d34,4,4,3,5,5,5,4,5,"こそばゆい
馴染みやすい
恥ずかしい",2026-01-21T11:18:32.796Z,2026-01-21T11:18:39.502Z,2026-01-21T11:18:42.642Z,2026-01-21T11:21:14.352Z,151710,2026-01-21T11:21:15.078Z
1198,76aecbe6-f24f-47cd-9f0b-90177679e8c1,B,main,1,1,6,image,,4,5,3,5,6,5,2,2,"通常,いつも通り,当たり前",2026-01-21T11:20:27.880Z,2026-01-21T11:20:30.881Z,2026-01-21T11:20:40.400Z,2026-01-21T11:21:20.935Z,40535,2026-01-21T11:21:20.249Z
1199,76aecbe6-f24f-47cd-9f0b-90177679e8c1,B,main,2,1,7,image,,6,5,4,4,5,4,2,2,"真実,日常,本当",2026-01-21T11:21:20.969Z,2026-01-21T11:21:23.984Z,2026-01-21T11:21:30.295Z,2026-01-21T11:22:24.271Z,53976,2026-01-21T11:22:23.583Z
1200,3a289ebb-3c18-4d8f-8ad1-bca6f928643d,C,main,1,1,2,audio,d6353cb3-5937-4395-b055-e5b1fcd36837,3,3,4,4,4,3,5,4,"変な
キモい
暗い",2026-01-21T11:21:09.272Z,2026-01-21T11:21:18.436Z,2026-01-21T11:21:19.488Z,2026-01-21T11:22:24.819Z,65331,2026-01-21T11:22:26.601Z
1201,02506431-1a9c-4bd5-bf1a-6439c07aae10,A,main,2,1,2,audio,fb8e85ed-b4a9-471d-ab9a-19a3c8100583,5,5,2,6,6,5,3,3,"気まずい
小気味いい
いつも通り",2026-01-21T11:21:16.028Z,2026-01-21T11:21:21.466Z,2026-01-21T11:21:22.231Z,2026-01-21T11:22:48.752Z,86521,2026-01-21T11:22:49.492Z
1202,cd8d6d97-2d16-4da0-a6dd-05ed896414a3,C,main,3,2,8,image,,4,4,4,4,3,3,4,3,"機械的な,聞き取りやすい,一定音",2026-01-21T11:20:45.487Z,2026-01-21T11:20:48.491Z,2026-01-21T11:20:51.529Z,2026-01-21T11:23:02.287Z,130758,2026-01-21T11:23:02.746Z
1203,857def1a-bd51-4c9a-9310-187e613a258c,D,main,2,1,6,image,,3,4,3,5,5,4,4,3,小さい，早い，難しそうな,2026-01-21T11:19:01.853Z,2026-01-21T11:19:04.856Z,2026-01-21T11:19:15.706Z,2026-01-21T11:23:18.509Z,242803,2026-01-21T11:23:18.663Z
1204,981fb0be-8a97-4f44-9035-55ee6bb0af85,D,main,1,1,8,image,,4,5,2,6,5,6,2,5,"落着き,普通,安心",2026-01-21T11:22:16.499Z,2026-01-21T11:22:19.513Z,2026-01-21T11:22:31.360Z,2026-01-21T11:23:35.451Z,64091,2026-01-21T11:23:35.463Z
1205,3a289ebb-3c18-4d8f-8ad1-bca6f928643d,C,main,2,1,5,audio,9647aa3b-56c5-451c-8d9b-a3812b9d36d8,2,3,5,3,5,3,5,4,"早い
暗い
キモい
",2026-01-21T11:22:29.295Z,2026-01-21T11:22:38.187Z,2026-01-21T11:22:38.976Z,2026-01-21T11:23:36.618Z,57642,2026-01-21T11:23:38.194Z
1206,cd8d6d97-2d16-4da0-a6dd-05ed896414a3,C,main,4,2,3,image,,4,4,4,4,2,3,4,4,"作られた,合わさった,不思議な",2026-01-21T11:23:03.269Z,2026-01-21T11:23:06.271Z,2026-01-21T11:23:07.893Z,2026-01-21T11:24:34.881Z,86988,2026-01-21T11:24:34.504Z
1207,76aecbe6-f24f-47cd-9f0b-90177679e8c1,B,main,3,2,7,image,,5,3,3,5,2,4,3,2,"恐怖,激怒,非日常
",2026-01-21T11:24:04.827Z,2026-01-21T11:24:07.828Z,2026-01-21T11:24:14.407Z,2026-01-21T11:25:07.640Z,53233,2026-01-21T11:25:06.952Z
1208,981fb0be-8a97-4f44-9035-55ee6bb0af85,D,main,2,1,4,image,,5,5,2,6,6,6,2,2,"馴染みがない,普通,安心する",2026-01-21T11:23:35.533Z,2026-01-21T11:23:38.534Z,2026-01-21T11:23:53.598Z,2026-01-21T11:25:07.292Z,73694,2026-01-21T11:25:07.310Z
1209,02506431-1a9c-4bd5-bf1a-6439c07aae10,A,main,3,2,2,audio,fb8e85ed-b4a9-471d-ab9a-19a3c8100583,5,5,2,6,6,5,3,3,"いつも通り
恥ずかしい
小気味いい",2026-01-21T11:24:31.411Z,2026-01-21T11:24:36.803Z,2026-01-21T11:24:37.486Z,2026-01-21T11:25:17.341Z,39855,2026-01-21T11:25:18.139Z
1210,02506431-1a9c-4bd5-bf1a-6439c07aae10,A,main,4,2,5,audio,32fcd776-c502-45cc-919e-536d474d5d34,5,6,3,5,5,5,2,3,"恥ずかしい
小気味いい
普段通り",2026-01-21T11:25:19.067Z,2026-01-21T11:25:25.869Z,2026-01-21T11:25:26.337Z,2026-01-21T11:25:51.016Z,24679,2026-01-21T11:25:51.748Z
1211,76aecbe6-f24f-47cd-9f0b-90177679e8c1,B,main,4,2,6,image,,2,3,2,6,3,2,3,2,"憤怒,嫌味,痛み",2026-01-21T11:25:07.687Z,2026-01-21T11:25:10.688Z,2026-01-21T11:25:19.103Z,2026-01-21T11:25:54.864Z,35761,2026-01-21T11:25:54.171Z
1212,3a289ebb-3c18-4d8f-8ad1-bca6f928643d,C,main,3,2,5,image,,3,4,5,3,5,5,6,5,"暗い
早い
変な",2026-01-21T11:25:11.598Z,2026-01-21T11:25:14.601Z,2026-01-21T11:25:23.487Z,2026-01-21T11:26:27.380Z,63893,2026-01-21T11:26:28.908Z
1213,981fb0be-8a97-4f44-9035-55ee6bb0af85,D,main,3,2,8,audio,99f19159-8fd4-46b7-b3ff-09c68431cc1a,5,4,2,6,6,6,2,2,"落ち着いている,安心している,少し早い",2026-01-21T11:25:42.204Z,2026-01-21T11:25:49.119Z,2026-01-21T11:25:49.652Z,2026-01-21T11:26:43.511Z,53859,2026-01-21T11:26:43.520Z
1214,3a289ebb-3c18-4d8f-8ad1-bca6f928643d,C,main,4,2,2,image,,2,6,6,2,5,4,6,4,"暗い
キモい
変な
汚い",2026-01-21T11:26:29.813Z,2026-01-21T11:26:32.817Z,2026-01-21T11:26:36.694Z,2026-01-21T11:27:24.127Z,47433,2026-01-21T11:27:27.781Z
1215,981fb0be-8a97-4f44-9035-55ee6bb0af85,D,main,4,2,4,audio,08a16268-ae65-48fe-843a-2123de4ab79e,6,4,2,6,6,6,1,2,"遅い,安心する,普段通り",2026-01-21T11:26:45.085Z,2026-01-21T11:26:51.897Z,2026-01-21T11:26:52.385Z,2026-01-21T11:27:56.123Z,63738,2026-01-21T11:27:56.129Z
1216,857def1a-bd51-4c9a-9310-187e613a258c,D,main,3,2,6,audio,1f0f8cb5-0dc1-48dc-a4dd-054f7a8d7203,3,3,2,6,4,4,3,3,小さい，細い，自信がなさそうな,2026-01-21T11:26:46.706Z,2026-01-21T11:26:51.314Z,2026-01-21T11:26:53.075Z,2026-01-21T11:28:17.397Z,84322,2026-01-21T11:28:17.565Z
1217,857def1a-bd51-4c9a-9310-187e613a258c,D,main,4,2,4,audio,a01ca9c1-f2ca-4b6b-af56-6dc84a97d5b1,2,2,2,6,3,3,2,3,小さい，遅い，自信がなさそうな,2026-01-21T11:28:23.582Z,2026-01-21T11:28:28.789Z,2026-01-21T11:28:36.135Z,2026-01-21T11:29:31.275Z,55140,2026-01-21T11:29:31.422Z
1218,8c32e163-9cee-4166-878e-cd4dfbfa84d0,C,main,1,1,7,audio,567510df-c921-4a6e-9aed-dae4918aa12c,4,5,1,7,6,6,1,2,"低い
落ちつきのある
こもっている風な",2026-01-21T11:24:51.024Z,2026-01-21T11:24:56.131Z,2026-01-21T11:25:01.037Z,2026-01-21T11:30:26.971Z,325934,2026-01-21T11:30:26.262Z
1220,8c32e163-9cee-4166-878e-cd4dfbfa84d0,C,main,2,1,4,audio,d4cf1c52-46c9-43a0-a5a8-d6c5e89369fb,4,5,1,7,6,6,1,1,"大きな
ゆっくりな
はっきり",2026-01-21T11:30:29.503Z,2026-01-21T11:30:38.970Z,2026-01-21T11:30:41.894Z,2026-01-21T11:31:51.689Z,69795,2026-01-21T11:31:50.882Z
1222,0cd2c242-1787-47e4-8198-faef9842434f,C,main,1,1,2,audio,681d5344-5244-4a68-aba0-9b6da81e7290,4,3,3,5,4,5,5,5,"聞き取りやすい
落ち着ている
おもしろい",2026-01-21T11:31:49.638Z,2026-01-21T11:31:58.580Z,2026-01-21T11:31:59.814Z,2026-01-21T11:35:10.700Z,190886,2026-01-21T11:35:10.802Z
1223,8c32e163-9cee-4166-878e-cd4dfbfa84d0,C,main,3,2,4,image,,6,6,1,7,6,6,1,1,"丸い
大きな
さらっとした",2026-01-21T11:34:43.494Z,2026-01-21T11:34:46.495Z,2026-01-21T11:35:03.660Z,2026-01-21T11:36:47.899Z,104239,2026-01-21T11:36:47.274Z
1224,0cd2c242-1787-47e4-8198-faef9842434f,C,main,2,1,3,audio,0f7e0883-cdac-4ad6-b67f-00339198fab1,2,2,5,3,4,3,5,6,"疲れている
聞き取りやすい
悪そう
",2026-01-21T11:35:13.514Z,2026-01-21T11:35:17.849Z,2026-01-21T11:35:18.374Z,2026-01-21T11:36:53.917Z,95543,2026-01-21T11:36:53.839Z
1225,cf3abb11-9dc7-4ad4-ac08-b74c1e1fac5e,D,main,1,1,7,image,,4,4,2,6,3,4,1,2,"大きい
小さい
嬉しい
楽しい",2026-01-21T11:34:39.163Z,2026-01-21T11:34:42.167Z,2026-01-21T11:34:53.895Z,2026-01-21T11:36:54.554Z,120659,2026-01-21T11:36:54.800Z
1226,cf3abb11-9dc7-4ad4-ac08-b74c1e1fac5e,D,main,2,1,2,image,,3,4,1,7,6,6,1,2,"可愛い
嬉しい
悲しい
寂しい",2026-01-21T11:36:54.823Z,2026-01-21T11:36:57.826Z,2026-01-21T11:37:00.352Z,2026-01-21T11:37:53.635Z,53283,2026-01-21T11:37:53.865Z
1227,8c32e163-9cee-4166-878e-cd4dfbfa84d0,C,main,4,2,7,image,,6,6,1,7,6,6,1,1,"低めな
平常心な
男っぽい",2026-01-21T11:36:48.187Z,2026-01-21T11:36:51.188Z,2026-01-21T11:37:06.746Z,2026-01-21T11:38:30.588Z,83842,2026-01-21T11:38:29.777Z
1228,0cd2c242-1787-47e4-8198-faef9842434f,C,main,3,2,2,image,,3,3,5,3,4,3,3,2,"わからない
気持ち悪い
混乱する",2026-01-21T11:38:08.093Z,2026-01-21T11:38:11.094Z,2026-01-21T11:38:17.957Z,2026-01-21T11:39:06.859Z,48902,2026-01-21T11:39:06.865Z
1229,0cd2c242-1787-47e4-8198-faef9842434f,C,main,4,2,3,image,,3,3,3,5,2,2,3,5,"わからない
気持ち悪い
混乱する",2026-01-21T11:39:07.008Z,2026-01-21T11:39:10.009Z,2026-01-21T11:39:10.473Z,2026-01-21T11:39:48.150Z,37677,2026-01-21T11:39:48.074Z
1230,cf3abb11-9dc7-4ad4-ac08-b74c1e1fac5e,D,main,3,2,7,audio,c47c82b6-56f1-4e94-8d02-03a0b2245d2a,6,6,1,7,6,6,1,1,"楽しい
騒がしい
優しい
",2026-01-21T11:39:15.245Z,2026-01-21T11:39:21.574Z,2026-01-21T11:39:22.061Z,2026-01-21T11:40:08.126Z,46065,2026-01-21T11:40:08.362Z
1231,6e19e365-6f74-4ede-bf5c-a355e91c6dfe,D,main,1,1,5,image,,6,6,1,7,6,7,1,1,"「明るい」
「かわいい」
「高い」
「ハキハキしてる」",2026-01-21T11:36:17.782Z,2026-01-21T11:36:20.786Z,2026-01-21T11:36:39.743Z,2026-01-21T11:40:16.759Z,217016,2026-01-21T11:40:16.900Z
1232,cf3abb11-9dc7-4ad4-ac08-b74c1e1fac5e,D,main,4,2,2,audio,ca737d20-2d5f-4629-b592-9b1038fa8ce1,6,6,1,7,6,7,1,1,"悲しい　
楽しい
暗い",2026-01-21T11:40:10.192Z,2026-01-21T11:40:19.413Z,2026-01-21T11:40:20.775Z,2026-01-21T11:41:08.123Z,47348,2026-01-21T11:41:09.264Z
1233,6e19e365-6f74-4ede-bf5c-a355e91c6dfe,D,main,2,1,2,image,,7,7,1,7,7,7,1,1,"「かわいい」
「高い」
「わかりやすい」",2026-01-21T11:40:16.917Z,2026-01-21T11:40:19.921Z,2026-01-21T11:40:25.642Z,2026-01-21T11:41:23.533Z,57891,2026-01-21T11:41:23.645Z
1234,1dba3f02-790e-4bc4-8a0e-f0963514e274,D,main,1,1,6,image,,4,4,4,4,4,5,3,4,「他，」「人，」「事，」,2026-01-21T11:40:54.418Z,2026-01-21T11:40:57.421Z,2026-01-21T11:41:18.710Z,2026-01-21T11:43:32.247Z,133537,2026-01-21T11:43:32.549Z
1235,7d7bfbc0-7b4e-4405-9518-3598cf39ed50,A,main,1,1,1,audio,a34f2edb-76ef-4037-90ba-3d1521adb1cb,4,5,3,5,3,5,1,1,"聞きやすい
はっきりしている
落ち着いている",2026-01-21T11:42:09.309Z,2026-01-21T11:42:14.835Z,2026-01-21T11:42:17.798Z,2026-01-21T11:43:42.973Z,85175,2026-01-21T11:43:43.586Z
1236,9cebc055-6d17-4138-be7a-097c7591825a,C,main,1,1,3,audio,098fdd5c-9fbe-4c59-b881-b921e531a636,5,4,1,7,6,6,1,5,"はっきりしている
子どもっぽい
たどたどしい",2026-01-21T11:41:00.090Z,2026-01-21T11:41:06.312Z,2026-01-21T11:41:07.511Z,2026-01-21T11:43:56.818Z,169307,2026-01-21T11:43:51.645Z
1237,1dba3f02-790e-4bc4-8a0e-f0963514e274,D,main,2,1,8,image,,4,4,4,4,4,4,4,4,「経験者，」「答える，」「最適，」,2026-01-21T11:43:32.436Z,2026-01-21T11:43:35.437Z,2026-01-21T11:43:41.313Z,2026-01-21T11:44:15.677Z,34364,2026-01-21T11:44:15.841Z
1238,6e19e365-6f74-4ede-bf5c-a355e91c6dfe,D,main,3,2,2,audio,11d6440e-4822-4e7d-b280-e867fea16a26,6,6,1,7,7,7,1,1,"「親しみやすい」
「かわいい」
「高い」",2026-01-21T11:43:00.591Z,2026-01-21T11:43:05.059Z,2026-01-21T11:43:07.739Z,2026-01-21T11:44:19.395Z,71656,2026-01-21T11:44:19.539Z
1239,9cebc055-6d17-4138-be7a-097c7591825a,C,main,2,1,4,audio,8c022778-c553-4850-92ba-307ecaf01d5d,4,4,4,4,5,5,5,6,"慣れていない
拙い
子供っぽい",2026-01-21T11:43:58.334Z,2026-01-21T11:44:05.322Z,2026-01-21T11:44:05.745Z,2026-01-21T11:44:58.956Z,53211,2026-01-21T11:44:53.763Z
1240,7d7bfbc0-7b4e-4405-9518-3598cf39ed50,A,main,2,1,6,audio,a957f478-9df5-401b-9f21-32315f0e950f,2,3,5,3,7,4,3,3,"どもっている
少し低い
滑舌がよくない",2026-01-21T11:43:45.053Z,2026-01-21T11:43:49.492Z,2026-01-21T11:43:50.317Z,2026-01-21T11:45:00.227Z,69910,2026-01-21T11:45:00.828Z
1241,1dba3f02-790e-4bc4-8a0e-f0963514e274,D,main,3,2,6,audio,63a7462c-c4a9-44f6-88ab-25cece2231d1,4,4,4,4,3,4,4,4,「他，」「人，」「事，」,2026-01-21T11:44:52.130Z,2026-01-21T11:45:00.062Z,2026-01-21T11:45:01.211Z,2026-01-21T11:45:31.935Z,30724,2026-01-21T11:45:32.097Z
1242,6e19e365-6f74-4ede-bf5c-a355e91c6dfe,D,main,4,2,5,audio,e5bac09d-ecc5-40f1-bf4a-301ffce2f30c,7,7,1,7,7,6,1,1,"「かわいい」
「高い」
「親しみやすい」",2026-01-21T11:44:23.301Z,2026-01-21T11:44:30.583Z,2026-01-21T11:44:34.724Z,2026-01-21T11:45:33.741Z,59017,2026-01-21T11:45:33.858Z
1243,1dba3f02-790e-4bc4-8a0e-f0963514e274,D,main,4,2,8,audio,1796b416-c56c-4021-b79b-85039d574157,4,4,4,4,4,4,4,4,「経験者，」「答え，」「最適，」,2026-01-21T11:45:33.872Z,2026-01-21T11:45:43.912Z,2026-01-21T11:45:44.585Z,2026-01-21T11:46:17.053Z,32468,2026-01-21T11:46:17.217Z
1244,7d7bfbc0-7b4e-4405-9518-3598cf39ed50,A,main,3,2,6,audio,a957f478-9df5-401b-9f21-32315f0e950f,4,5,3,5,6,4,5,3,"どもっている
少し低い
滑舌がよくない",2026-01-21T11:46:12.153Z,2026-01-21T11:46:16.593Z,2026-01-21T11:46:17.201Z,2026-01-21T11:47:13.814Z,56613,2026-01-21T11:47:14.407Z
1245,9cebc055-6d17-4138-be7a-097c7591825a,C,main,3,2,3,image,,3,4,4,4,6,6,5,5,"ゆっくりしている
若い
滑舌が悪い",2026-01-21T11:46:12.305Z,2026-01-21T11:46:15.306Z,2026-01-21T11:46:16.582Z,2026-01-21T11:47:30.587Z,74005,2026-01-21T11:47:25.325Z
1246,9cebc055-6d17-4138-be7a-097c7591825a,C,main,4,2,4,image,,3,3,3,5,6,5,5,5,"ゆっくりしている
緊張している
若い",2026-01-21T11:47:30.761Z,2026-01-21T11:47:33.762Z,2026-01-21T11:47:36.713Z,2026-01-21T11:48:25.805Z,49092,2026-01-21T11:48:20.457Z
1247,7d7bfbc0-7b4e-4405-9518-3598cf39ed50,A,main,4,2,1,audio,a34f2edb-76ef-4037-90ba-3d1521adb1cb,5,6,2,6,3,2,2,2,"はっきりしている
ちょうどよい速さ
少し高め",2026-01-21T11:47:15.967Z,2026-01-21T11:47:21.497Z,2026-01-21T11:47:25.087Z,2026-01-21T11:48:20.484Z,55397,2026-01-21T11:48:21.083Z
1248,1c0fe8c6-ab2f-4344-8db1-490539df26b7,C,main,1,1,7,audio,49cd0f00-aa79-4d07-940a-8956654c9f35,1,1,7,1,7,5,5,5,"くぐもった
のろのろした遅い
鼻にかかった甲高い",2026-01-21T11:47:53.799Z,2026-01-21T11:48:05.019Z,2026-01-21T11:48:06.701Z,2026-01-21T11:49:19.948Z,73247,2026-01-21T11:49:19.335Z
1249,1c0fe8c6-ab2f-4344-8db1-490539df26b7,C,main,2,1,3,audio,3f343ed4-d67f-454d-a764-f39d4e11f4da,1,7,7,1,7,5,6,6,"のろのろした遅い
鼻にかかった声
甘ったれた
",2026-01-21T11:49:22.198Z,2026-01-21T11:49:28.409Z,2026-01-21T11:49:29.737Z,2026-01-21T11:50:38.275Z,68538,2026-01-21T11:50:37.513Z
1250,1370f401-f8d3-4d78-a560-32b42276f17e,B,main,1,1,8,image,,2,4,5,3,6,7,2,3,"低い
聞きやすい
きれい",2026-01-21T11:50:06.387Z,2026-01-21T11:50:09.393Z,2026-01-21T11:50:17.770Z,2026-01-21T11:52:33.624Z,135854,2026-01-21T11:52:33.925Z
1251,3bf83e62-62dc-4680-b6f2-16e9fe03164e,D,main,1,1,4,image,,2,4,3,5,4,4,5,2,"不安定,声が低い,声がこまる",2026-01-21T11:51:06.808Z,2026-01-21T11:51:09.812Z,2026-01-21T11:51:18.306Z,2026-01-21T11:52:51.250Z,92944,2026-01-21T11:52:51.407Z
1252,1c0fe8c6-ab2f-4344-8db1-490539df26b7,C,main,3,2,3,image,,4,5,3,5,2,6,2,2,"スラスラと早い発音
活舌の良い
明るい声",2026-01-21T11:51:54.294Z,2026-01-21T11:51:57.295Z,2026-01-21T11:52:02.297Z,2026-01-21T11:53:04.339Z,62042,2026-01-21T11:53:04.004Z
1253,1370f401-f8d3-4d78-a560-32b42276f17e,B,main,2,1,1,image,,3,4,2,6,5,5,3,2,"いつも通り
綺麗じゃない
低い",2026-01-21T11:52:34.012Z,2026-01-21T11:52:37.015Z,2026-01-21T11:52:39.027Z,2026-01-21T11:53:30.703Z,51676,2026-01-21T11:53:31.124Z
1254,3bf83e62-62dc-4680-b6f2-16e9fe03164e,D,main,2,1,3,image,,4,5,2,6,5,5,2,2,"声が高い,安定,聞きやすい",2026-01-21T11:52:51.421Z,2026-01-21T11:52:54.425Z,2026-01-21T11:52:56.515Z,2026-01-21T11:53:51.364Z,54849,2026-01-21T11:53:51.525Z
1255,1c0fe8c6-ab2f-4344-8db1-490539df26b7,C,main,4,2,7,image,,6,5,2,6,4,6,2,2,"やや早口
感情豊か
明るそうな声
",2026-01-21T11:53:04.964Z,2026-01-21T11:53:07.965Z,2026-01-21T11:53:12.570Z,2026-01-21T11:54:13.187Z,60617,2026-01-21T11:54:12.418Z
1256,3bf83e62-62dc-4680-b6f2-16e9fe03164e,D,main,3,2,3,audio,b60d8aaf-2acc-4d7c-836b-55a8af0832ac,2,3,5,3,5,5,3,3,"かすれてる,鼻声,馴染みある",2026-01-21T11:54:35.893Z,2026-01-21T11:54:41.031Z,2026-01-21T11:54:43.058Z,2026-01-21T11:55:24.860Z,41802,2026-01-21T11:55:25.001Z
1257,3bf83e62-62dc-4680-b6f2-16e9fe03164e,D,main,4,2,4,audio,eee03513-14bc-489d-8f14-a5952c27ccf9,6,6,2,6,6,6,2,2,"聞き取りやすい,クリアー,安心",2026-01-21T11:55:26.490Z,2026-01-21T11:55:34.317Z,2026-01-21T11:55:35.273Z,2026-01-21T11:56:03.972Z,28699,2026-01-21T11:56:04.160Z
1258,6e080c4e-30aa-4204-8839-66b0db62d842,C,main,1,1,5,audio,aba3d7ea-823e-4223-802b-66e80557656e,5,5,2,6,5,5,1,4,"誠実
優しい
穏やか",2026-01-21T11:58:15.099Z,2026-01-21T11:58:23.594Z,2026-01-21T11:58:25.054Z,2026-01-21T11:59:10.020Z,44966,2026-01-21T11:59:11.131Z
1259,1370f401-f8d3-4d78-a560-32b42276f17e,B,main,3,2,1,image,,3,5,2,6,5,5,3,3,"低い
綺麗じゃない
かゆい",2026-01-21T11:59:07.956Z,2026-01-21T11:59:10.961Z,2026-01-21T11:59:11.986Z,2026-01-21T12:00:07.455Z,55469,2026-01-21T12:00:07.693Z
1260,6e080c4e-30aa-4204-8839-66b0db62d842,C,main,2,1,1,audio,dd78ea69-5ed3-41e5-b538-9eef4df3617e,6,6,1,7,7,7,1,1,"親しみやすい
穏やか
朗らか",2026-01-21T11:59:13.329Z,2026-01-21T11:59:24.925Z,2026-01-21T11:59:26.235Z,2026-01-21T12:00:15.077Z,48842,2026-01-21T12:00:16.146Z
1261,8fe431d6-3027-4292-b84f-c654756425fc,D,main,1,1,6,image,,5,5,3,5,6,6,3,4,"構えた,よそいきの,作った",2026-01-21T11:57:54.634Z,2026-01-21T11:57:57.636Z,2026-01-21T11:58:09.318Z,2026-01-21T12:00:23.100Z,133782,2026-01-21T12:00:20.109Z
1262,1370f401-f8d3-4d78-a560-32b42276f17e,B,main,4,2,8,image,,3,5,2,6,5,5,2,3,"いつも通り
きれい
低い",2026-01-21T12:00:07.783Z,2026-01-21T12:00:10.786Z,2026-01-21T12:00:11.410Z,2026-01-21T12:00:55.904Z,44494,2026-01-21T12:00:56.181Z
1263,6e080c4e-30aa-4204-8839-66b0db62d842,C,main,3,2,1,image,,6,6,1,7,6,7,1,1,"穏やか
優しい
親しみやすい",2026-01-21T12:00:47.312Z,2026-01-21T12:00:50.315Z,2026-01-21T12:00:55.897Z,2026-01-21T12:01:44.604Z,48707,2026-01-21T12:01:45.749Z
1264,6e080c4e-30aa-4204-8839-66b0db62d842,C,main,4,2,5,image,,6,6,1,7,5,5,1,2,"誠実
穏やか
優しい",2026-01-21T12:01:45.884Z,2026-01-21T12:01:48.886Z,2026-01-21T12:01:51.291Z,2026-01-21T12:02:26.243Z,34952,2026-01-21T12:02:27.328Z
1265,8fe431d6-3027-4292-b84f-c654756425fc,D,main,2,1,7,image,,5,5,2,6,5,6,4,3,"慣れた,安定の,きどった",2026-01-21T12:00:23.311Z,2026-01-21T12:00:26.313Z,2026-01-21T12:00:36.471Z,2026-01-21T12:02:48.273Z,131802,2026-01-21T12:02:45.288Z
1266,8fe431d6-3027-4292-b84f-c654756425fc,D,main,3,2,6,audio,886f5cd5-07b7-4094-a10d-ebc13d381db9,4,4,3,5,6,6,2,2,"低い,舌足らずの,浅い",2026-01-21T12:04:06.948Z,2026-01-21T12:04:13.249Z,2026-01-21T12:04:18.556Z,2026-01-21T12:05:57.615Z,99059,2026-01-21T12:05:54.474Z
1267,8fe431d6-3027-4292-b84f-c654756425fc,D,main,4,2,7,audio,e12dfd95-e5e7-422d-bef1-6067f5e2f319,5,5,1,7,7,6,1,2,"響きが浅い,甘ったれた,くつろいだ",2026-01-21T12:05:59.490Z,2026-01-21T12:06:05.459Z,2026-01-21T12:06:15.832Z,2026-01-21T12:08:39.349Z,143517,2026-01-21T12:08:36.391Z
1268,08c84f5e-ae21-491d-8285-0f0ca8595b89,D,main,1,1,6,image,,3,3,3,5,5,5,3,3,"おどおど
声が高い
少し聞きづらい
",2026-01-21T12:12:39.705Z,2026-01-21T12:12:42.706Z,2026-01-21T12:12:51.337Z,2026-01-21T12:14:34.871Z,103534,2026-01-21T12:14:38.279Z
1269,33644d67-f2ef-4c4e-b321-f0aa6d650cf3,B,main,1,1,5,image,,6,4,2,6,3,5,1,1,"高い
細い
軽い
薄い",2026-01-21T12:12:58.822Z,2026-01-21T12:13:01.823Z,2026-01-21T12:13:14.139Z,2026-01-21T12:14:56.843Z,102704,2026-01-21T12:14:57.173Z
1270,08c84f5e-ae21-491d-8285-0f0ca8595b89,D,main,2,1,4,image,,3,4,3,5,4,4,3,3,"ゆったり
かんでいる
少し聞きづらい",2026-01-21T12:14:35.459Z,2026-01-21T12:14:38.459Z,2026-01-21T12:14:55.549Z,2026-01-21T12:16:15.892Z,80343,2026-01-21T12:16:18.751Z
1271,a7c730fc-a926-47cd-bce1-31076a0ced4e,C,main,1,1,4,audio,161a717f-953d-46e1-a764-3b1972e20365,2,2,6,2,6,6,4,4,"低い
つまらない
暗い",2026-01-21T12:12:19.795Z,2026-01-21T12:12:24.726Z,2026-01-21T12:12:26.146Z,2026-01-21T12:16:20.007Z,233861,2026-01-21T12:16:21.984Z
1272,33644d67-f2ef-4c4e-b321-f0aa6d650cf3,B,main,2,1,2,image,,5,2,2,6,4,4,1,1,"軽い
早い
薄い",2026-01-21T12:14:56.942Z,2026-01-21T12:14:59.943Z,2026-01-21T12:15:10.093Z,2026-01-21T12:16:55.808Z,105715,2026-01-21T12:16:56.086Z
1273,792179ba-b06c-4c25-a341-004b6e4f1960,A,main,1,1,4,audio,19184e5b-a083-4b0e-bbe9-a396d2d2b429,5,5,3,5,5,6,2,2,"自然
大人
落ち着いた",2026-01-21T12:15:08.458Z,2026-01-21T12:15:14.929Z,2026-01-21T12:15:15.138Z,2026-01-21T12:17:00.213Z,105075,2026-01-21T12:16:59.834Z
1274,6d387266-f20a-42f7-9f3b-d3b873af8570,C,main,1,1,5,audio,cdc00275-e181-4398-89af-cd1807c84df2,5,4,2,6,5,3,6,6,"はっきり
高い
明るい",2026-01-21T12:14:24.226Z,2026-01-21T12:14:30.022Z,2026-01-21T12:16:22.313Z,2026-01-21T12:17:47.490Z,85177,2026-01-21T12:17:48.255Z
1275,792179ba-b06c-4c25-a341-004b6e4f1960,A,main,2,1,2,audio,7ddb8bf4-80a2-4b88-8c96-72171512e4fe,5,5,2,6,6,6,1,1,"落ち着いた
親しみ
聞きやすい",2026-01-21T12:17:03.089Z,2026-01-21T12:17:12.350Z,2026-01-21T12:17:14.768Z,2026-01-21T12:18:26.271Z,71503,2026-01-21T12:18:25.900Z
1276,08c84f5e-ae21-491d-8285-0f0ca8595b89,D,main,3,2,6,audio,cf94e0c3-7d93-4269-8e21-c324bfacb9b4,4,5,5,3,6,6,4,4,"慣れ親しんだ
ゆっくり
似ている",2026-01-21T12:17:12.250Z,2026-01-21T12:17:17.615Z,2026-01-21T12:17:18.985Z,2026-01-21T12:19:00.964Z,101979,2026-01-21T12:19:03.817Z
1277,786d968a-1f0c-4284-bb1d-0903c0d4de21,C,main,1,1,6,audio,f3f68186-5cfa-434f-a84f-55c403f51860,2,4,2,6,4,4,3,2,"低い
静か
真面目
丁寧",2026-01-21T12:15:17.851Z,2026-01-21T12:15:24.663Z,2026-01-21T12:15:26.536Z,2026-01-21T12:19:04.303Z,217767,2026-01-21T12:19:05.068Z
1278,a7c730fc-a926-47cd-bce1-31076a0ced4e,C,main,2,1,1,audio,a1dbf8d3-cb41-4c03-abc1-3b11e5ee48cf,2,2,6,2,6,6,5,5,"悪い
低い
茶色い",2026-01-21T12:16:23.435Z,2026-01-21T12:16:31.592Z,2026-01-21T12:16:32.361Z,2026-01-21T12:19:33.891Z,181530,2026-01-21T12:19:35.868Z
1279,08c84f5e-ae21-491d-8285-0f0ca8595b89,D,main,4,2,4,audio,17a50a71-2b2c-4cc3-8519-8929554440c3,3,3,5,3,6,6,4,4,"かんでいる
少しわかりづらい
慣れ親しんだ",2026-01-21T12:19:02.807Z,2026-01-21T12:19:08.855Z,2026-01-21T12:19:09.258Z,2026-01-21T12:19:54.117Z,44859,2026-01-21T12:19:56.973Z
1280,33644d67-f2ef-4c4e-b321-f0aa6d650cf3,B,main,3,2,2,image,,6,5,2,6,4,6,1,1,"明るい
落ち着いた
こなれた",2026-01-21T12:18:35.532Z,2026-01-21T12:18:38.533Z,2026-01-21T12:18:44.063Z,2026-01-21T12:20:20.284Z,96221,2026-01-21T12:20:20.586Z
1281,6d387266-f20a-42f7-9f3b-d3b873af8570,C,main,2,1,4,audio,3d328913-9b37-4741-b17c-b1c38443e3f1,2,2,6,2,6,5,7,7,"かさついた
掠れた
重い",2026-01-21T12:17:52.801Z,2026-01-21T12:17:57.841Z,2026-01-21T12:19:01.386Z,2026-01-21T12:21:17.553Z,136167,2026-01-21T12:21:18.576Z
1282,792179ba-b06c-4c25-a341-004b6e4f1960,A,main,3,2,2,audio,7ddb8bf4-80a2-4b88-8c96-72171512e4fe,6,2,2,6,7,6,1,1,"やさしい
身近な
自然",2026-01-21T12:20:40.612Z,2026-01-21T12:20:49.892Z,2026-01-21T12:20:53.726Z,2026-01-21T12:21:57.060Z,63334,2026-01-21T12:21:56.683Z
1283,786d968a-1f0c-4284-bb1d-0903c0d4de21,C,main,2,1,5,audio,51ac17ae-ad88-458d-b00f-8f620a55736f,2,2,4,4,4,3,4,5,"冷静
穏やか
暗い",2026-01-21T12:19:08.305Z,2026-01-21T12:19:16.050Z,2026-01-21T12:19:18.333Z,2026-01-21T12:21:57.714Z,159381,2026-01-21T12:21:58.429Z
1284,33644d67-f2ef-4c4e-b321-f0aa6d650cf3,B,main,4,2,5,image,,5,2,3,5,5,4,1,2,"しゃがれた
詰まった
のっぺりとした",2026-01-21T12:20:20.347Z,2026-01-21T12:20:23.352Z,2026-01-21T12:20:38.553Z,2026-01-21T12:22:06.993Z,88440,2026-01-21T12:22:07.268Z
1285,792179ba-b06c-4c25-a341-004b6e4f1960,A,main,4,2,4,audio,19184e5b-a083-4b0e-bbe9-a396d2d2b429,6,7,1,7,7,7,1,1,"自然
軽やか
明るい",2026-01-21T12:21:58.790Z,2026-01-21T12:22:05.240Z,2026-01-21T12:22:05.426Z,2026-01-21T12:22:59.830Z,54404,2026-01-21T12:22:59.860Z
1286,786d968a-1f0c-4284-bb1d-0903c0d4de21,C,main,3,2,5,image,,3,4,4,4,5,3,3,2,"正直
不安
難しい",2026-01-21T12:23:33.874Z,2026-01-21T12:23:36.875Z,2026-01-21T12:23:47.659Z,2026-01-21T12:25:35.742Z,108083,2026-01-21T12:25:36.312Z
1287,6d387266-f20a-42f7-9f3b-d3b873af8570,C,main,3,2,5,image,,5,6,2,6,2,3,5,6,"大人っぽい
落ち着いている
大人しい",2026-01-21T12:24:53.900Z,2026-01-21T12:24:56.901Z,2026-01-21T12:25:06.041Z,2026-01-21T12:26:40.497Z,94456,2026-01-21T12:26:41.552Z
1288,786d968a-1f0c-4284-bb1d-0903c0d4de21,C,main,4,2,6,image,,3,3,2,6,5,4,2,2,"落ち着いた
意欲的な
工夫した",2026-01-21T12:25:35.838Z,2026-01-21T12:25:38.839Z,2026-01-21T12:25:45.432Z,2026-01-21T12:27:20.162Z,94730,2026-01-21T12:27:20.723Z
1289,6d387266-f20a-42f7-9f3b-d3b873af8570,C,main,4,2,4,image,,2,2,6,2,5,6,7,6,"かさついている
重い
中性的な",2026-01-21T12:26:40.913Z,2026-01-21T12:26:43.914Z,2026-01-21T12:26:45.633Z,2026-01-21T12:27:51.801Z,66168,2026-01-21T12:27:52.523Z
1290,d7f93070-7538-4577-81fa-cb6ce344cf8c,D,main,1,1,3,image,,6,7,2,6,2,5,1,2,"かっこいい, 優しい, 頼もしい",2026-01-21T12:32:37.274Z,2026-01-21T12:32:40.275Z,2026-01-21T12:32:49.625Z,2026-01-21T12:34:36.721Z,107096,2026-01-21T12:34:36.820Z
1291,d7f93070-7538-4577-81fa-cb6ce344cf8c,D,main,2,1,6,image,,4,4,3,5,6,5,2,2,"賢い, 渋い, 正しい",2026-01-21T12:34:36.839Z,2026-01-21T12:34:39.840Z,2026-01-21T12:34:43.936Z,2026-01-21T12:36:47.064Z,123128,2026-01-21T12:36:47.083Z
1292,239c29de-4444-41de-8e6d-9bff727be38e,C,main,1,1,3,audio,d3ce913b-a4dd-49ac-844f-e1e89c896edb,5,5,2,6,6,6,2,2,"恥ずかしい
こしょばい
かゆい",2026-01-21T12:35:34.538Z,2026-01-21T12:35:40.758Z,2026-01-21T12:35:41.651Z,2026-01-21T12:37:03.118Z,81467,2026-01-21T12:37:03.502Z
1293,3beeb59c-941b-4b24-ab05-6953e0a48ef0,D,main,1,1,5,image,,2,2,5,3,5,5,1,1,"鼻声
アホっぽい
話すのがおそい",2026-01-21T12:36:40.415Z,2026-01-21T12:36:43.416Z,2026-01-21T12:36:49.362Z,2026-01-21T12:37:49.920Z,60558,2026-01-21T12:37:50.581Z
1294,3beeb59c-941b-4b24-ab05-6953e0a48ef0,D,main,2,1,4,image,,2,2,2,6,5,7,1,1,"鼻声
滑舌が悪い
アホっぽい",2026-01-21T12:37:49.981Z,2026-01-21T12:37:52.983Z,2026-01-21T12:37:54.351Z,2026-01-21T12:39:03.824Z,69473,2026-01-21T12:39:04.483Z
1295,239c29de-4444-41de-8e6d-9bff727be38e,C,main,2,1,2,audio,f3b3e1cc-4106-48ad-8cbc-95d886be5c80,5,4,2,6,5,6,2,2,"自分のような
少し恥ずかしい
聞き馴染みがある",2026-01-21T12:37:05.276Z,2026-01-21T12:37:11.679Z,2026-01-21T12:37:12.572Z,2026-01-21T12:39:26.609Z,134037,2026-01-21T12:39:26.953Z
1296,9f2ac796-340a-4ff2-a4e5-7dd07d36d9fd,D,main,1,1,8,image,,3,3,5,3,5,3,2,2,"小さい
弱い
不安",2026-01-21T12:38:59.767Z,2026-01-21T12:39:02.771Z,2026-01-21T12:39:07.384Z,2026-01-21T12:40:15.396Z,68012,2026-01-21T12:40:15.775Z
1297,d7f93070-7538-4577-81fa-cb6ce344cf8c,D,main,3,2,6,audio,a32b17d8-3011-42d4-bfcd-0c72263294c9,2,2,7,1,2,4,1,6,"怖い, 暗い, つまらない",2026-01-21T12:39:34.160Z,2026-01-21T12:39:39.780Z,2026-01-21T12:39:41.535Z,2026-01-21T12:41:02.215Z,80680,2026-01-21T12:41:02.232Z
1298,3beeb59c-941b-4b24-ab05-6953e0a48ef0,D,main,3,2,5,audio,3add95e3-eced-43cc-a91b-e265d16983f1,4,1,1,7,7,3,1,1,"遅い
滑舌が悪い
自信なさげ",2026-01-21T12:39:47.853Z,2026-01-21T12:39:54.217Z,2026-01-21T12:39:55.369Z,2026-01-21T12:41:20.659Z,85290,2026-01-21T12:41:21.348Z
1299,9f2ac796-340a-4ff2-a4e5-7dd07d36d9fd,D,main,2,1,1,image,,3,3,4,4,5,3,2,3,"弱い
違和感
微妙",2026-01-21T12:40:15.801Z,2026-01-21T12:40:18.805Z,2026-01-21T12:40:22.776Z,2026-01-21T12:42:19.489Z,116713,2026-01-21T12:42:20.431Z
1300,239c29de-4444-41de-8e6d-9bff727be38e,C,main,3,2,3,image,,6,5,2,6,6,6,2,6,"いつも通り
変化ない
聞き馴染みのある",2026-01-21T12:41:01.061Z,2026-01-21T12:41:04.064Z,2026-01-21T12:41:12.380Z,2026-01-21T12:42:28.703Z,76323,2026-01-21T12:42:29.054Z
1301,3beeb59c-941b-4b24-ab05-6953e0a48ef0,D,main,4,2,4,audio,0d78dfa2-fd9c-4624-9385-85130ced283c,1,1,1,7,5,3,1,1,"気持ち悪い
機械のような
感情が乏しい",2026-01-21T12:41:21.983Z,2026-01-21T12:41:27.246Z,2026-01-21T12:41:28.022Z,2026-01-21T12:42:31.747Z,63725,2026-01-21T12:42:32.401Z
1302,690d30eb-6633-41cc-b8e3-72e7f7568ac3,C,main,1,1,3,audio,dd453634-f787-435b-818c-de5351306f16,4,4,3,5,4,3,4,4,"低い
暗い
冷たい",2026-01-21T12:36:09.401Z,2026-01-21T12:36:14.599Z,2026-01-21T12:36:20.567Z,2026-01-21T12:42:34.070Z,373503,2026-01-21T12:42:35.464Z
1303,d7f93070-7538-4577-81fa-cb6ce344cf8c,D,main,4,2,3,audio,8ac8332d-d04c-480b-b688-c7a1571fa930,5,4,3,5,6,7,2,3,"良い, 楽しい, 親しい",2026-01-21T12:41:03.959Z,2026-01-21T12:41:09.579Z,2026-01-21T12:41:13.207Z,2026-01-21T12:43:02.710Z,109503,2026-01-21T12:43:02.735Z
1304,690d30eb-6633-41cc-b8e3-72e7f7568ac3,C,main,2,1,4,audio,c26e62f4-522a-4258-80c2-f65f4ca51760,3,3,3,5,4,4,3,5,"深い
苦手な
眠い",2026-01-21T12:42:37.305Z,2026-01-21T12:42:42.842Z,2026-01-21T12:42:44.254Z,2026-01-21T12:43:42.228Z,57974,2026-01-21T12:43:43.618Z
1305,239c29de-4444-41de-8e6d-9bff727be38e,C,main,4,2,2,image,,6,6,2,6,6,6,2,6,"少し恥ずかしい
聞き馴染みがある
少し高い",2026-01-21T12:42:28.834Z,2026-01-21T12:42:31.837Z,2026-01-21T12:42:32.950Z,2026-01-21T12:43:53.617Z,80667,2026-01-21T12:43:53.971Z
1306,9f2ac796-340a-4ff2-a4e5-7dd07d36d9fd,D,main,3,2,8,audio,ebfee4f6-4e23-4400-818d-8aff974f3d92,2,2,6,2,5,2,2,5,"弱い
暗い
小さい",2026-01-21T12:43:46.977Z,2026-01-21T12:43:53.451Z,2026-01-21T12:43:56.282Z,2026-01-21T12:44:43.088Z,46806,2026-01-21T12:44:43.449Z
1307,9f2ac796-340a-4ff2-a4e5-7dd07d36d9fd,D,main,4,2,1,audio,836468e2-4081-4269-ad7a-f8de49a36f0f,2,2,6,2,5,4,2,5,"弱い
小さい
違和感",2026-01-21T12:44:44.837Z,2026-01-21T12:44:51.856Z,2026-01-21T12:44:52.669Z,2026-01-21T12:45:34.311Z,41642,2026-01-21T12:45:36.233Z
1308,690d30eb-6633-41cc-b8e3-72e7f7568ac3,C,main,3,2,4,image,,4,4,3,5,4,4,3,3,"明るい
楽しい
元気な",2026-01-21T12:46:19.915Z,2026-01-21T12:46:22.915Z,2026-01-21T12:46:29.092Z,2026-01-21T12:47:24.730Z,55638,2026-01-21T12:47:26.120Z
1309,690d30eb-6633-41cc-b8e3-72e7f7568ac3,C,main,4,2,3,image,,4,3,3,5,4,5,3,3,"高い
軽い
好きな",2026-01-21T12:47:25.155Z,2026-01-21T12:47:28.156Z,2026-01-21T12:47:30.788Z,2026-01-21T12:48:19.113Z,48325,2026-01-21T12:48:20.453Z
1310,a258866f-1dc0-4b7a-8412-25e6fbd93b9b,A,main,1,1,5,audio,48b1aafe-a87c-4b3c-96a3-6a7eaa4d65f4,1,3,5,3,1,1,2,6,"鈍臭い
ボソボソ
自信がない",2026-01-21T12:50:42.194Z,2026-01-21T12:50:48.222Z,2026-01-21T12:50:49.167Z,2026-01-21T12:52:00.853Z,71686,2026-01-21T12:52:00.965Z
1311,a258866f-1dc0-4b7a-8412-25e6fbd93b9b,A,main,2,1,3,audio,e73e82d7-ac6c-482c-a99c-42485173bea9,1,1,7,1,1,1,5,7,"優柔不断
引っ込み思案
緊張",2026-01-21T12:52:02.379Z,2026-01-21T12:52:06.586Z,2026-01-21T12:52:07.689Z,2026-01-21T12:53:01.887Z,54198,2026-01-21T12:53:01.987Z
1312,a258866f-1dc0-4b7a-8412-25e6fbd93b9b,A,main,3,2,3,audio,e73e82d7-ac6c-482c-a99c-42485173bea9,1,1,6,2,1,1,5,6,"鈍臭い
自信がない
緊張",2026-01-21T12:54:14.938Z,2026-01-21T12:54:19.160Z,2026-01-21T12:54:20.996Z,2026-01-21T12:54:53.983Z,32987,2026-01-21T12:54:54.059Z
1313,a258866f-1dc0-4b7a-8412-25e6fbd93b9b,A,main,4,2,5,audio,48b1aafe-a87c-4b3c-96a3-6a7eaa4d65f4,1,2,6,2,1,2,5,1,"能力が低い
引っ込み思案
緊張",2026-01-21T12:54:55.629Z,2026-01-21T12:55:01.622Z,2026-01-21T12:55:02.602Z,2026-01-21T12:55:26.817Z,24215,2026-01-21T12:55:26.896Z
1314,cf8aa541-8d9b-4cf1-8217-db612ab40fc5,D,main,1,1,5,image,,4,4,4,4,6,3,3,5,"不思議
恥ずかしい
面白い",2026-01-21T12:53:32.086Z,2026-01-21T12:53:35.087Z,2026-01-21T12:53:46.749Z,2026-01-21T12:55:25.876Z,99127,2026-01-21T12:55:28.509Z
1315,f5b656aa-342a-46b5-8c21-9651430b3f9f,B,main,1,1,2,image,,5,5,5,3,5,5,3,4,"低く感じる。
大人しく感じる。
やさしいかんじがする。",2026-01-21T12:54:24.209Z,2026-01-21T12:54:27.211Z,2026-01-21T12:54:37.358Z,2026-01-21T12:56:05.776Z,88418,2026-01-21T12:56:05.791Z
1316,cf8aa541-8d9b-4cf1-8217-db612ab40fc5,D,main,2,1,1,image,,4,4,4,4,5,5,3,5,"日常の
こそばゆい
面白い",2026-01-21T12:55:26.898Z,2026-01-21T12:55:29.899Z,2026-01-21T12:55:46.468Z,2026-01-21T12:56:35.164Z,48696,2026-01-21T12:56:37.037Z
1317,f5b656aa-342a-46b5-8c21-9651430b3f9f,B,main,2,1,4,image,,5,5,2,6,4,5,2,2,"自分らしい。
違和感がない。
低く感じる。",2026-01-21T12:56:05.814Z,2026-01-21T12:56:08.818Z,2026-01-21T12:56:22.208Z,2026-01-21T12:57:26.858Z,64650,2026-01-21T12:57:26.867Z
1318,65ed375f-fe98-440a-9f36-3a4a5f2515ec,C,main,1,1,6,audio,a65d8fca-aecf-4d61-9479-97ceb2a85663,3,4,4,4,6,5,7,3,"真面目な
緊張している
従順な",2026-01-21T12:55:42.437Z,2026-01-21T12:55:47.724Z,2026-01-21T12:55:51.835Z,2026-01-21T12:57:27.676Z,95841,2026-01-21T12:57:27.893Z
1319,65ed375f-fe98-440a-9f36-3a4a5f2515ec,C,main,2,1,4,audio,6537d8c7-6424-496c-81bf-244bc2f3791f,4,3,3,5,5,6,7,2,"緊張している
恥ずかしい
日常的な
",2026-01-21T12:57:29.741Z,2026-01-21T12:57:35.534Z,2026-01-21T12:57:37.624Z,2026-01-21T12:59:01.097Z,83473,2026-01-21T12:59:01.335Z
1320,cf8aa541-8d9b-4cf1-8217-db612ab40fc5,D,main,3,2,1,audio,3bcaafed-05bd-48f5-8e97-1e180a333233,6,6,2,6,6,5,4,4,"いつもの
こそばゆい
面白い",2026-01-21T12:58:01.406Z,2026-01-21T12:58:09.386Z,2026-01-21T12:58:12.180Z,2026-01-21T12:59:02.878Z,50698,2026-01-21T12:59:04.758Z
1321,f5b656aa-342a-46b5-8c21-9651430b3f9f,B,main,3,2,4,image,,5,5,2,6,5,5,2,5,"不快ではない。
自分らしい。
違和感がない。",2026-01-21T12:58:52.687Z,2026-01-21T12:58:55.691Z,2026-01-21T12:59:01.825Z,2026-01-21T12:59:59.426Z,57601,2026-01-21T12:59:59.437Z
1322,cf8aa541-8d9b-4cf1-8217-db612ab40fc5,D,main,4,2,5,audio,aa91b221-cc80-4b86-889a-c2a2cc1dfc49,4,4,3,5,6,5,4,4,"言いにくい
たどたどしい
恥ずかしい",2026-01-21T12:59:05.724Z,2026-01-21T12:59:13.237Z,2026-01-21T12:59:20.629Z,2026-01-21T13:00:07.379Z,46750,2026-01-21T13:00:09.263Z
1324,f5b656aa-342a-46b5-8c21-9651430b3f9f,B,main,4,2,2,image,,5,5,2,6,5,5,2,2,"違和感はなし。
低く感じる。
不快ではない。",2026-01-21T12:59:59.467Z,2026-01-21T13:00:02.472Z,2026-01-21T13:00:07.326Z,2026-01-21T13:01:05.396Z,58070,2026-01-21T13:01:05.409Z
1325,65ed375f-fe98-440a-9f36-3a4a5f2515ec,C,main,3,2,6,image,,5,4,4,4,5,6,5,5,"きれい
よそ行き
自分らしくない
",2026-01-21T13:00:53.275Z,2026-01-21T13:00:56.278Z,2026-01-21T13:01:10.252Z,2026-01-21T13:02:05.690Z,55438,2026-01-21T13:02:05.899Z
1327,65ed375f-fe98-440a-9f36-3a4a5f2515ec,C,main,4,2,4,image,,5,5,4,4,4,5,3,5,"気恥ずかしい
よそ行きな
真面目な",2026-01-21T13:02:05.840Z,2026-01-21T13:02:08.844Z,2026-01-21T13:02:13.204Z,2026-01-21T13:03:02.169Z,48965,2026-01-21T13:03:02.389Z
1328,1b9a19fa-3d89-4278-8e23-c2657ad6720a,D,main,1,1,4,image,,3,4,3,5,3,2,2,3,"聞き取りやすい　
やさしい　
楽しい",2026-01-21T13:02:34.512Z,2026-01-21T13:02:37.514Z,2026-01-21T13:02:46.310Z,2026-01-21T13:05:49.636Z,183326,2026-01-21T13:05:47.345Z
1329,e9d9468e-fec8-40ba-b97d-d172da17284e,C,main,1,1,5,audio,19fd7d92-09d9-42ce-8319-8189828cd946,2,3,3,5,5,4,3,3,"聞きづらい
不気味
ろれつが回らない",2026-01-21T13:04:02.794Z,2026-01-21T13:04:12.758Z,2026-01-21T13:04:15.322Z,2026-01-21T13:06:21.217Z,125895,2026-01-21T13:06:21.397Z
1330,1b9a19fa-3d89-4278-8e23-c2657ad6720a,D,main,2,1,7,image,,4,4,4,4,3,2,3,5,"新しい
難しい
おぼろげな",2026-01-21T13:05:49.783Z,2026-01-21T13:05:52.784Z,2026-01-21T13:06:01.492Z,2026-01-21T13:06:59.292Z,57800,2026-01-21T13:06:56.900Z
1331,e9d9468e-fec8-40ba-b97d-d172da17284e,C,main,2,1,8,audio,4cc8e837-44dc-47e5-8ef3-ad653a96dddd,2,2,3,5,4,4,3,3,"おかしい
無感情
聞き取りにくい",2026-01-21T13:06:25.209Z,2026-01-21T13:06:35.277Z,2026-01-21T13:06:36.410Z,2026-01-21T13:07:32.689Z,56279,2026-01-21T13:07:32.774Z
1332,da5bb4b0-4327-4783-adbf-045ca88b00d9,D,main,1,1,5,image,,3,6,3,5,5,5,3,4,"暗い,重い,聞きにくい",2026-01-21T13:06:45.463Z,2026-01-21T13:06:48.488Z,2026-01-21T13:07:03.442Z,2026-01-21T13:08:33.778Z,90336,2026-01-21T13:08:34.577Z
1333,1b9a19fa-3d89-4278-8e23-c2657ad6720a,D,main,3,2,4,audio,3ed22241-210b-40c8-ab70-127f74d9cb77,4,3,3,5,5,5,3,5,"気になる
親近感のある
ざわざわする",2026-01-21T13:08:03.516Z,2026-01-21T13:08:11.350Z,2026-01-21T13:08:16.106Z,2026-01-21T13:09:15.995Z,59889,2026-01-21T13:09:13.601Z
1334,da5bb4b0-4327-4783-adbf-045ca88b00d9,D,main,2,1,2,image,,6,5,2,6,6,6,3,3,"明るい,聞きやすい,前向きな",2026-01-21T13:08:33.932Z,2026-01-21T13:08:36.934Z,2026-01-21T13:08:44.621Z,2026-01-21T13:09:29.660Z,45039,2026-01-21T13:09:30.437Z
1335,e9d9468e-fec8-40ba-b97d-d172da17284e,C,main,3,2,8,image,,2,3,3,5,4,4,5,4,"聞きにくい
舌足らず
やや不快",2026-01-21T13:08:28.637Z,2026-01-21T13:08:31.639Z,2026-01-21T13:08:40.042Z,2026-01-21T13:10:08.992Z,88950,2026-01-21T13:10:09.079Z
1336,1b9a19fa-3d89-4278-8e23-c2657ad6720a,D,main,4,2,7,audio,c9ac6c36-c5df-43ea-82fa-fca5d60366e4,2,2,5,3,5,4,5,5,"たどたどしい
ふわふわした
気になる",2026-01-21T13:09:19.890Z,2026-01-21T13:09:25.939Z,2026-01-21T13:09:26.594Z,2026-01-21T13:10:16.499Z,49905,2026-01-21T13:10:14.106Z
1337,d7b65a31-9f3f-47c0-a313-e26576a829f1,C,main,1,1,7,audio,2a836ccd-302b-44ba-85aa-b435288c7e24,3,4,3,5,3,4,3,3,"怖い
畏怖
支配",2026-01-21T13:10:22.682Z,2026-01-21T13:10:30.459Z,2026-01-21T13:10:31.579Z,2026-01-21T13:11:18.025Z,46446,2026-01-21T13:10:54.162Z
1338,5c3c86b1-9c14-4f17-a9b6-6703d7a824dd,C,main,1,1,5,audio,38a4c4f4-735e-4afb-85df-71b92e5bce64,3,2,2,6,5,4,5,4,"眠い
だるい
ぼやけた
はっきりしない
まったり",2026-01-21T13:09:27.045Z,2026-01-21T13:09:33.170Z,2026-01-21T13:09:37.974Z,2026-01-21T13:10:40.767Z,62793,2026-01-21T13:11:08.252Z
1339,7afc8dbb-4217-4683-963e-42e91f9c0377,D,main,1,1,3,image,,3,3,5,3,6,4,1,1,"無愛想だ
緊張している
硬い",2026-01-21T13:10:13.427Z,2026-01-21T13:10:16.431Z,2026-01-21T13:10:23.926Z,2026-01-21T13:11:19.174Z,55248,2026-01-21T13:11:19.343Z
1340,d7b65a31-9f3f-47c0-a313-e26576a829f1,C,main,2,1,8,audio,0abc716c-5044-4dca-b3e5-0313e2b27a83,2,3,4,4,3,4,4,3,"優しい
独特
心地よい",2026-01-21T13:11:20.290Z,2026-01-21T13:11:26.878Z,2026-01-21T13:11:27.450Z,2026-01-21T13:11:52.062Z,24612,2026-01-21T13:11:28.204Z
1341,e9d9468e-fec8-40ba-b97d-d172da17284e,C,main,4,2,5,image,,3,3,4,4,4,3,4,5,"違和感あり
老人特有
ゆっくり",2026-01-21T13:10:09.032Z,2026-01-21T13:10:12.034Z,2026-01-21T13:10:19.353Z,2026-01-21T13:11:33.736Z,74383,2026-01-21T13:11:33.838Z
1342,da5bb4b0-4327-4783-adbf-045ca88b00d9,D,main,3,2,2,audio,fc97ea2a-f197-481e-92b4-c3ac32349e52,5,5,3,5,6,5,2,2,"面白い
軽い
あたたかい",2026-01-21T13:10:18.677Z,2026-01-21T13:10:23.190Z,2026-01-21T13:10:26.570Z,2026-01-21T13:11:47.581Z,81011,2026-01-21T13:11:48.294Z
1343,7afc8dbb-4217-4683-963e-42e91f9c0377,D,main,2,1,1,image,,5,3,3,5,3,5,1,1,"自分っぽい
自然
低い",2026-01-21T13:11:19.359Z,2026-01-21T13:11:22.362Z,2026-01-21T13:11:28.420Z,2026-01-21T13:11:54.152Z,25732,2026-01-21T13:11:54.246Z
1344,5c3c86b1-9c14-4f17-a9b6-6703d7a824dd,C,main,2,1,6,audio,581c1a8f-bf4f-4ca0-9c77-6b3a4f92537f,3,2,2,6,5,3,5,4,"ぼやけた
はっきりしない
だるい
眠い
まったり",2026-01-21T13:10:48.269Z,2026-01-21T13:10:52.950Z,2026-01-21T13:10:54.642Z,2026-01-21T13:11:37.116Z,42474,2026-01-21T13:12:04.599Z
1345,d7b65a31-9f3f-47c0-a313-e26576a829f1,C,main,3,2,8,image,,2,3,2,6,2,3,4,3,"安心
深い
広い",2026-01-21T13:12:16.545Z,2026-01-21T13:12:19.550Z,2026-01-21T13:12:20.706Z,2026-01-21T13:12:58.025Z,37319,2026-01-21T13:12:34.192Z
1346,d7b65a31-9f3f-47c0-a313-e26576a829f1,C,main,4,2,7,image,,2,3,4,4,5,4,4,4,"異様
恐怖
どっしり",2026-01-21T13:12:58.214Z,2026-01-21T13:13:01.220Z,2026-01-21T13:13:04.464Z,2026-01-21T13:13:35.721Z,31257,2026-01-21T13:13:11.887Z
1347,da5bb4b0-4327-4783-adbf-045ca88b00d9,D,main,4,2,5,audio,98a254c1-fb62-4090-baa5-514599d2109f,5,6,3,5,5,5,2,2,"まじめな
はやい
聞きやすい",2026-01-21T13:11:50.397Z,2026-01-21T13:11:55.392Z,2026-01-21T13:12:04.664Z,2026-01-21T13:13:16.562Z,71898,2026-01-21T13:13:17.271Z
1348,7afc8dbb-4217-4683-963e-42e91f9c0377,D,main,3,2,1,audio,7200813e-e976-4fe0-9c6a-8917ae11b2ee,4,4,2,6,6,2,1,5,"自分っぽい、
緊張、
一部は自然",2026-01-21T13:14:10.176Z,2026-01-21T13:14:15.552Z,2026-01-21T13:14:18.024Z,2026-01-21T13:15:08.205Z,50181,2026-01-21T13:15:08.308Z
1349,5c3c86b1-9c14-4f17-a9b6-6703d7a824dd,C,main,3,2,6,image,,3,3,3,5,5,4,5,4,"眠い
はっきりしない
まったり
ぼやけた",2026-01-21T13:13:59.053Z,2026-01-21T13:14:02.054Z,2026-01-21T13:14:11.070Z,2026-01-21T13:14:48.358Z,37288,2026-01-21T13:15:15.841Z
1350,7afc8dbb-4217-4683-963e-42e91f9c0377,D,main,4,2,3,audio,379ad10c-be75-47cf-ad6e-b9c6109c222c,5,5,1,7,7,7,1,1,"思ったより自分らしい、
低くなかった、
自然",2026-01-21T13:15:10.053Z,2026-01-21T13:15:14.996Z,2026-01-21T13:15:15.618Z,2026-01-21T13:15:46.567Z,30949,2026-01-21T13:15:46.673Z
1351,5c3c86b1-9c14-4f17-a9b6-6703d7a824dd,C,main,4,2,5,image,,3,3,3,5,5,4,5,4,"眠い
まったりとした
はっきりしない
ぼやけた
だるい",2026-01-21T13:14:48.394Z,2026-01-21T13:14:51.395Z,2026-01-21T13:14:55.190Z,2026-01-21T13:15:34.690Z,39500,2026-01-21T13:16:02.180Z
1352,34392531-a72d-4af8-94d8-aef49d07aaac,D,main,1,1,1,image,,5,4,1,7,6,6,1,1,"低め
落ち着いている
はっきり",2026-01-21T13:15:02.726Z,2026-01-21T13:15:05.731Z,2026-01-21T13:15:19.536Z,2026-01-21T13:17:28.981Z,129445,2026-01-21T13:17:29.196Z
1353,34392531-a72d-4af8-94d8-aef49d07aaac,D,main,2,1,6,image,,5,4,1,7,6,6,1,1,"低め
落ち着いた
はっきり",2026-01-21T13:17:29.200Z,2026-01-21T13:17:32.202Z,2026-01-21T13:17:48.340Z,2026-01-21T13:19:06.240Z,77900,2026-01-21T13:19:06.453Z
1354,6f09e6b0-9ad7-465e-ba29-7e0dad01b100,B,main,1,1,5,image,,3,3,3,5,5,5,1,2,"優越感
嫌味
皮肉",2026-01-21T13:16:23.081Z,2026-01-21T13:16:26.082Z,2026-01-21T13:16:38.368Z,2026-01-21T13:19:38.448Z,180080,2026-01-21T13:19:38.608Z
1355,6f09e6b0-9ad7-465e-ba29-7e0dad01b100,B,main,2,1,8,image,,4,4,3,5,3,3,1,2,"疑問
優越感
自信のなさ",2026-01-21T13:19:38.632Z,2026-01-21T13:19:41.636Z,2026-01-21T13:19:54.263Z,2026-01-21T13:21:39.600Z,105337,2026-01-21T13:21:39.625Z
1356,d12549a1-54a5-4637-9ec6-4da0d6a17667,C,main,1,1,2,audio,22b66101-65e4-40f8-ac4f-7ee864e6e3f8,6,5,1,7,6,7,1,1,"柔らかい
しっとりした
まろやかな",2026-01-21T13:21:12.443Z,2026-01-21T13:21:17.686Z,2026-01-21T13:21:18.278Z,2026-01-21T13:22:11.718Z,53440,2026-01-21T13:22:12.011Z
1357,d12549a1-54a5-4637-9ec6-4da0d6a17667,C,main,2,1,3,audio,fd96a0d7-40dd-4e0c-8e2f-89f06047af4d,5,5,1,7,6,6,1,1,"温かい
落ち着いた
優しい",2026-01-21T13:22:16.002Z,2026-01-21T13:22:20.938Z,2026-01-21T13:22:21.666Z,2026-01-21T13:22:45.552Z,23886,2026-01-21T13:22:45.845Z
1358,34392531-a72d-4af8-94d8-aef49d07aaac,D,main,3,2,1,audio,6cac17bf-c394-48a4-b568-83884628b0c5,4,4,1,7,5,5,1,1,"落ち着いた
低い
平坦な",2026-01-21T13:21:12.553Z,2026-01-21T13:21:19.753Z,2026-01-21T13:21:26.444Z,2026-01-21T13:23:08.017Z,101573,2026-01-21T13:23:08.237Z
1359,d12549a1-54a5-4637-9ec6-4da0d6a17667,C,main,3,2,3,image,,6,4,1,7,6,6,1,2,"親しみある
控えめな
微かな",2026-01-21T13:23:17.804Z,2026-01-21T13:23:20.805Z,2026-01-21T13:23:23.221Z,2026-01-21T13:23:58.781Z,35560,2026-01-21T13:23:59.077Z
1360,d12549a1-54a5-4637-9ec6-4da0d6a17667,C,main,4,2,2,image,,5,6,1,7,6,6,1,1,"若い
初々しい
包み込むような",2026-01-21T13:23:58.848Z,2026-01-21T13:24:01.849Z,2026-01-21T13:24:02.570Z,2026-01-21T13:24:47.772Z,45202,2026-01-21T13:24:48.063Z
1361,fa80c015-a86e-4c22-9f45-34be542eda18,A,main,1,1,1,audio,b3789e3f-7d27-4021-a18a-5c96db2ae43f,5,4,2,6,6,5,2,6,"遅い
恥ずかしい
気楽",2026-01-21T13:16:13.129Z,2026-01-21T13:16:19.178Z,2026-01-21T13:16:20.803Z,2026-01-21T13:22:09.309Z,348506,2026-01-21T13:25:17.428Z
1362,34392531-a72d-4af8-94d8-aef49d07aaac,D,main,4,2,6,audio,47e3907d-149f-46c1-ae7f-8fafa7e237b1,4,4,1,7,6,6,1,1,"落ち着いた
低め
はっきりした",2026-01-21T13:23:12.661Z,2026-01-21T13:23:18.358Z,2026-01-21T13:23:22.190Z,2026-01-21T13:25:43.824Z,141634,2026-01-21T13:25:44.026Z
1363,6f09e6b0-9ad7-465e-ba29-7e0dad01b100,B,main,3,2,8,image,,5,4,2,6,3,4,1,5,"スマート
自然
疑問",2026-01-21T13:25:57.773Z,2026-01-21T13:26:00.774Z,2026-01-21T13:26:13.543Z,2026-01-21T13:28:27.896Z,134353,2026-01-21T13:28:28.056Z
1364,fa80c015-a86e-4c22-9f45-34be542eda18,A,main,2,1,8,audio,6ac2d012-b941-4ac3-b60c-41fb99ba6e6e,2,3,5,3,5,4,5,6,"鬱陶しい
重い
子どもっぽい",2026-01-21T13:22:13.942Z,2026-01-21T13:22:20.417Z,2026-01-21T13:22:27.152Z,2026-01-21T13:25:42.818Z,195666,2026-01-21T13:28:50.904Z
1365,6f09e6b0-9ad7-465e-ba29-7e0dad01b100,B,main,4,2,5,image,,3,2,2,6,2,3,3,6,"嫌味
皮肉
悪口",2026-01-21T13:28:28.072Z,2026-01-21T13:28:31.078Z,2026-01-21T13:28:50.455Z,2026-01-21T13:30:04.991Z,74536,2026-01-21T13:30:05.045Z
1366,1195d2de-95b4-4852-b0cb-3000fb43b57d,D,main,1,1,3,image,,3,3,3,5,3,3,4,5,"恥ずかしい,😤,いやだ",2026-01-21T13:30:13.118Z,2026-01-21T13:30:16.122Z,2026-01-21T13:30:22.761Z,2026-01-21T13:31:26.372Z,63611,2026-01-21T13:31:26.616Z
1367,1195d2de-95b4-4852-b0cb-3000fb43b57d,D,main,2,1,5,image,,3,3,3,5,3,3,3,3,"不快,恥ずかしい,いやだ",2026-01-21T13:31:26.667Z,2026-01-21T13:31:29.671Z,2026-01-21T13:31:31.021Z,2026-01-21T13:31:53.713Z,22692,2026-01-21T13:31:53.740Z
1368,1195d2de-95b4-4852-b0cb-3000fb43b57d,D,main,3,2,5,audio,05c5c84a-028d-4994-8be2-3a6791a2dc58,2,2,6,2,3,3,5,4,"不快,恥ずかしい,いやだ",2026-01-21T13:32:09.634Z,2026-01-21T13:32:16.716Z,2026-01-21T13:32:17.297Z,2026-01-21T13:32:34.148Z,16851,2026-01-21T13:32:34.208Z
1369,1195d2de-95b4-4852-b0cb-3000fb43b57d,D,main,4,2,3,audio,8c671777-d154-439f-bef2-4937546c4f5b,2,2,3,5,3,3,3,3,"不快,恥ずかしい,いやだ",2026-01-21T13:32:35.346Z,2026-01-21T13:32:39.556Z,2026-01-21T13:32:39.820Z,2026-01-21T13:32:49.872Z,10052,2026-01-21T13:32:49.901Z
1370,4fbb4d74-cbd9-4113-86d6-d726c6fb4f3a,C,main,1,1,8,audio,a0dc98eb-95f9-4e5b-a278-f9a3cf55faad,5,5,2,6,6,5,2,2,"やや舌足らず
かわいらしい
女性らしい",2026-01-21T13:35:25.808Z,2026-01-21T13:35:35.060Z,2026-01-21T13:35:37.630Z,2026-01-21T13:38:13.237Z,155607,2026-01-21T13:38:13.946Z
1371,4fbb4d74-cbd9-4113-86d6-d726c6fb4f3a,C,main,2,1,4,audio,98508b39-0924-4b48-9f5e-a5fc2c9d2c87,4,3,5,3,6,5,2,5,"舌足らず
幼い
やや暗い",2026-01-21T13:38:33.955Z,2026-01-21T13:38:42.343Z,2026-01-21T13:38:46.394Z,2026-01-21T13:40:56.409Z,130015,2026-01-21T13:40:57.118Z
1372,04fe46a8-a833-44c6-9caf-d360cf0a10a3,D,main,1,1,6,image,,3,3,2,6,5,4,3,3,"高い
遅い
静か",2026-01-21T13:39:23.302Z,2026-01-21T13:39:26.304Z,2026-01-21T13:39:38.117Z,2026-01-21T13:41:31.925Z,113808,2026-01-21T13:41:31.254Z
1373,04fe46a8-a833-44c6-9caf-d360cf0a10a3,D,main,2,1,7,image,,2,3,2,6,4,4,3,3,"おとなしい
子供っぽい
静か",2026-01-21T13:41:32.110Z,2026-01-21T13:41:35.112Z,2026-01-21T13:41:39.125Z,2026-01-21T13:42:35.901Z,56776,2026-01-21T13:42:35.098Z
1374,fa80c015-a86e-4c22-9f45-34be542eda18,A,main,3,2,1,audio,b3789e3f-7d27-4021-a18a-5c96db2ae43f,5,5,3,5,6,6,1,5,"遅い
だるい
穏やか",2026-01-21T13:36:21.739Z,2026-01-21T13:36:27.775Z,2026-01-21T13:36:27.991Z,2026-01-21T13:39:29.249Z,181258,2026-01-21T13:42:37.336Z
1375,fa80c015-a86e-4c22-9f45-34be542eda18,A,main,4,2,8,audio,6ac2d012-b941-4ac3-b60c-41fb99ba6e6e,2,5,3,5,4,5,2,6,"鬱陶しい
短い
幼い",2026-01-21T13:39:31.533Z,2026-01-21T13:39:38.006Z,2026-01-21T13:39:38.993Z,2026-01-21T13:40:26.605Z,47612,2026-01-21T13:43:34.598Z
1376,04fe46a8-a833-44c6-9caf-d360cf0a10a3,D,main,3,2,7,audio,d44de936-89ad-4ba7-913a-771ac491576b,2,2,4,4,4,3,4,4,"高い
暗い
子供っぽい",2026-01-21T13:43:07.957Z,2026-01-21T13:43:12.993Z,2026-01-21T13:43:14.389Z,2026-01-21T13:43:51.645Z,37256,2026-01-21T13:43:50.850Z
1377,04fe46a8-a833-44c6-9caf-d360cf0a10a3,D,main,4,2,6,audio,53757d14-5c68-4f89-8784-9c248b11fa8e,2,4,4,4,4,3,3,4,"たどたどしい
大きい
高い
つまらなそう",2026-01-21T13:43:56.181Z,2026-01-21T13:44:01.713Z,2026-01-21T13:44:02.621Z,2026-01-21T13:44:42.365Z,39744,2026-01-21T13:44:41.567Z
1378,4fbb4d74-cbd9-4113-86d6-d726c6fb4f3a,C,main,3,2,4,image,,6,6,2,6,4,5,2,2,"クリア
明るい
説得力がある",2026-01-21T13:43:02.924Z,2026-01-21T13:43:05.930Z,2026-01-21T13:43:22.539Z,2026-01-21T13:45:27.750Z,125211,2026-01-21T13:45:28.562Z
1379,4fbb4d74-cbd9-4113-86d6-d726c6fb4f3a,C,main,4,2,8,image,,6,6,2,6,5,5,2,2,"かわいらしい
温かい
聞き取りやすい",2026-01-21T13:45:28.306Z,2026-01-21T13:45:31.309Z,2026-01-21T13:45:41.545Z,2026-01-21T13:47:11.738Z,90193,2026-01-21T13:47:12.138Z
1380,082ee8ad-6334-475b-a5e0-5cbbb9f74664,D,main,1,1,5,image,,6,6,2,6,6,7,1,2,"若い
明るい
低い",2026-01-21T13:38:07.040Z,2026-01-21T13:38:10.043Z,2026-01-21T13:38:28.326Z,2026-01-21T13:48:37.439Z,609113,2026-01-21T13:48:36.973Z
1381,082ee8ad-6334-475b-a5e0-5cbbb9f74664,D,main,2,1,1,image,,6,6,1,7,7,6,1,6,"低い
面白い
明るい",2026-01-21T13:48:37.636Z,2026-01-21T13:48:40.639Z,2026-01-21T13:48:57.749Z,2026-01-21T13:50:34.439Z,96690,2026-01-21T13:50:33.908Z
1382,082ee8ad-6334-475b-a5e0-5cbbb9f74664,D,main,3,2,5,audio,985bcef2-23cf-477a-8d48-45883e1b4256,6,6,1,7,7,7,1,1,"高い
明るい
若い",2026-01-21T13:53:03.767Z,2026-01-21T13:53:12.562Z,2026-01-21T13:53:16.005Z,2026-01-21T13:54:45.047Z,89042,2026-01-21T13:54:44.556Z
1383,082ee8ad-6334-475b-a5e0-5cbbb9f74664,D,main,4,2,1,audio,9adf6b49-b6fd-4376-9bdc-8832bb5aeb5a,5,5,1,7,6,6,1,1,"弱い
小さい
高い",2026-01-21T13:54:50.118Z,2026-01-21T13:54:59.183Z,2026-01-21T13:55:01.381Z,2026-01-21T13:56:42.501Z,101120,2026-01-21T13:56:41.991Z
1384,ed304352-9e2c-49cf-8696-fb5aa21bef23,C,main,1,1,5,audio,a431ae3c-51ce-45f3-bf65-01d39f93b2ba,3,3,3,5,6,6,1,1,"低い
おとなしい
つたない",2026-01-21T13:57:05.236Z,2026-01-21T13:57:10.443Z,2026-01-21T13:57:11.142Z,2026-01-21T14:00:11.872Z,180730,2026-01-21T14:00:12.300Z
1385,ed304352-9e2c-49cf-8696-fb5aa21bef23,C,main,2,1,8,audio,dc3dd595-169b-4a1f-9408-31f14b0a84a7,3,3,3,5,5,5,1,1,"たどたどしい
おもおもしい
そっけない",2026-01-21T14:00:13.339Z,2026-01-21T14:00:19.956Z,2026-01-21T14:00:20.659Z,2026-01-21T14:02:56.166Z,155507,2026-01-21T14:02:56.635Z
1386,a03abfa8-13e8-4d88-894c-92827df91592,C,main,1,1,7,audio,3211399a-ebd9-4502-88ca-115f6548829f,6,5,1,7,3,2,1,1,"おとなしい
丁寧な
淡々とした",2026-01-21T14:02:10.419Z,2026-01-21T14:02:15.069Z,2026-01-21T14:02:17.226Z,2026-01-21T14:03:07.759Z,50533,2026-01-21T14:03:05.967Z
1387,a03abfa8-13e8-4d88-894c-92827df91592,C,main,2,1,1,audio,2532985a-5e5d-4573-95af-e2230f91e53f,6,6,1,7,3,2,1,1,"普通の
淡々とした
違和感のない",2026-01-21T14:03:09.893Z,2026-01-21T14:03:15.423Z,2026-01-21T14:03:16.909Z,2026-01-21T14:04:17.793Z,60884,2026-01-21T14:04:15.888Z
1388,ed304352-9e2c-49cf-8696-fb5aa21bef23,C,main,3,2,8,image,,4,4,2,6,4,4,1,1,"わかりやすい
優しい
おとなしい",2026-01-21T14:03:42.881Z,2026-01-21T14:03:45.882Z,2026-01-21T14:03:49.720Z,2026-01-21T14:05:00.496Z,70776,2026-01-21T14:05:00.968Z
1389,ed304352-9e2c-49cf-8696-fb5aa21bef23,C,main,4,2,5,image,,4,4,2,6,4,4,1,1,"おとなしい
低い
ものさびしい",2026-01-21T14:05:00.697Z,2026-01-21T14:05:03.699Z,2026-01-21T14:05:05.164Z,2026-01-21T14:06:52.506Z,107342,2026-01-21T14:06:52.996Z
1390,a03abfa8-13e8-4d88-894c-92827df91592,C,main,3,2,1,image,,6,6,1,7,2,3,1,1,"淡々とした
アナウンサー的な
淡白な",2026-01-21T14:06:13.139Z,2026-01-21T14:06:16.140Z,2026-01-21T14:06:20.471Z,2026-01-21T14:07:10.235Z,49764,2026-01-21T14:07:08.354Z
1391,a03abfa8-13e8-4d88-894c-92827df91592,C,main,4,2,7,image,,5,5,1,7,3,3,1,1,"普通の
聞きやすい
鮮明な",2026-01-21T14:07:10.305Z,2026-01-21T14:07:13.307Z,2026-01-21T14:07:15.332Z,2026-01-21T14:08:11.701Z,56369,2026-01-21T14:08:09.791Z
1392,84c7d109-36a7-4b6e-887d-e1f02ba1e92d,B,main,1,1,3,image,,5,5,2,6,6,6,1,4,"温かみのある声
少し鼻づまり気味
速度が少し遅め",2026-01-21T14:15:45.906Z,2026-01-21T14:15:48.909Z,2026-01-21T14:15:58.466Z,2026-01-21T14:17:39.465Z,100999,2026-01-21T14:17:39.195Z
1393,84c7d109-36a7-4b6e-887d-e1f02ba1e92d,B,main,2,1,4,image,,5,5,2,6,6,6,1,4,"少し戸惑い気味の声
活舌があまり良くない
少し鼻づまりの声",2026-01-21T14:17:40.216Z,2026-01-21T14:17:43.218Z,2026-01-21T14:17:47.860Z,2026-01-21T14:19:08.661Z,80801,2026-01-21T14:19:07.810Z
1394,b758666a-51d5-4870-aff2-ffa34288cbc3,C,main,1,1,8,audio,f7149594-a8a4-4650-a076-768d04b2b296,7,6,7,1,7,6,6,7,美しい，楽しい，面白い,2026-01-21T14:18:13.220Z,2026-01-21T14:18:15.265Z,2026-01-21T14:18:15.553Z,2026-01-21T14:19:10.864Z,55311,2026-01-21T14:19:11.111Z
1395,b758666a-51d5-4870-aff2-ffa34288cbc3,C,main,2,1,1,audio,95fde79e-2e58-4f74-8151-553e433365f0,7,6,6,2,7,6,7,7,楽しい，美しい，面白い,2026-01-21T14:19:13.238Z,2026-01-21T14:19:13.747Z,2026-01-21T14:19:14.737Z,2026-01-21T14:20:13.758Z,59021,2026-01-21T14:20:13.985Z
1396,b758666a-51d5-4870-aff2-ffa34288cbc3,C,main,3,2,1,image,,7,6,7,1,6,6,7,6,楽しい，美しい，面白い,2026-01-21T14:20:27.411Z,2026-01-21T14:20:30.414Z,2026-01-21T14:20:30.818Z,2026-01-21T14:20:41.446Z,10628,2026-01-21T14:20:41.495Z
1397,b758666a-51d5-4870-aff2-ffa34288cbc3,C,main,4,2,8,image,,7,6,6,2,7,7,6,7,楽しい，美しい，面白い,2026-01-21T14:20:41.517Z,2026-01-21T14:20:44.520Z,2026-01-21T14:20:44.916Z,2026-01-21T14:20:55.363Z,10447,2026-01-21T14:20:55.410Z
1398,84c7d109-36a7-4b6e-887d-e1f02ba1e92d,B,main,3,2,4,image,,5,5,2,6,6,6,1,5,"少し鼻づまりの声
戸惑いながら話している感じ
誠実なトーン",2026-01-21T14:20:48.899Z,2026-01-21T14:20:51.900Z,2026-01-21T14:20:58.837Z,2026-01-21T14:22:23.151Z,84314,2026-01-21T14:22:22.298Z
1399,84c7d109-36a7-4b6e-887d-e1f02ba1e92d,B,main,4,2,3,image,,6,6,2,6,6,7,1,2,"優しいトーン
少し鼻づまりの声
ゆっくり目のトーン",2026-01-21T14:22:23.322Z,2026-01-21T14:22:26.322Z,2026-01-21T14:22:28.746Z,2026-01-21T14:23:14.870Z,46124,2026-01-21T14:23:14.014Z
1400,c1ebebb9-eacd-4494-8649-13f36c60ea71,A,main,1,1,3,audio,026a50de-bad5-4c67-a8d4-5204a19e0210,4,3,5,3,6,5,6,5,"こもっている〈発声時に直接聞くより）。
温かみがある。
発音（活舌）が悪い。
真面目な感じがしない、",2026-01-21T14:19:38.160Z,2026-01-21T14:19:45.574Z,2026-01-21T14:19:46.305Z,2026-01-21T14:24:55.565Z,309260,2026-01-21T14:24:55.892Z
1401,c1ebebb9-eacd-4494-8649-13f36c60ea71,A,main,2,1,2,audio,0ddf67e1-27c3-496b-8c62-ef41f4ddbd66,4,5,3,5,6,6,4,5,"こもっている。
温かみがある。
親しみやすい。
発音（活舌）が悪い。",2026-01-21T14:25:04.796Z,2026-01-21T14:25:11.794Z,2026-01-21T14:25:13.473Z,2026-01-21T14:27:19.907Z,126434,2026-01-21T14:27:20.284Z
1402,8b8b6316-257a-4c66-914c-60209c8a9d43,C,main,1,1,5,audio,33c2ae2c-0f62-4a63-aab4-ac9c982687be,5,6,4,4,5,6,3,5,"低い声
違和感がある
人の声っぽい",2026-01-21T14:27:11.028Z,2026-01-21T14:27:19.796Z,2026-01-21T14:27:23.025Z,2026-01-21T14:29:19.520Z,116495,2026-01-21T14:29:21.256Z
1403,8b8b6316-257a-4c66-914c-60209c8a9d43,C,main,2,1,8,audio,ceaf7cea-621d-49d1-9425-3650bf720627,5,5,3,5,6,5,3,6,"慣れない
他人の声っぽい
変な声
",2026-01-21T14:29:22.485Z,2026-01-21T14:29:31.359Z,2026-01-21T14:29:32.210Z,2026-01-21T14:30:50.739Z,78529,2026-01-21T14:30:52.473Z
1404,8b8b6316-257a-4c66-914c-60209c8a9d43,C,main,3,2,8,image,,5,6,2,6,6,7,2,3,"いつもの声
慣れている声
普通の声",2026-01-21T14:33:03.757Z,2026-01-21T14:33:06.759Z,2026-01-21T14:33:18.474Z,2026-01-21T14:34:43.894Z,85420,2026-01-21T14:34:45.548Z
1405,4d894bab-6a0c-4736-ab5d-fcf10c7e3a85,C,main,1,1,1,audio,dbb0d108-e803-4fa1-b71b-1e5cd15d5ecd,4,4,2,6,5,4,2,4,"平坦
平凡
普通",2026-01-21T14:34:31.671Z,2026-01-21T14:34:37.787Z,2026-01-21T14:34:39.754Z,2026-01-21T14:35:20.472Z,40718,2026-01-21T14:35:20.508Z
1406,d1ac213b-c756-47ec-aaf1-7370be0f4dac,D,main,1,1,5,image,,4,3,4,4,6,4,3,4,"暗い
太い
鈍い",2026-01-21T14:33:30.886Z,2026-01-21T14:33:33.890Z,2026-01-21T14:33:47.056Z,2026-01-21T14:35:46.998Z,119942,2026-01-21T14:35:47.160Z
1407,4d894bab-6a0c-4736-ab5d-fcf10c7e3a85,C,main,2,1,8,audio,6b886e88-8f68-448a-9136-70e62b907837,4,4,2,6,5,4,2,4,"普通
いつも通り
穏やか",2026-01-21T14:35:22.405Z,2026-01-21T14:35:27.766Z,2026-01-21T14:35:33.004Z,2026-01-21T14:36:06.488Z,33484,2026-01-21T14:36:06.524Z
1408,8b8b6316-257a-4c66-914c-60209c8a9d43,C,main,4,2,5,image,,6,5,2,6,7,6,1,3,"いつもの自分の声
普通に感じる声
違和感がない",2026-01-21T14:34:43.932Z,2026-01-21T14:34:46.934Z,2026-01-21T14:34:54.291Z,2026-01-21T14:36:24.259Z,89968,2026-01-21T14:36:25.913Z
1409,4d894bab-6a0c-4736-ab5d-fcf10c7e3a85,C,main,3,2,8,image,,4,4,2,6,4,4,2,3,"いつも通り
普通
自分の声",2026-01-21T14:37:02.125Z,2026-01-21T14:37:05.130Z,2026-01-21T14:37:08.386Z,2026-01-21T14:37:54.171Z,45785,2026-01-21T14:37:54.207Z
1410,d1ac213b-c756-47ec-aaf1-7370be0f4dac,D,main,2,1,8,image,,5,5,2,6,6,5,1,1,"軽い
丸い
緩い",2026-01-21T14:35:47.166Z,2026-01-21T14:35:50.168Z,2026-01-21T14:35:56.419Z,2026-01-21T14:37:57.426Z,121007,2026-01-21T14:37:57.571Z
1411,c1ebebb9-eacd-4494-8649-13f36c60ea71,A,main,3,2,3,audio,026a50de-bad5-4c67-a8d4-5204a19e0210,3,3,5,3,6,6,5,5,"こもっている。
発生（活舌）が悪い。
温かみがある。",2026-01-21T14:34:46.700Z,2026-01-21T14:34:54.084Z,2026-01-21T14:34:56.824Z,2026-01-21T14:38:12.242Z,195418,2026-01-21T14:38:12.599Z
1412,4d894bab-6a0c-4736-ab5d-fcf10c7e3a85,C,main,4,2,1,image,,4,4,2,6,5,4,2,4,"いつも通り
普通
変化なし",2026-01-21T14:37:54.224Z,2026-01-21T14:37:57.225Z,2026-01-21T14:38:01.369Z,2026-01-21T14:38:46.320Z,44951,2026-01-21T14:38:46.358Z
1413,c1ebebb9-eacd-4494-8649-13f36c60ea71,A,main,4,2,2,audio,0ddf67e1-27c3-496b-8c62-ef41f4ddbd66,5,3,5,3,6,6,5,6,"こもっている。
発声（滑舌）が悪い。
温かみがある。",2026-01-21T14:38:15.842Z,2026-01-21T14:38:22.843Z,2026-01-21T14:38:24.430Z,2026-01-21T14:40:51.195Z,146765,2026-01-21T14:40:51.548Z
1414,d1ac213b-c756-47ec-aaf1-7370be0f4dac,D,main,3,2,8,audio,da8b8f78-24f3-4d4f-b0f9-93b556e5dc2b,2,2,6,2,2,3,6,6,"堅い
怖い
険しい",2026-01-21T14:39:41.365Z,2026-01-21T14:39:47.613Z,2026-01-21T14:39:50.941Z,2026-01-21T14:41:24.692Z,93751,2026-01-21T14:41:24.861Z
1415,54539b83-3621-449c-9b5a-c123af3950bb,D,main,1,1,1,image,,4,3,3,5,5,4,4,5,"低い
暗い
通る",2026-01-21T14:40:08.679Z,2026-01-21T14:40:11.683Z,2026-01-21T14:40:26.657Z,2026-01-21T14:42:11.585Z,104928,2026-01-21T14:42:11.342Z
1416,d1ac213b-c756-47ec-aaf1-7370be0f4dac,D,main,4,2,5,audio,20b1f2b3-5a4e-4f67-b09a-d909179e4778,2,7,7,1,2,2,7,7,"暗い
遅い
汚い",2026-01-21T14:41:26.489Z,2026-01-21T14:41:33.251Z,2026-01-21T14:41:34.481Z,2026-01-21T14:42:41.374Z,66893,2026-01-21T14:42:41.539Z
1417,54539b83-3621-449c-9b5a-c123af3950bb,D,main,2,1,7,image,,5,4,4,4,4,3,5,5,"暗い
棒読み
違和感",2026-01-21T14:42:11.764Z,2026-01-21T14:42:14.774Z,2026-01-21T14:42:23.028Z,2026-01-21T14:43:22.803Z,59775,2026-01-21T14:43:22.477Z
1418,e64a6e66-3a44-4a03-a205-2d4bd8738d7a,D,main,1,1,1,image,,3,4,3,5,5,4,2,2,"低い
落ち着いている
暗い",2026-01-21T14:43:27.057Z,2026-01-21T14:43:30.059Z,2026-01-21T14:43:34.024Z,2026-01-21T14:44:40.209Z,66185,2026-01-21T14:44:41.958Z
1419,54539b83-3621-449c-9b5a-c123af3950bb,D,main,3,2,1,audio,6e8c1c52-748b-4dfe-8014-93c7b3d0ddd2,3,3,5,3,3,2,6,6,"別人
違和感
軽い",2026-01-21T14:44:21.943Z,2026-01-21T14:44:31.916Z,2026-01-21T14:44:34.499Z,2026-01-21T14:45:23.525Z,49026,2026-01-21T14:45:23.166Z
1420,e64a6e66-3a44-4a03-a205-2d4bd8738d7a,D,main,2,1,8,image,,3,4,2,6,2,4,1,2,"大人しい
低い
落ち着いている",2026-01-21T14:44:40.233Z,2026-01-21T14:44:43.233Z,2026-01-21T14:44:46.592Z,2026-01-21T14:46:01.209Z,74617,2026-01-21T14:46:02.986Z
1421,54539b83-3621-449c-9b5a-c123af3950bb,D,main,4,2,7,audio,aeb4793a-a66c-4b29-977d-a5bb42c9fe2f,4,4,4,4,2,2,5,5,"違和感
ダサい
軽い",2026-01-21T14:45:25.339Z,2026-01-21T14:45:32.415Z,2026-01-21T14:45:35.335Z,2026-01-21T14:47:09.878Z,94543,2026-01-21T14:47:09.523Z
1422,e64a6e66-3a44-4a03-a205-2d4bd8738d7a,D,main,3,2,8,audio,a31e29fb-d2f3-4ccb-a434-204bb80a2e35,1,1,7,1,5,2,5,5,"こもっている
不明瞭
暗い",2026-01-21T14:47:05.649Z,2026-01-21T14:47:11.703Z,2026-01-21T14:47:12.337Z,2026-01-21T14:48:01.321Z,48984,2026-01-21T14:48:03.076Z
1423,e64a6e66-3a44-4a03-a205-2d4bd8738d7a,D,main,4,2,1,audio,333108e0-38b7-432f-81ee-dbb8c0adad1b,1,1,7,1,4,2,6,6,"抑揚がない
暗い
気持ち悪い",2026-01-21T14:48:02.481Z,2026-01-21T14:48:09.992Z,2026-01-21T14:48:10.705Z,2026-01-21T14:48:46.265Z,35560,2026-01-21T14:48:48.016Z
1424,6a08a5c1-19bf-443a-92df-13a3b2df3352,C,main,1,1,2,audio,63fbea54-5b51-46f1-9df5-0a3fa7a9e7cf,2,4,5,3,5,4,4,4,"ドライ　
神経質
ぶりっこ",2026-01-21T14:49:34.736Z,2026-01-21T14:49:40.187Z,2026-01-21T14:49:44.783Z,2026-01-21T14:51:11.543Z,86760,2026-01-21T14:51:09.223Z
1425,6a08a5c1-19bf-443a-92df-13a3b2df3352,C,main,2,1,7,audio,2b5303c1-941c-4072-8081-57c5c54f2f28,2,3,6,2,6,5,7,4,"陰気な
無感情な
女々しい",2026-01-21T14:51:15.304Z,2026-01-21T14:51:21.856Z,2026-01-21T14:51:23.527Z,2026-01-21T14:52:43.294Z,79767,2026-01-21T14:52:40.966Z
1426,6a08a5c1-19bf-443a-92df-13a3b2df3352,C,main,3,2,7,image,,4,4,4,4,5,5,4,4,"鼻声な
陰湿な
女性的な",2026-01-21T14:54:41.451Z,2026-01-21T14:54:44.451Z,2026-01-21T14:54:57.022Z,2026-01-21T14:55:54.390Z,57368,2026-01-21T14:55:52.061Z
1427,6a08a5c1-19bf-443a-92df-13a3b2df3352,C,main,4,2,2,image,,4,4,4,4,4,5,4,4,"湿った
無感情な
不愛想な",2026-01-21T14:55:54.428Z,2026-01-21T14:55:57.429Z,2026-01-21T14:56:03.087Z,2026-01-21T14:56:43.358Z,40271,2026-01-21T14:56:41.026Z
1428,0dcb0329-5a39-4c6c-9ce1-08dd487f78e5,D,main,1,1,4,image,,4,4,5,3,5,4,5,4,"暗い　
のんびり
ぼそぼそ",2026-01-21T15:11:46.694Z,2026-01-21T15:11:49.696Z,2026-01-21T15:11:53.285Z,2026-01-21T15:12:29.494Z,36209,2026-01-21T15:12:29.671Z
1429,299a26af-e991-4e37-bfea-2ab5c8a6ef5f,C,main,1,1,4,audio,c36916a0-a9bb-457d-bd11-ba297a04e817,3,3,5,3,6,5,3,3,"格好良くない
変
落ち着きはある",2026-01-21T15:10:56.598Z,2026-01-21T15:11:04.879Z,2026-01-21T15:11:05.927Z,2026-01-21T15:12:36.175Z,90248,2026-01-21T15:12:36.197Z
1430,0dcb0329-5a39-4c6c-9ce1-08dd487f78e5,D,main,2,1,8,image,,4,4,4,4,4,4,5,4,"暗い
遅い
聞こえにくい",2026-01-21T15:12:29.548Z,2026-01-21T15:12:32.548Z,2026-01-21T15:12:34.261Z,2026-01-21T15:12:59.054Z,24793,2026-01-21T15:12:59.228Z
1431,299a26af-e991-4e37-bfea-2ab5c8a6ef5f,C,main,2,1,7,audio,80298f06-b559-4360-9b12-df482ebbe73c,3,3,5,3,5,5,3,3,"好ましくない
頼りなさそう
馬鹿にされそう",2026-01-21T15:12:37.981Z,2026-01-21T15:12:44.629Z,2026-01-21T15:12:45.367Z,2026-01-21T15:13:38.045Z,52678,2026-01-21T15:13:38.125Z
1432,0dcb0329-5a39-4c6c-9ce1-08dd487f78e5,D,main,3,2,8,audio,f55a985e-7602-4732-9704-b1e20917f21e,4,4,4,4,4,4,5,4,"違和感
暗い
聞こえにくい",2026-01-21T15:13:22.654Z,2026-01-21T15:13:30.504Z,2026-01-21T15:13:35.501Z,2026-01-21T15:15:40.022Z,124521,2026-01-21T15:15:40.289Z
1433,299a26af-e991-4e37-bfea-2ab5c8a6ef5f,C,main,3,2,4,image,,5,4,4,4,5,4,2,1,"平穏
凪
おおらか
",2026-01-21T15:14:36.054Z,2026-01-21T15:14:39.057Z,2026-01-21T15:14:44.580Z,2026-01-21T15:16:04.719Z,80139,2026-01-21T15:16:04.746Z
1434,0dcb0329-5a39-4c6c-9ce1-08dd487f78e5,D,main,4,2,4,audio,f687ea12-a5fc-4b74-9dbc-5a34a336db28,4,4,4,4,4,4,5,4,"暗い
ボソボソ
聞きにくい",2026-01-21T15:15:41.519Z,2026-01-21T15:15:47.827Z,2026-01-21T15:15:50.751Z,2026-01-21T15:16:21.237Z,30486,2026-01-21T15:16:21.413Z
1435,299a26af-e991-4e37-bfea-2ab5c8a6ef5f,C,main,4,2,7,image,,5,4,2,6,7,6,2,1,"聴き馴染みがある
落ち着き払っている
ノーマル",2026-01-21T15:16:04.767Z,2026-01-21T15:16:07.768Z,2026-01-21T15:16:17.662Z,2026-01-21T15:17:10.718Z,53056,2026-01-21T15:17:10.747Z
1436,6753c462-6cb5-4c0f-9bcb-e7fb6d210a41,A,main,1,1,8,audio,6032dfc2-9ac8-496f-b511-74aec4e5a3db,3,3,4,4,5,5,4,4,"暗い
低い
遅い
重い",2026-01-21T15:26:54.990Z,2026-01-21T15:27:01.300Z,2026-01-21T15:27:03.889Z,2026-01-21T15:28:05.090Z,61201,2026-01-21T15:28:05.649Z
1437,6753c462-6cb5-4c0f-9bcb-e7fb6d210a41,A,main,2,1,5,audio,abfbd5fb-e6ef-41c1-a036-03f29714d787,3,3,3,5,5,5,4,3,"低い
暗い
遅い",2026-01-21T15:28:07.742Z,2026-01-21T15:28:14.196Z,2026-01-21T15:28:15.052Z,2026-01-21T15:28:47.256Z,32204,2026-01-21T15:28:47.811Z
1438,6753c462-6cb5-4c0f-9bcb-e7fb6d210a41,A,main,3,2,5,audio,abfbd5fb-e6ef-41c1-a036-03f29714d787,3,4,4,4,5,4,3,3,"低い
わかりやすい
遅い",2026-01-21T15:30:35.651Z,2026-01-21T15:30:42.104Z,2026-01-21T15:30:43.448Z,2026-01-21T15:32:34.583Z,111135,2026-01-21T15:32:35.127Z
1439,6753c462-6cb5-4c0f-9bcb-e7fb6d210a41,A,main,4,2,8,audio,6032dfc2-9ac8-496f-b511-74aec4e5a3db,3,4,4,4,5,4,3,4,"低い
遅い
重い",2026-01-21T15:32:41.745Z,2026-01-21T15:32:48.087Z,2026-01-21T15:32:48.808Z,2026-01-21T15:33:24.963Z,36155,2026-01-21T15:33:25.485Z
1440,c0fcdb43-3ed1-4523-a688-1b97e1a721af,C,main,1,1,7,audio,dba6fe09-6dac-4798-9a69-952053fe2ccd,4,4,1,7,6,3,1,1,"棒読み
小さい
無感情",2026-01-21T15:33:37.738Z,2026-01-21T15:33:42.324Z,2026-01-21T15:33:45.617Z,2026-01-21T15:35:00.938Z,75321,2026-01-21T15:35:01.632Z
1441,62fb40fc-8698-4f64-a1d4-4a3a4974e2cb,D,main,1,1,1,image,,4,4,4,4,4,3,4,3,"しっくりこない
声が高い
落ち着きがない
明るい",2026-01-21T15:31:38.761Z,2026-01-21T15:31:41.768Z,2026-01-21T15:32:00.721Z,2026-01-21T15:36:54.205Z,293484,2026-01-21T15:36:31.527Z
1442,c0fcdb43-3ed1-4523-a688-1b97e1a721af,C,main,2,1,4,audio,5b59bfb1-b454-42f2-97f5-8c6907e697a3,3,4,1,7,5,2,1,1,"棒読み
小さい
無関心",2026-01-21T15:35:04.113Z,2026-01-21T15:35:09.976Z,2026-01-21T15:35:11.929Z,2026-01-21T15:37:15.661Z,123732,2026-01-21T15:37:16.360Z
1443,c0fcdb43-3ed1-4523-a688-1b97e1a721af,C,main,3,2,4,image,,4,4,1,7,6,3,1,1,"細い
小さい
明るい",2026-01-21T15:38:29.881Z,2026-01-21T15:38:32.882Z,2026-01-21T15:38:44.429Z,2026-01-21T15:39:50.006Z,65577,2026-01-21T15:39:50.617Z
1444,62fb40fc-8698-4f64-a1d4-4a3a4974e2cb,D,main,2,1,5,image,,4,4,4,4,2,3,4,4,"うるさい
声が高い
明るい",2026-01-21T15:36:54.623Z,2026-01-21T15:36:57.624Z,2026-01-21T15:37:04.758Z,2026-01-21T15:40:39.910Z,215152,2026-01-21T15:40:17.315Z
1445,c0fcdb43-3ed1-4523-a688-1b97e1a721af,C,main,4,2,7,image,,4,4,1,7,5,2,1,1,"細い
小さい
自慢げ",2026-01-21T15:39:50.036Z,2026-01-21T15:39:53.038Z,2026-01-21T15:40:01.981Z,2026-01-21T15:40:50.369Z,48388,2026-01-21T15:40:50.980Z
1446,62fb40fc-8698-4f64-a1d4-4a3a4974e2cb,D,main,3,2,1,audio,a49ae8d7-7d02-4a17-ba79-eabab32d1432,4,3,3,5,2,3,5,5,"声が高い
落ち着きがない
明るい",2026-01-21T15:44:53.486Z,2026-01-21T15:45:00.042Z,2026-01-21T15:45:01.799Z,2026-01-21T15:46:21.106Z,79307,2026-01-21T15:45:58.509Z
1447,b43f54f7-8333-4367-b4a8-ba7a31582665,D,main,1,1,3,image,,2,3,5,3,6,2,4,5,"暗い
こもった
低い",2026-01-21T15:44:15.825Z,2026-01-21T15:44:18.826Z,2026-01-21T15:44:34.665Z,2026-01-21T15:46:17.596Z,102931,2026-01-21T15:46:18.580Z
1448,b43f54f7-8333-4367-b4a8-ba7a31582665,D,main,2,1,4,image,,2,2,3,5,5,3,4,5,"暗い
曇った
後ろ向きな
低い
",2026-01-21T15:46:17.928Z,2026-01-21T15:46:20.928Z,2026-01-21T15:46:27.810Z,2026-01-21T15:47:50.259Z,82449,2026-01-21T15:47:50.962Z
1449,62fb40fc-8698-4f64-a1d4-4a3a4974e2cb,D,main,4,2,5,audio,2e9d817e-564e-4461-866a-68a2fce3bdf9,3,3,5,3,2,2,5,6,"声が高い
落ち着きがない
抑揚がありすぎる
",2026-01-21T15:46:23.451Z,2026-01-21T15:47:50.321Z,2026-01-21T15:47:58.066Z,2026-01-21T15:49:23.105Z,85039,2026-01-21T15:49:00.509Z
1450,b43f54f7-8333-4367-b4a8-ba7a31582665,D,main,3,2,4,audio,764aad18-7524-4809-a71b-f374df845b43,2,7,7,1,3,2,6,7,"不気味
嫌な
暗い
曇った",2026-01-21T15:49:49.156Z,2026-01-21T15:49:54.253Z,2026-01-21T15:49:56.520Z,2026-01-21T15:50:57.172Z,60652,2026-01-21T15:50:57.882Z
1451,b43f54f7-8333-4367-b4a8-ba7a31582665,D,main,4,2,3,audio,d97f6a11-f31c-4006-b47c-19268b752db8,2,1,7,1,4,2,7,6,"不快な
不気味な
嫌な
暗い
気持ちの悪い",2026-01-21T15:50:58.859Z,2026-01-21T15:51:04.419Z,2026-01-21T15:51:05.466Z,2026-01-21T15:51:54.186Z,48720,2026-01-21T15:51:54.923Z
1452,9e46b2b0-aa87-4857-96c7-f1251159c361,D,main,1,1,6,image,,5,5,3,5,4,4,3,4,"憧れ,明るい,幸運な",2026-01-21T16:34:21.168Z,2026-01-21T16:34:24.179Z,2026-01-21T16:34:33.630Z,2026-01-21T16:36:34.991Z,121361,2026-01-21T16:36:34.286Z
1453,9e46b2b0-aa87-4857-96c7-f1251159c361,D,main,2,1,1,image,,5,5,3,5,6,4,3,4,"マイペース,舌っ足らずな,未来志向",2026-01-21T16:36:35.598Z,2026-01-21T16:36:38.600Z,2026-01-21T16:36:44.774Z,2026-01-21T16:38:41.669Z,116895,2026-01-21T16:38:40.570Z
1454,cd82b193-4a11-4777-a46a-d21eaa0e8f04,C,main,1,1,7,audio,c9a72ece-cc80-409c-acd0-1a905b5c1c1a,3,3,5,3,5,6,2,2,"やや暗い
穏やかな声
無気力な感じ
単調な",2026-01-21T16:40:22.494Z,2026-01-21T16:40:27.709Z,2026-01-21T16:40:29.039Z,2026-01-21T16:42:22.737Z,113698,2026-01-21T16:42:23.503Z
1455,cd82b193-4a11-4777-a46a-d21eaa0e8f04,C,main,2,1,4,audio,37f11c3e-969c-467a-96b4-95fa5e458383,4,5,2,6,6,6,2,2,"さわやか
明るい
精力的",2026-01-21T16:42:24.538Z,2026-01-21T16:42:30.839Z,2026-01-21T16:42:31.385Z,2026-01-21T16:43:06.147Z,34762,2026-01-21T16:43:06.867Z
1456,cd82b193-4a11-4777-a46a-d21eaa0e8f04,C,main,3,2,4,image,,6,5,2,6,6,6,1,1,"意欲ある
ポジティブ
毅然としている",2026-01-21T16:43:47.047Z,2026-01-21T16:43:50.049Z,2026-01-21T16:43:53.562Z,2026-01-21T16:44:33.176Z,39614,2026-01-21T16:44:33.986Z
1457,cd82b193-4a11-4777-a46a-d21eaa0e8f04,C,main,4,2,7,image,,5,5,2,6,6,6,1,1,"明瞭
温かさ
気配りある",2026-01-21T16:44:33.520Z,2026-01-21T16:44:36.523Z,2026-01-21T16:44:37.444Z,2026-01-21T16:45:29.335Z,51891,2026-01-21T16:45:30.087Z
1458,9e46b2b0-aa87-4857-96c7-f1251159c361,D,main,3,2,1,audio,048a004e-e5ef-420f-a3a3-919982558471,4,4,3,5,6,5,2,3,"のんびりしている,行動を起こしそうな,少しワクワクしている",2026-01-21T16:45:08.773Z,2026-01-21T16:45:18.829Z,2026-01-21T16:45:23.400Z,2026-01-21T16:52:48.808Z,445408,2026-01-21T16:52:48.242Z
1459,9e46b2b0-aa87-4857-96c7-f1251159c361,D,main,4,2,6,audio,01bd9ba6-bbfe-49e3-b4d2-5c48a7d38706,3,5,5,3,5,5,3,3,"荒い息遣い,気の抜けた,とぼけた",2026-01-21T16:52:50.867Z,2026-01-21T16:52:57.997Z,2026-01-21T16:52:59.448Z,2026-01-21T16:56:21.479Z,202031,2026-01-21T16:56:20.870Z
1460,b4d8df9f-a059-4df6-b53c-9fe537d25d31,C,main,1,1,7,audio,e57458ce-b6b8-4e1c-922e-66f3fddb142f,5,5,2,6,5,6,3,4,"「単純」
「落ち着き」
「無心」",2026-01-21T16:54:39.201Z,2026-01-21T16:54:45.283Z,2026-01-21T16:54:47.114Z,2026-01-21T16:59:04.261Z,257147,2026-01-21T16:59:05.340Z
1461,b4d8df9f-a059-4df6-b53c-9fe537d25d31,C,main,2,1,3,audio,ee671cdf-4a71-40fb-83e2-bdef5ca86476,4,3,5,3,6,5,2,2,"不満気、
単純、
ストレスフル",2026-01-21T16:59:34.939Z,2026-01-21T16:59:40.674Z,2026-01-21T16:59:41.491Z,2026-01-21T17:01:18.549Z,97058,2026-01-21T17:01:19.726Z
1462,b4d8df9f-a059-4df6-b53c-9fe537d25d31,C,main,3,2,7,image,,5,5,3,5,5,5,2,2,"単純、
落ち着き、
無心",2026-01-21T17:02:07.497Z,2026-01-21T17:02:10.499Z,2026-01-21T17:02:20.859Z,2026-01-21T17:03:20.257Z,59398,2026-01-21T17:03:21.332Z
1463,b4d8df9f-a059-4df6-b53c-9fe537d25d31,C,main,4,2,3,image,,4,3,5,3,5,6,2,2,"不満気、
単純、
ストレスフル",2026-01-21T17:03:21.446Z,2026-01-21T17:03:24.448Z,2026-01-21T17:03:25.405Z,2026-01-21T17:04:04.684Z,39279,2026-01-21T17:04:06.600Z
1464,34992f9c-339c-480d-ae6a-177332e02747,A,main,1,1,4,audio,c14c4769-f90b-4934-a064-e257d64fe817,2,2,2,6,3,5,5,6,"汚い
気持ち悪い
元気がない",2026-01-21T17:18:49.415Z,2026-01-21T17:18:55.352Z,2026-01-21T17:18:56.809Z,2026-01-21T17:20:04.700Z,67891,2026-01-21T17:20:04.724Z
1465,34992f9c-339c-480d-ae6a-177332e02747,A,main,2,1,7,audio,5e235066-d0dd-480a-be58-fe8d02673c36,2,2,3,5,5,4,5,5,"気持ち悪い
ぼんやりしている
元気がない",2026-01-21T17:20:05.952Z,2026-01-21T17:20:09.681Z,2026-01-21T17:20:10.292Z,2026-01-21T17:20:45.876Z,35584,2026-01-21T17:20:45.900Z
1466,34992f9c-339c-480d-ae6a-177332e02747,A,main,3,2,4,audio,c14c4769-f90b-4934-a064-e257d64fe817,2,2,2,6,5,5,6,5,"気持ち悪い
元気がない
面白くない",2026-01-21T17:21:40.092Z,2026-01-21T17:21:46.041Z,2026-01-21T17:21:46.579Z,2026-01-21T17:22:16.159Z,29580,2026-01-21T17:22:16.185Z
1467,34992f9c-339c-480d-ae6a-177332e02747,A,main,4,2,7,audio,5e235066-d0dd-480a-be58-fe8d02673c36,2,2,2,6,5,5,6,5,"気持ち悪い
感情がわからない
元気がない",2026-01-21T17:22:17.125Z,2026-01-21T17:22:20.851Z,2026-01-21T17:22:21.250Z,2026-01-21T17:22:52.092Z,30842,2026-01-21T17:22:52.110Z
1468,6ad66b61-cab4-4e79-a74e-3f71f7f45d70,D,main,1,1,8,image,,2,3,3,5,4,3,5,5,"暗い
低い
落ち着いてる",2026-01-21T17:57:29.053Z,2026-01-21T17:57:32.054Z,2026-01-21T17:57:41.260Z,2026-01-21T17:59:09.554Z,88294,2026-01-21T17:58:56.592Z
1469,6ad66b61-cab4-4e79-a74e-3f71f7f45d70,D,main,2,1,3,image,,3,3,5,3,4,3,5,5,"暗い
低い
落ち着いてる",2026-01-21T17:59:09.589Z,2026-01-21T17:59:12.590Z,2026-01-21T17:59:14.162Z,2026-01-21T18:00:18.545Z,64383,2026-01-21T18:00:05.588Z
1470,6ad66b61-cab4-4e79-a74e-3f71f7f45d70,D,main,3,2,3,audio,7ed82dfd-2a18-4f48-ae32-62c046033a76,3,3,5,3,4,4,5,5,"暗い
緊張してる
低い",2026-01-21T18:01:34.944Z,2026-01-21T18:01:40.127Z,2026-01-21T18:01:41.007Z,2026-01-21T18:02:27.014Z,46007,2026-01-21T18:02:14.056Z
1471,6ad66b61-cab4-4e79-a74e-3f71f7f45d70,D,main,4,2,8,audio,42fb7bf4-d120-4724-842d-6f62ef2c5185,3,3,5,3,4,3,5,5,"暗い
低い
不気味",2026-01-21T18:02:28.590Z,2026-01-21T18:02:34.566Z,2026-01-21T18:02:35.110Z,2026-01-21T18:03:12.269Z,37159,2026-01-21T18:02:59.306Z
1472,8fc108a8-b6d6-4213-9d69-0f07d52ba45c,C,main,1,1,6,audio,db5bb076-e3f4-4038-975c-5d28fc4ff637,2,5,4,4,6,6,6,4,濁った，籠った，ユーモラスな,2026-01-21T18:53:22.910Z,2026-01-21T18:53:29.044Z,2026-01-21T18:53:31.070Z,2026-01-21T18:55:24.686Z,113616,2026-01-21T18:54:59.923Z
1473,8fc108a8-b6d6-4213-9d69-0f07d52ba45c,C,main,2,1,1,audio,c241a280-98f0-42bc-af7b-4b45a86691f4,2,3,4,4,6,6,3,3,鈍い，幼稚な，甘えた，奇妙な,2026-01-21T18:55:28.382Z,2026-01-21T18:55:37.263Z,2026-01-21T18:55:39.702Z,2026-01-21T19:01:40.172Z,360470,2026-01-21T19:01:15.540Z
1474,8fc108a8-b6d6-4213-9d69-0f07d52ba45c,C,main,3,2,6,image,,5,5,2,6,4,4,4,4,軽い，遠い，的確な,2026-01-21T19:07:40.807Z,2026-01-21T19:07:43.813Z,2026-01-21T19:07:54.074Z,2026-01-21T19:10:07.290Z,133216,2026-01-21T19:09:42.688Z
1475,8fc108a8-b6d6-4213-9d69-0f07d52ba45c,C,main,4,2,1,image,,5,5,2,6,4,5,3,4,明るい，軽快な，流ちょうな,2026-01-21T19:10:07.493Z,2026-01-21T19:10:10.494Z,2026-01-21T19:10:14.009Z,2026-01-21T19:11:57.441Z,103432,2026-01-21T19:11:32.687Z
1479,d439ff6c-084f-45a1-bf37-08f1b6836f96,D,main,1,1,2,image,,2,3,2,6,1,1,3,6,"変
他人の声
違和感",2026-01-21T20:17:51.430Z,2026-01-21T20:17:54.431Z,2026-01-21T20:18:00.580Z,2026-01-21T20:19:21.333Z,80753,2026-01-21T20:19:21.685Z
1480,d439ff6c-084f-45a1-bf37-08f1b6836f96,D,main,2,1,1,image,,1,2,2,6,1,1,3,5,"気持ち悪い
他人みたい
違和感",2026-01-21T20:19:21.517Z,2026-01-21T20:19:24.518Z,2026-01-21T20:19:29.830Z,2026-01-21T20:22:50.443Z,200613,2026-01-21T20:22:50.730Z
1481,d439ff6c-084f-45a1-bf37-08f1b6836f96,D,main,3,2,1,audio,4f8a4301-2f8e-4539-98c1-bf749b74adb6,5,5,2,6,5,5,3,2,"自分
普段通り
予想と違う",2026-01-21T20:23:36.640Z,2026-01-21T20:23:43.041Z,2026-01-21T20:23:44.769Z,2026-01-21T20:34:43.126Z,658357,2026-01-21T20:34:43.366Z
1482,d439ff6c-084f-45a1-bf37-08f1b6836f96,D,main,4,2,2,audio,20193fdd-31ea-4c1d-b0ee-de8077dc040d,5,3,5,3,5,5,2,2,"自分
好きじゃない
いつも通り",2026-01-21T20:34:45.068Z,2026-01-21T20:34:50.118Z,2026-01-21T20:34:50.701Z,2026-01-21T20:35:57.552Z,66851,2026-01-21T20:35:57.710Z
1483,7145240a-d0f0-425e-8191-f61d28143441,A,main,1,1,7,audio,1aae4219-ad83-42e0-b7d5-92b8b034d8d3,5,3,3,5,6,6,5,5,"低い
丁寧な
こもった
不器用な",2026-01-21T20:48:01.810Z,2026-01-21T20:48:08.457Z,2026-01-21T20:48:12.418Z,2026-01-21T20:49:44.724Z,92306,2026-01-21T20:49:44.969Z
1484,7145240a-d0f0-425e-8191-f61d28143441,A,main,2,1,5,audio,ded75fd6-232a-430f-b4e6-ca0224f9095b,5,5,3,5,6,6,3,4,"真面目な
丁寧な
低い
こもった
内気な",2026-01-21T20:49:47.549Z,2026-01-21T20:49:54.797Z,2026-01-21T20:49:56.254Z,2026-01-21T20:50:40.596Z,44342,2026-01-21T20:50:40.781Z
1485,7145240a-d0f0-425e-8191-f61d28143441,A,main,3,2,7,audio,1aae4219-ad83-42e0-b7d5-92b8b034d8d3,4,4,3,5,5,4,4,5,"低い
ぎこちない
スムーズでない
たどたどしい
こもった",2026-01-21T20:51:45.094Z,2026-01-21T20:51:51.737Z,2026-01-21T20:51:53.597Z,2026-01-21T20:52:46.258Z,52661,2026-01-21T20:52:46.452Z
1486,7145240a-d0f0-425e-8191-f61d28143441,A,main,4,2,5,audio,ded75fd6-232a-430f-b4e6-ca0224f9095b,5,5,3,5,6,6,3,3,"まじめな
こもった
固い
低い",2026-01-21T20:52:48.615Z,2026-01-21T20:52:55.866Z,2026-01-21T20:52:56.731Z,2026-01-21T20:53:26.454Z,29723,2026-01-21T20:53:26.640Z
1487,88f187bb-9b06-4777-bf82-0c19100286f2,B,main,1,1,7,image,,3,4,3,5,5,4,3,5,"おどおど
内気な
陰気な
たどただしい",2026-01-21T21:09:21.112Z,2026-01-21T21:09:24.114Z,2026-01-21T21:09:38.032Z,2026-01-21T21:11:42.160Z,124128,2026-01-21T21:11:42.107Z
1488,88f187bb-9b06-4777-bf82-0c19100286f2,B,main,2,1,2,image,,2,4,5,3,3,3,5,6,"おかまっぽい
わざとらしい
変な
不審な",2026-01-21T21:11:42.294Z,2026-01-21T21:11:45.296Z,2026-01-21T21:12:02.703Z,2026-01-21T21:13:22.084Z,79381,2026-01-21T21:13:21.961Z
1489,ad4af757-233e-4d43-9c54-0ec1d114bbac,C,main,1,1,4,audio,61c7ef82-732c-4999-ae19-09cab0f42e31,3,5,5,3,6,5,6,5,"聞きにくい
おどおどしている
自信がない",2026-01-21T21:12:43.636Z,2026-01-21T21:12:49.264Z,2026-01-21T21:12:52.411Z,2026-01-21T21:13:52.996Z,60585,2026-01-21T21:13:53.358Z
1490,ad4af757-233e-4d43-9c54-0ec1d114bbac,C,main,2,1,6,audio,eb71aa1e-9a82-4411-a201-a4d0b795ce0c,5,4,3,5,5,6,3,3,"少し流暢
自信がある
はきはきとしている",2026-01-21T21:13:55.003Z,2026-01-21T21:13:59.258Z,2026-01-21T21:14:07.724Z,2026-01-21T21:14:52.006Z,44282,2026-01-21T21:14:52.093Z
1491,88f187bb-9b06-4777-bf82-0c19100286f2,B,main,3,2,7,image,,5,4,3,5,5,5,3,2,"日常的な
普通な
自然な",2026-01-21T21:15:15.422Z,2026-01-21T21:15:18.424Z,2026-01-21T21:15:27.071Z,2026-01-21T21:16:24.058Z,56987,2026-01-21T21:16:23.933Z
1492,ad4af757-233e-4d43-9c54-0ec1d114bbac,C,main,3,2,6,image,,5,3,3,5,5,3,3,3,"すらすらと話せている
流暢に話せている
はきはきとしている",2026-01-21T21:15:59.946Z,2026-01-21T21:16:02.947Z,2026-01-21T21:16:07.323Z,2026-01-21T21:16:45.695Z,38372,2026-01-21T21:16:45.778Z
1493,ad4af757-233e-4d43-9c54-0ec1d114bbac,C,main,4,2,4,image,,5,3,3,5,4,3,3,4,"どもる感じ
言葉に詰まる感じ
滑舌が悪い",2026-01-21T21:16:45.737Z,2026-01-21T21:16:48.737Z,2026-01-21T21:16:53.333Z,2026-01-21T21:17:35.690Z,42357,2026-01-21T21:17:35.775Z
1494,88f187bb-9b06-4777-bf82-0c19100286f2,B,main,4,2,2,image,,3,3,2,6,2,1,5,6,"言葉遣いが変
お嬢様っぽい
おかまっぽい
演技っぽい",2026-01-21T21:16:24.104Z,2026-01-21T21:16:27.106Z,2026-01-21T21:16:30.287Z,2026-01-21T21:17:52.880Z,82593,2026-01-21T21:17:52.798Z
1495,ba9564f8-94ca-44ff-809f-f70f4da3308f,C,main,1,1,2,audio,05de8966-0e10-47b7-9dc7-27449548c11f,3,4,4,4,2,2,4,4,"暗い,低い,汚い",2026-01-21T21:21:26.322Z,2026-01-21T21:21:31.273Z,2026-01-21T21:21:32.714Z,2026-01-21T21:22:46.577Z,73863,2026-01-21T21:22:46.601Z
1496,ba9564f8-94ca-44ff-809f-f70f4da3308f,C,main,2,1,3,audio,cc49fd92-79ec-45d7-ab4d-b2f6d0725c40,2,4,4,4,2,2,5,5,"悪い,こもる,かすれ",2026-01-21T21:22:49.426Z,2026-01-21T21:22:53.783Z,2026-01-21T21:22:54.473Z,2026-01-21T21:23:53.889Z,59416,2026-01-21T21:23:53.943Z
1497,ba9564f8-94ca-44ff-809f-f70f4da3308f,C,main,3,2,3,image,,2,4,4,4,2,3,4,4,"弱い,暗い,低い",2026-01-21T21:24:39.861Z,2026-01-21T21:24:42.862Z,2026-01-21T21:24:47.376Z,2026-01-21T21:25:32.152Z,44776,2026-01-21T21:25:32.171Z
1498,ba9564f8-94ca-44ff-809f-f70f4da3308f,C,main,4,2,2,image,,3,4,4,4,4,3,4,4,"低い,平らな,抑揚が無い",2026-01-21T21:25:32.188Z,2026-01-21T21:25:35.189Z,2026-01-21T21:25:37.136Z,2026-01-21T21:26:33.263Z,56127,2026-01-21T21:26:33.292Z
1499,486ef2c3-7d89-4664-b321-2ddfb327bb9c,C,main,1,1,7,audio,2fd46461-87ac-470e-8a78-4800339d1491,1,2,6,2,4,4,5,5,"甘ったるい。
はっきりしゃべれない。
奇妙。",2026-01-21T21:41:41.750Z,2026-01-21T21:41:48.758Z,2026-01-21T21:41:52.445Z,2026-01-21T21:43:37.177Z,104732,2026-01-21T21:43:38.064Z
1500,486ef2c3-7d89-4664-b321-2ddfb327bb9c,C,main,2,1,6,audio,e577e759-b7cb-4911-952b-9d943853884d,2,2,6,2,4,3,6,6,"滑舌が悪い。
しゃがれている。
甘ったるい。",2026-01-21T21:43:39.639Z,2026-01-21T21:43:45.116Z,2026-01-21T21:43:46.449Z,2026-01-21T21:44:53.295Z,66846,2026-01-21T21:44:54.192Z
1501,486ef2c3-7d89-4664-b321-2ddfb327bb9c,C,main,3,2,7,image,,3,5,5,3,4,5,4,3,"自分らしい。
いつも通り。
親しみがある。",2026-01-21T21:46:03.578Z,2026-01-21T21:46:06.580Z,2026-01-21T21:46:15.071Z,2026-01-21T21:47:39.266Z,84195,2026-01-21T21:47:40.131Z
1502,486ef2c3-7d89-4664-b321-2ddfb327bb9c,C,main,4,2,6,image,,4,4,4,4,5,5,4,5,"落ち着いた。
自分らしい。
しっくりくる。",2026-01-21T21:47:39.455Z,2026-01-21T21:47:42.456Z,2026-01-21T21:47:49.073Z,2026-01-21T21:48:37.321Z,48248,2026-01-21T21:48:38.138Z
1503,30baa0d1-cb9b-4126-87b6-fe57abdac37f,D,main,1,1,7,image,,3,3,3,5,3,3,3,3,"違和感,驚き,不慣れ",2026-01-21T21:58:45.029Z,2026-01-21T21:58:48.038Z,2026-01-21T21:59:03.277Z,2026-01-21T22:00:50.032Z,106755,2026-01-21T22:00:50.360Z
1504,af3d358b-e4fa-4133-92f3-cfedf7092420,C,main,1,1,2,audio,a02db7e1-eb8c-43da-87b8-02426b380b2c,1,5,4,4,3,5,6,7,"変
普段と違う
好きじゃない",2026-01-21T22:01:02.857Z,2026-01-21T22:01:07.777Z,2026-01-21T22:01:09.043Z,2026-01-21T22:02:14.843Z,65800,2026-01-21T22:02:14.374Z
1505,af3d358b-e4fa-4133-92f3-cfedf7092420,C,main,2,1,7,audio,0d9b7e24-afa0-41b9-8782-d00954d8607e,3,5,4,4,3,3,5,6,"微妙
好きじゃない
変",2026-01-21T22:02:16.191Z,2026-01-21T22:02:21.135Z,2026-01-21T22:02:24.316Z,2026-01-21T22:02:56.849Z,32533,2026-01-21T22:02:56.340Z
1506,af3d358b-e4fa-4133-92f3-cfedf7092420,C,main,3,2,2,image,,4,3,4,4,5,5,4,4,"普通
いつもと同じ
好きじゃない",2026-01-21T22:03:25.186Z,2026-01-21T22:03:28.188Z,2026-01-21T22:03:32.419Z,2026-01-21T22:04:04.802Z,32383,2026-01-21T22:04:04.353Z
1507,af3d358b-e4fa-4133-92f3-cfedf7092420,C,main,4,2,7,image,,4,4,5,3,5,5,4,3,"普通
自分らしい
いつもと同じ",2026-01-21T22:04:04.908Z,2026-01-21T22:04:07.911Z,2026-01-21T22:04:08.384Z,2026-01-21T22:04:33.395Z,25011,2026-01-21T22:04:32.898Z
1508,30baa0d1-cb9b-4126-87b6-fe57abdac37f,D,main,2,1,4,image,,3,3,3,5,3,3,3,3,"不思議,奇妙,不安定",2026-01-21T22:00:50.209Z,2026-01-21T22:00:53.211Z,2026-01-21T22:01:05.092Z,2026-01-21T22:06:06.371Z,301279,2026-01-21T22:06:12.631Z
1509,f8e0907a-ab8a-4ab3-8899-98c23e6bf2d9,B,main,1,1,6,image,,2,3,5,3,2,2,6,6,"良くない,辛い,ひどい",2026-01-21T22:07:52.411Z,2026-01-21T22:07:55.414Z,2026-01-21T22:08:12.622Z,2026-01-21T22:10:17.141Z,124519,2026-01-21T22:10:25.625Z
1510,30baa0d1-cb9b-4126-87b6-fe57abdac37f,D,main,3,2,4,audio,17ef4af4-a9ee-4599-bf46-70b8f4359f4d,3,3,3,5,3,3,3,3,"落ち着き,聞き慣れ,カラカラ",2026-01-21T22:07:40.687Z,2026-01-21T22:09:57.839Z,2026-01-21T22:09:59.799Z,2026-01-21T22:11:16.650Z,76851,2026-01-21T22:11:16.972Z
1511,f8e0907a-ab8a-4ab3-8899-98c23e6bf2d9,B,main,2,1,1,image,,2,2,6,2,2,2,6,6,"暗い,憂鬱,不快",2026-01-21T22:10:19.836Z,2026-01-21T22:10:22.838Z,2026-01-21T22:10:27.758Z,2026-01-21T22:11:28.309Z,60551,2026-01-21T22:11:35.325Z
1512,30baa0d1-cb9b-4126-87b6-fe57abdac37f,D,main,4,2,7,audio,748d1912-8ea2-4aef-afc8-b183165c67fe,3,3,3,5,4,3,3,3,"不思議,慣れ,だるい",2026-01-21T22:11:19.511Z,2026-01-21T22:11:29.737Z,2026-01-21T22:11:31.555Z,2026-01-21T22:12:46.036Z,74481,2026-01-21T22:12:46.333Z
1513,9bab7fee-0bad-4647-bcf8-7d892f85bd6b,C,main,1,1,1,audio,b7480559-9960-4506-8d9b-abfd0f019a18,2,5,5,3,6,3,6,6,"低い
情けない
小さい",2026-01-21T22:11:50.190Z,2026-01-21T22:11:56.320Z,2026-01-21T22:11:59.739Z,2026-01-21T22:12:52.145Z,52406,2026-01-21T22:12:51.416Z
1514,9bab7fee-0bad-4647-bcf8-7d892f85bd6b,C,main,2,1,5,audio,8fd487ac-5e72-4fa2-906a-ab2744e8913f,2,5,5,3,6,3,6,5,"低い
小さい
情けない
不気味な",2026-01-21T22:12:53.866Z,2026-01-21T22:12:59.398Z,2026-01-21T22:12:59.995Z,2026-01-21T22:13:44.915Z,44920,2026-01-21T22:13:44.138Z
1515,f8e0907a-ab8a-4ab3-8899-98c23e6bf2d9,B,main,3,2,6,image,,2,2,6,2,6,2,6,6,"ひどい,暗い,憂鬱",2026-01-21T22:14:02.004Z,2026-01-21T22:14:05.009Z,2026-01-21T22:14:10.918Z,2026-01-21T22:15:24.396Z,73478,2026-01-21T22:15:30.345Z
1516,9bab7fee-0bad-4647-bcf8-7d892f85bd6b,C,main,3,2,1,image,,5,3,3,5,5,5,3,3,"はっきりとした
大きな
元気な",2026-01-21T22:15:15.769Z,2026-01-21T22:15:18.770Z,2026-01-21T22:15:23.483Z,2026-01-21T22:15:54.139Z,30656,2026-01-21T22:15:53.350Z
1517,9bab7fee-0bad-4647-bcf8-7d892f85bd6b,C,main,4,2,5,image,,5,5,2,6,5,4,2,2,"はっきりとした
元気な
大きい
ハキハキとした",2026-01-21T22:15:54.207Z,2026-01-21T22:15:57.208Z,2026-01-21T22:15:58.561Z,2026-01-21T22:16:30.121Z,31560,2026-01-21T22:16:29.331Z
1518,f8e0907a-ab8a-4ab3-8899-98c23e6bf2d9,B,main,4,2,1,image,,2,2,6,2,2,2,6,6,"不快,暗い,憂鬱",2026-01-21T22:15:25.286Z,2026-01-21T22:15:28.292Z,2026-01-21T22:15:40.304Z,2026-01-21T22:16:46.086Z,65782,2026-01-21T22:16:52.004Z
1519,7fe3116d-efc2-4cc6-8590-18a8caad1795,D,main,1,1,3,image,,3,4,4,4,4,4,4,3,"おどおどしい,にぶい,ほとほとしい",2026-01-21T22:28:05.753Z,2026-01-21T22:28:08.754Z,2026-01-21T22:28:19.875Z,2026-01-21T22:30:17.706Z,117831,2026-01-21T22:30:12.587Z
1520,7fe3116d-efc2-4cc6-8590-18a8caad1795,D,main,2,1,4,image,,3,3,4,4,4,4,5,5,"たどたどしい,たんたんと,どんかんな",2026-01-21T22:30:17.805Z,2026-01-21T22:30:20.806Z,2026-01-21T22:30:27.847Z,2026-01-21T22:31:42.497Z,74650,2026-01-21T22:31:37.310Z
1521,7fe3116d-efc2-4cc6-8590-18a8caad1795,D,main,3,2,4,audio,2e4da97f-3a5f-45a8-ae57-2f1e4814e939,3,3,3,5,4,4,3,3,"おどおどしい,たどたどしい,にぶい",2026-01-21T22:32:44.562Z,2026-01-21T22:32:51.305Z,2026-01-21T22:32:52.692Z,2026-01-21T22:33:41.752Z,49060,2026-01-21T22:33:36.556Z
1522,7fe3116d-efc2-4cc6-8590-18a8caad1795,D,main,4,2,3,audio,72471fe5-f997-46d1-9aff-ff8dbd669dbf,4,4,3,5,5,4,3,3,"ひたしい,たどたどしい,おどおどしい",2026-01-21T22:33:43.476Z,2026-01-21T22:33:50.134Z,2026-01-21T22:33:51.614Z,2026-01-21T22:34:31.464Z,39850,2026-01-21T22:34:26.267Z
1523,bb917f7d-f500-4d19-9c95-17841647ecde,C,main,1,1,4,audio,912271ba-932f-4b03-9069-7be059754e31,1,3,3,5,7,3,1,1,"若い
短い
速い",2026-01-21T22:43:01.621Z,2026-01-21T22:43:11.045Z,2026-01-21T22:43:12.037Z,2026-01-21T22:44:58.194Z,106157,2026-01-21T22:44:58.396Z
1524,bb917f7d-f500-4d19-9c95-17841647ecde,C,main,2,1,5,audio,bd6da056-e278-4183-aaff-80ddb3ac60da,2,3,3,5,7,3,1,1,"自分っぽい
短い
速い",2026-01-21T22:44:59.654Z,2026-01-21T22:45:08.033Z,2026-01-21T22:45:08.971Z,2026-01-21T22:45:51.792Z,42821,2026-01-21T22:45:51.954Z
1525,bb917f7d-f500-4d19-9c95-17841647ecde,C,main,3,2,5,image,,1,3,3,5,6,5,1,3,"丁寧な
はやい
自分らしい",2026-01-21T22:46:31.232Z,2026-01-21T22:46:34.234Z,2026-01-21T22:46:39.317Z,2026-01-21T22:47:22.291Z,42974,2026-01-21T22:47:22.451Z
1526,5c7cfb26-3246-4556-be0f-2f1fd09cbc56,C,main,1,1,7,audio,ddd663bd-b47d-41bf-bd8c-71628ea8296b,2,3,2,6,5,6,6,6,"違和感
聞き慣れない
恥ずかしい",2026-01-21T22:46:17.888Z,2026-01-21T22:46:23.178Z,2026-01-21T22:46:25.194Z,2026-01-21T22:47:53.230Z,88036,2026-01-21T22:47:53.370Z
1527,bb917f7d-f500-4d19-9c95-17841647ecde,C,main,4,2,4,image,,2,3,3,5,5,2,2,5,"自分らしい
速い
稚拙な",2026-01-21T22:47:22.482Z,2026-01-21T22:47:25.485Z,2026-01-21T22:47:26.649Z,2026-01-21T22:48:06.375Z,39726,2026-01-21T22:48:06.575Z
1528,3a07659b-9a6d-4ad4-912d-4eb4d542b4a5,C,main,1,1,2,audio,7744a833-4926-45f1-a283-c6ac4d8de629,4,4,2,6,3,2,1,2,"落ち着いている
静か
おとなしい",2026-01-21T22:47:16.470Z,2026-01-21T22:47:21.391Z,2026-01-21T22:47:22.394Z,2026-01-21T22:48:07.102Z,44708,2026-01-21T22:48:07.527Z
1529,3a07659b-9a6d-4ad4-912d-4eb4d542b4a5,C,main,2,1,6,audio,9aa2349d-4213-4180-9edd-4b54445a0988,3,4,1,7,2,3,1,1,"おとなしい
落ち着いた
静か",2026-01-21T22:48:08.334Z,2026-01-21T22:48:16.049Z,2026-01-21T22:48:16.856Z,2026-01-21T22:48:35.662Z,18806,2026-01-21T22:48:36.087Z
1530,5c7cfb26-3246-4556-be0f-2f1fd09cbc56,C,main,2,1,8,audio,b96c045e-d799-428b-9a8e-5d0aa8a4c0b5,2,2,3,5,4,4,3,3,"気取っている
緊張
羞恥心",2026-01-21T22:47:55.426Z,2026-01-21T22:48:00.881Z,2026-01-21T22:48:02.165Z,2026-01-21T22:48:44.919Z,42754,2026-01-21T22:48:45.043Z
1531,5c7cfb26-3246-4556-be0f-2f1fd09cbc56,C,main,3,2,7,image,,2,3,2,6,5,5,6,6,"おばさん
ダミ声
汚い",2026-01-21T22:49:48.924Z,2026-01-21T22:49:51.928Z,2026-01-21T22:49:54.777Z,2026-01-21T22:50:38.180Z,43403,2026-01-21T22:50:38.311Z
1532,5c7cfb26-3246-4556-be0f-2f1fd09cbc56,C,main,4,2,8,image,,5,6,2,6,2,7,1,1,"穏やか
通常通り
自分らしさ",2026-01-21T22:50:38.350Z,2026-01-21T22:50:41.353Z,2026-01-21T22:50:46.749Z,2026-01-21T22:51:46.122Z,59373,2026-01-21T22:51:46.270Z
1533,3a07659b-9a6d-4ad4-912d-4eb4d542b4a5,C,main,3,2,6,image,,4,5,1,7,3,4,1,1,"聞きやすい
クリア
落ち着いている",2026-01-21T22:49:09.537Z,2026-01-21T22:49:12.538Z,2026-01-21T22:49:14.125Z,2026-01-21T22:53:06.253Z,232128,2026-01-21T22:53:06.666Z
1534,3a07659b-9a6d-4ad4-912d-4eb4d542b4a5,C,main,4,2,2,image,,3,5,1,7,3,3,1,1,"落ち着いている
聞きやすい
静か",2026-01-21T22:53:06.305Z,2026-01-21T22:53:09.308Z,2026-01-21T22:53:10.424Z,2026-01-21T22:53:33.718Z,23294,2026-01-21T22:53:34.140Z
1538,e0f80776-ddbf-44c5-8094-f12d24a09b84,D,main,1,1,4,image,,3,2,3,5,2,2,2,5,"こもっている
聞きにくい
感情がない",2026-01-21T23:22:10.391Z,2026-01-21T23:22:13.394Z,2026-01-21T23:22:15.885Z,2026-01-21T23:22:55.384Z,39499,2026-01-21T23:22:55.669Z
1539,e0f80776-ddbf-44c5-8094-f12d24a09b84,D,main,2,1,2,image,,2,3,3,5,3,4,4,5,"不慣れな感じ
こもっている感じ
わざとらしい",2026-01-21T23:22:55.708Z,2026-01-21T23:22:58.710Z,2026-01-21T23:23:03.258Z,2026-01-21T23:24:28.735Z,85477,2026-01-21T23:24:28.909Z
1540,d6f3e0fe-e81c-49ce-aa47-7a4a7219344e,B,main,1,1,6,image,,3,3,5,3,4,5,6,5,"憂鬱な
軽々しい
親しみのある",2026-01-21T23:24:29.014Z,2026-01-21T23:24:32.015Z,2026-01-21T23:24:39.548Z,2026-01-21T23:25:44.635Z,65087,2026-01-21T23:25:45.192Z
1541,e0f80776-ddbf-44c5-8094-f12d24a09b84,D,main,3,2,2,audio,d37555fe-74c6-46d3-a863-ae188febae9f,5,4,3,5,5,3,5,5,"遅い
読み上げ感が強い
鼻声",2026-01-21T23:25:26.196Z,2026-01-21T23:25:31.735Z,2026-01-21T23:25:34.273Z,2026-01-21T23:26:28.577Z,54304,2026-01-21T23:26:28.753Z
1542,d6f3e0fe-e81c-49ce-aa47-7a4a7219344e,B,main,2,1,4,image,,5,4,5,3,5,6,4,5,"軽薄な
信頼できない
幼い",2026-01-21T23:25:44.690Z,2026-01-21T23:25:47.691Z,2026-01-21T23:25:48.331Z,2026-01-21T23:26:41.039Z,52708,2026-01-21T23:26:41.615Z
1543,e0f80776-ddbf-44c5-8094-f12d24a09b84,D,main,4,2,4,audio,edd9ca64-9ba6-4252-af53-a51a9a86335b,4,3,3,5,3,5,4,4,"遅い
滑舌がよくない
緊張している",2026-01-21T23:26:30.956Z,2026-01-21T23:26:36.414Z,2026-01-21T23:26:38.018Z,2026-01-21T23:27:34.184Z,56166,2026-01-21T23:27:34.332Z
1544,d6f3e0fe-e81c-49ce-aa47-7a4a7219344e,B,main,3,2,6,image,,4,4,5,3,6,6,6,6,"軽薄な
信用できない
親しみやすい",2026-01-21T23:27:24.559Z,2026-01-21T23:27:27.560Z,2026-01-21T23:27:27.958Z,2026-01-21T23:28:04.105Z,36147,2026-01-21T23:28:04.674Z
1545,d6f3e0fe-e81c-49ce-aa47-7a4a7219344e,B,main,4,2,4,image,,3,4,5,3,6,6,5,6,"信用できない
軽々しい
不明瞭",2026-01-21T23:28:04.165Z,2026-01-21T23:28:07.166Z,2026-01-21T23:28:07.693Z,2026-01-21T23:28:34.567Z,26874,2026-01-21T23:28:35.121Z
1546,4eb62c53-1dd5-4c9a-9b51-b86099e93ebe,A,main,1,1,1,audio,ac90b372-f7b2-4f3a-ad6f-654503b24694,2,3,3,5,5,2,1,1,"マイク越しにあらためて自身の声を聴くと
・普段耳慣れた自分の声とはかなり異なった印象を受け、非常に恥ずかしくなる。
・自分の音声を収録して再生するとこんな感じなのかと不気味さを感じる。
・想像していたより、活舌が悪いなと感じた。",2026-01-21T23:32:04.056Z,2026-01-21T23:32:10.600Z,2026-01-21T23:32:11.856Z,2026-01-21T23:36:38.416Z,266560,2026-01-21T23:36:39.591Z
1547,4eb62c53-1dd5-4c9a-9b51-b86099e93ebe,A,main,2,1,6,audio,52402627-2719-4070-ba07-992db9bd1524,4,2,2,6,5,2,5,2,"収録された音声を確認して
・自分の声だと思うと恥ずかしさを感じる。
・前回の設問よりはましだが、活舌があまりよくない。
・やはり、自分の声を改めて聞くと不気味に感じる。",2026-01-21T23:36:42.052Z,2026-01-21T23:36:46.560Z,2026-01-21T23:36:47.252Z,2026-01-21T23:39:52.469Z,185217,2026-01-21T23:39:53.646Z
1548,4eb62c53-1dd5-4c9a-9b51-b86099e93ebe,A,main,3,2,1,audio,ac90b372-f7b2-4f3a-ad6f-654503b24694,2,3,2,6,7,2,6,4,"前回と比較して
・音声は鮮明にはなっている。
・自身の声という印象はぬぐえないので不快感を感じる。
・聞き取りやすさの観点からは、望ましい音声と言えないと感じた。",2026-01-21T23:41:09.749Z,2026-01-21T23:41:16.300Z,2026-01-21T23:41:16.964Z,2026-01-21T23:44:18.258Z,181294,2026-01-21T23:44:19.481Z
1549,4eb62c53-1dd5-4c9a-9b51-b86099e93ebe,A,main,4,2,6,audio,52402627-2719-4070-ba07-992db9bd1524,2,2,6,2,6,2,2,6,"前回と比較して
・音声は鮮明にはなっている。
・自身の声という印象はぬぐえないので不快感を感じる。
・聞き取りやすくなった分、不気味さが増した。",2026-01-21T23:44:19.883Z,2026-01-21T23:44:24.399Z,2026-01-21T23:44:25.398Z,2026-01-21T23:45:58.553Z,93155,2026-01-21T23:45:59.744Z
1550,0776ced7-01cf-4318-95d0-206b9bae122c,D,main,1,1,6,image,,4,6,2,6,6,4,1,2,"優しい
明るい
なめらか",2026-01-21T23:51:37.667Z,2026-01-21T23:51:40.669Z,2026-01-21T23:51:53.015Z,2026-01-21T23:53:19.661Z,86646,2026-01-21T23:53:19.747Z
1551,0776ced7-01cf-4318-95d0-206b9bae122c,D,main,2,1,8,image,,5,5,1,7,4,5,1,2,"落ち着いている
優しい
心地よい",2026-01-21T23:53:19.762Z,2026-01-21T23:53:22.763Z,2026-01-21T23:53:28.766Z,2026-01-21T23:54:20.882Z,52116,2026-01-21T23:54:20.908Z
1552,0776ced7-01cf-4318-95d0-206b9bae122c,D,main,3,2,8,audio,1525fcb9-dd85-4d88-a899-7993223708c5,6,6,1,7,6,6,1,3,"聞きやすい
優しい
分かりやすい",2026-01-21T23:55:20.019Z,2026-01-21T23:55:25.285Z,2026-01-21T23:55:26.234Z,2026-01-21T23:56:19.068Z,52834,2026-01-21T23:56:19.084Z
1553,0776ced7-01cf-4318-95d0-206b9bae122c,D,main,4,2,6,audio,08b6790b-06ab-491e-b7f6-5bc6bc877136,5,6,1,7,6,6,1,3,"分かりやすい
優しい
心地よい",2026-01-21T23:56:20.755Z,2026-01-21T23:56:25.354Z,2026-01-21T23:56:26.153Z,2026-01-21T23:57:29.553Z,63400,2026-01-21T23:57:29.567Z
1554,b56593e1-8563-44da-9e00-8027e88de613,C,main,1,1,2,audio,b5eed6bd-0084-4f6f-97e2-3eed1878cb84,3,4,5,3,5,3,5,5,"子供っぽい
舌っ足らずな
かわいい",2026-01-22T00:02:55.583Z,2026-01-22T00:03:00.765Z,2026-01-22T00:03:02.497Z,2026-01-22T00:04:49.415Z,106918,2026-01-22T00:04:49.457Z
1555,b56593e1-8563-44da-9e00-8027e88de613,C,main,2,1,1,audio,6a73bfe0-5402-4ecc-a65d-87962f8c3f9e,5,4,3,5,5,4,4,6,"明るい
子供っぽい
ほんわかした",2026-01-22T00:04:51.948Z,2026-01-22T00:04:57.664Z,2026-01-22T00:04:58.237Z,2026-01-22T00:06:07.579Z,69342,2026-01-22T00:06:07.600Z
1556,663fc0dc-79f5-44e4-b3c5-283c34e322a8,C,main,1,1,5,audio,197cd46f-2f85-402b-ad67-088e3d90c763,2,2,2,6,6,3,6,2,"不透明
なよなよ
聞きづらい",2026-01-22T00:06:34.618Z,2026-01-22T00:06:42.442Z,2026-01-22T00:06:42.921Z,2026-01-22T00:07:35.788Z,52867,2026-01-22T00:07:35.966Z
1557,663fc0dc-79f5-44e4-b3c5-283c34e322a8,C,main,2,1,1,audio,32d6e0e1-589b-4e4d-a1b7-3942567b8c9a,2,2,6,2,6,4,6,3,"弱々しい
はっきりしていない
綺麗じゃない",2026-01-22T00:07:37.358Z,2026-01-22T00:07:43.233Z,2026-01-22T00:07:44.181Z,2026-01-22T00:08:23.646Z,39465,2026-01-22T00:08:23.853Z
1558,b56593e1-8563-44da-9e00-8027e88de613,C,main,3,2,1,image,,4,4,2,6,5,5,2,1,"ありきたりな
静か
落ち着いた",2026-01-22T00:07:39.719Z,2026-01-22T00:07:42.720Z,2026-01-22T00:07:53.985Z,2026-01-22T00:08:48.533Z,54548,2026-01-22T00:08:48.562Z
1559,b56593e1-8563-44da-9e00-8027e88de613,C,main,4,2,2,image,,4,4,2,6,5,4,1,1,"落ち着いた
おとなしい
静か",2026-01-22T00:08:48.580Z,2026-01-22T00:08:51.583Z,2026-01-22T00:08:58.035Z,2026-01-22T00:09:43.291Z,45256,2026-01-22T00:09:43.316Z
1560,663fc0dc-79f5-44e4-b3c5-283c34e322a8,C,main,3,2,5,image,,5,4,4,4,5,5,2,6,"明るい
高い
聞き慣れている",2026-01-22T00:09:18.686Z,2026-01-22T00:09:21.689Z,2026-01-22T00:09:23.576Z,2026-01-22T00:09:52.467Z,28891,2026-01-22T00:09:52.657Z
1561,663fc0dc-79f5-44e4-b3c5-283c34e322a8,C,main,4,2,1,image,,5,5,4,4,5,6,3,3,"楽しそう
明るい
ハキハキしている",2026-01-22T00:09:52.617Z,2026-01-22T00:09:55.621Z,2026-01-22T00:09:56.524Z,2026-01-22T00:10:20.404Z,23880,2026-01-22T00:10:20.482Z
1562,bf6dfb35-74de-4396-ade1-02e726ebc132,D,main,1,1,6,image,,2,4,4,4,7,4,2,4,"こもっている
鼻が詰まっているような
低い",2026-01-22T00:29:57.356Z,2026-01-22T00:30:00.358Z,2026-01-22T00:30:09.251Z,2026-01-22T00:31:42.284Z,93033,2026-01-22T00:31:42.875Z
1563,bf6dfb35-74de-4396-ade1-02e726ebc132,D,main,2,1,8,image,,3,4,3,5,7,4,1,5,"聞き慣れない
少し早口
こもっている",2026-01-22T00:31:42.839Z,2026-01-22T00:31:45.840Z,2026-01-22T00:31:47.026Z,2026-01-22T00:32:55.239Z,68213,2026-01-22T00:32:55.348Z
1564,98ab5301-f925-41e2-bf5c-e633be44cd81,C,main,1,1,2,audio,77b63ab5-19a5-4237-8b87-512f36ad6087,3,3,5,3,4,5,1,1,"緊張
不安
戸惑い
丁寧",2026-01-22T00:33:35.861Z,2026-01-22T00:33:41.542Z,2026-01-22T00:33:43.121Z,2026-01-22T00:34:43.330Z,60209,2026-01-22T00:34:43.351Z
1565,98ab5301-f925-41e2-bf5c-e633be44cd81,C,main,2,1,4,audio,6c051746-0715-4e32-a6ad-cb3d653c8f83,5,5,2,6,6,6,1,1,"落ち着き
緊張
丁寧
ゆったり",2026-01-22T00:34:45.355Z,2026-01-22T00:34:51.631Z,2026-01-22T00:34:53.606Z,2026-01-22T00:35:28.547Z,34941,2026-01-22T00:35:28.565Z
1566,bf6dfb35-74de-4396-ade1-02e726ebc132,D,main,3,2,6,audio,ad20a2b7-2185-4df0-b52e-4139a04c3903,4,3,3,5,3,3,2,6,"はきはき
強い
早口",2026-01-22T00:35:04.851Z,2026-01-22T00:35:08.826Z,2026-01-22T00:35:11.028Z,2026-01-22T00:35:55.467Z,44439,2026-01-22T00:35:55.593Z
1567,bf6dfb35-74de-4396-ade1-02e726ebc132,D,main,4,2,8,audio,755763be-5030-4cfd-af0a-c71790cf5048,3,3,4,4,2,3,4,6,"ゆっくり
不安
もたもた",2026-01-22T00:35:57.189Z,2026-01-22T00:36:02.352Z,2026-01-22T00:36:05.011Z,2026-01-22T00:36:45.099Z,40088,2026-01-22T00:36:45.213Z
1568,98ab5301-f925-41e2-bf5c-e633be44cd81,C,main,3,2,4,image,,5,5,2,6,6,6,1,1,"落ち着き
ゆったり
頑張ってる
少しの緊張感",2026-01-22T00:36:41.046Z,2026-01-22T00:36:44.051Z,2026-01-22T00:36:49.249Z,2026-01-22T00:37:40.383Z,51134,2026-01-22T00:37:40.402Z
1569,98ab5301-f925-41e2-bf5c-e633be44cd81,C,main,4,2,2,image,,5,5,1,7,6,6,1,1,"落ち着き
安心感
少しの緊張
一生懸命",2026-01-22T00:37:40.410Z,2026-01-22T00:37:43.417Z,2026-01-22T00:37:46.569Z,2026-01-22T00:38:20.275Z,33706,2026-01-22T00:38:20.295Z
1570,f6f5aaad-1bc1-4f23-957a-2494bc67622c,D,main,1,1,4,image,,4,4,3,5,4,5,3,4,暗い，低い，優しい，,2026-01-22T00:35:22.435Z,2026-01-22T00:35:25.438Z,2026-01-22T00:35:31.050Z,2026-01-22T00:39:06.978Z,215928,2026-01-22T00:39:07.213Z
1571,8e0dbb1a-36d6-4834-8078-1d04baeb9668,D,main,1,1,7,image,,2,3,5,3,4,3,4,4,"不気味な,変な,気持ち悪い",2026-01-22T00:41:00.096Z,2026-01-22T00:41:03.097Z,2026-01-22T00:41:07.927Z,2026-01-22T00:42:07.257Z,59330,2026-01-22T00:42:06.129Z
1572,8e0dbb1a-36d6-4834-8078-1d04baeb9668,D,main,2,1,3,image,,2,4,6,2,3,3,5,5,"嫌な,違和感のある,自分らしくない",2026-01-22T00:42:07.284Z,2026-01-22T00:42:10.284Z,2026-01-22T00:42:13.885Z,2026-01-22T00:43:26.247Z,72362,2026-01-22T00:43:25.121Z
1573,f6f5aaad-1bc1-4f23-957a-2494bc67622c,D,main,2,1,7,image,,4,4,3,5,4,5,5,3,固い，低い，優しい，,2026-01-22T00:39:07.214Z,2026-01-22T00:39:10.222Z,2026-01-22T00:39:11.898Z,2026-01-22T00:44:24.958Z,313060,2026-01-22T00:44:25.234Z
1574,8e0dbb1a-36d6-4834-8078-1d04baeb9668,D,main,3,2,3,audio,b7521ba2-b53f-4dc2-9c9a-4b702c6a3ff9,2,2,6,2,4,3,6,6,"気持ち悪い,思い出したくない,変な",2026-01-22T00:44:35.969Z,2026-01-22T00:44:40.486Z,2026-01-22T00:44:44.595Z,2026-01-22T00:45:24.017Z,39422,2026-01-22T00:45:22.888Z
1575,8e0dbb1a-36d6-4834-8078-1d04baeb9668,D,main,4,2,7,audio,993f9ed6-720f-40a8-a2f7-a9f6ecd40aae,2,5,6,2,3,3,6,5,"違和感のある,自分を見失う,不安定な",2026-01-22T00:45:25.386Z,2026-01-22T00:45:28.946Z,2026-01-22T00:45:31.711Z,2026-01-22T00:46:22.982Z,51271,2026-01-22T00:46:21.853Z
1576,a44b16c7-17ac-4115-b3e8-631616c845ed,C,main,1,1,2,audio,7d65a8d3-8164-4d71-a21b-8658b49e67b4,5,5,3,5,6,6,2,2,"落ち着いた
温和な
紳士的な",2026-01-22T00:46:05.385Z,2026-01-22T00:46:11.440Z,2026-01-22T00:46:13.967Z,2026-01-22T00:48:47.748Z,153781,2026-01-22T00:48:47.226Z
1577,f6f5aaad-1bc1-4f23-957a-2494bc67622c,D,main,3,2,4,audio,d3dbc1e2-4f3b-4ec2-ac8e-caf8e2bc2843,4,4,2,6,4,4,2,3,優しい，親しい，低い,2026-01-22T00:47:26.274Z,2026-01-22T00:47:32.295Z,2026-01-22T00:47:41.518Z,2026-01-22T00:49:21.282Z,99764,2026-01-22T00:49:21.330Z
1578,a44b16c7-17ac-4115-b3e8-631616c845ed,C,main,2,1,6,audio,42c2a4c0-0394-4105-a4db-7942dbfdec58,5,5,3,5,6,6,2,2,"落ち着いた
温和な
紳士的な
単調な",2026-01-22T00:48:51.680Z,2026-01-22T00:48:59.278Z,2026-01-22T00:49:00.476Z,2026-01-22T00:50:18.077Z,77601,2026-01-22T00:50:17.404Z
1579,f6f5aaad-1bc1-4f23-957a-2494bc67622c,D,main,4,2,7,audio,e47fea26-5ad9-4672-889f-180a977d933d,3,3,3,5,3,3,3,3,暗い，低い，優しい，,2026-01-22T00:49:23.206Z,2026-01-22T00:49:27.725Z,2026-01-22T00:49:28.514Z,2026-01-22T00:50:25.158Z,56644,2026-01-22T00:50:25.213Z
1580,a5782fd4-4ef8-40c2-b80c-05b56b21f6cb,D,main,1,1,6,image,,5,5,2,6,6,5,2,2,"静か、
心地よい、
軽やか、",2026-01-21T07:57:49.074Z,2026-01-21T07:57:52.075Z,2026-01-21T07:58:17.947Z,2026-01-22T00:56:24.752Z,61086805,2026-01-22T00:56:24.842Z
1581,a5782fd4-4ef8-40c2-b80c-05b56b21f6cb,D,main,2,1,5,image,,5,5,2,6,6,6,2,2,"淡々と、
冷静に、
なめらかに、",2026-01-22T00:56:24.804Z,2026-01-22T00:56:27.809Z,2026-01-22T00:56:42.940Z,2026-01-22T00:57:29.265Z,46325,2026-01-22T00:57:29.366Z
1582,a44b16c7-17ac-4115-b3e8-631616c845ed,C,main,3,2,6,image,,5,5,3,5,6,6,2,2,"落ち着いた
温和な
紳士的な
",2026-01-22T00:56:40.912Z,2026-01-22T00:56:43.913Z,2026-01-22T00:56:51.054Z,2026-01-22T00:57:57.872Z,66818,2026-01-22T00:57:57.206Z
1583,a44b16c7-17ac-4115-b3e8-631616c845ed,C,main,4,2,2,image,,5,5,3,5,6,6,2,2,"落ち着いた
温和な
紳士的な",2026-01-22T00:57:57.929Z,2026-01-22T00:58:00.931Z,2026-01-22T00:58:10.385Z,2026-01-22T00:58:42.924Z,32539,2026-01-22T00:58:42.251Z
1584,a5782fd4-4ef8-40c2-b80c-05b56b21f6cb,D,main,3,2,5,audio,6e9e45e0-830f-44df-bfab-f37ad88818c0,5,5,2,6,6,6,2,4,"なめらかでなかった、
少し、かしこまった声、
以外と声が小さい、",2026-01-22T00:58:49.042Z,2026-01-22T00:58:58.173Z,2026-01-22T00:58:59.377Z,2026-01-22T01:00:20.077Z,80700,2026-01-22T01:00:20.181Z
1585,a5782fd4-4ef8-40c2-b80c-05b56b21f6cb,D,main,4,2,6,audio,68c2a3cb-e291-400b-b05d-2f5e3b05cc9c,6,6,2,6,6,6,2,2,"淡々とした、
落ち着いた、
自分らしい声、",2026-01-22T01:00:23.917Z,2026-01-22T01:00:31.243Z,2026-01-22T01:00:32.378Z,2026-01-22T01:01:32.069Z,59691,2026-01-22T01:01:32.172Z
1586,3cc4a4ec-ff70-48c1-a10c-881c2c758101,D,main,1,1,2,image,,5,4,2,6,5,5,1,1,"爽やか、
誠実、
親近感,",2026-01-22T01:19:01.245Z,2026-01-22T01:19:04.250Z,2026-01-22T01:19:13.590Z,2026-01-22T01:20:08.525Z,54935,2026-01-22T01:20:10.595Z
1587,3cc4a4ec-ff70-48c1-a10c-881c2c758101,D,main,2,1,1,image,,6,5,2,6,5,6,1,1,"親切そう
聡明
才気あふれる
",2026-01-22T01:20:08.573Z,2026-01-22T01:20:11.578Z,2026-01-22T01:20:23.311Z,2026-01-22T01:20:58.823Z,35512,2026-01-22T01:21:00.885Z
1588,31e0e8e7-cdb8-4065-a6ec-02ee9d4429f0,C,main,1,1,1,audio,86378de7-5a44-4589-a1b4-5bd10ca5c2eb,3,4,3,5,7,7,3,3,"こもっている
不安定
たどたどしい",2026-01-22T01:19:54.750Z,2026-01-22T01:20:02.232Z,2026-01-22T01:20:04.118Z,2026-01-22T01:21:39.666Z,95548,2026-01-22T01:21:39.688Z
1589,3cc4a4ec-ff70-48c1-a10c-881c2c758101,D,main,3,2,2,audio,7eff3892-16b6-4d88-91cd-20f9d5fa9540,5,3,1,7,6,7,1,1,"爽やか
誠実
親切そう
",2026-01-22T01:21:27.996Z,2026-01-22T01:21:34.708Z,2026-01-22T01:21:35.653Z,2026-01-22T01:22:02.582Z,26929,2026-01-22T01:22:04.647Z
1590,31e0e8e7-cdb8-4065-a6ec-02ee9d4429f0,C,main,2,1,7,audio,f04c269f-f955-4104-a2a2-13c194b8d523,2,4,4,4,6,6,4,3,"緊張している
消極的
慣れていない",2026-01-22T01:21:41.566Z,2026-01-22T01:21:48.222Z,2026-01-22T01:21:49.090Z,2026-01-22T01:22:43.778Z,54688,2026-01-22T01:22:43.824Z
1591,3cc4a4ec-ff70-48c1-a10c-881c2c758101,D,main,4,2,1,audio,9eb998ad-e9fc-4ec4-b503-e284b8c25f09,7,6,1,7,7,7,1,1,"親しみを覚える
優しい
爽やか
",2026-01-22T01:22:04.073Z,2026-01-22T01:22:10.016Z,2026-01-22T01:22:10.668Z,2026-01-22T01:22:51.451Z,40783,2026-01-22T01:22:53.519Z
1592,37ac4184-5e9b-4dff-b037-bcf418eb3eea,B,main,1,1,6,image,,4,3,3,5,6,6,1,3,"ぼんやり
キレが悪い
のんびり",2026-01-22T01:21:52.313Z,2026-01-22T01:21:55.314Z,2026-01-22T01:21:58.386Z,2026-01-22T01:23:24.594Z,86208,2026-01-22T01:23:24.693Z
1593,37ac4184-5e9b-4dff-b037-bcf418eb3eea,B,main,2,1,1,image,,2,3,3,5,6,6,2,3,"たどたどしい
ぼんやり
迷いがち",2026-01-22T01:23:24.640Z,2026-01-22T01:23:27.641Z,2026-01-22T01:23:32.746Z,2026-01-22T01:24:45.121Z,72375,2026-01-22T01:24:45.228Z
1594,31e0e8e7-cdb8-4065-a6ec-02ee9d4429f0,C,main,3,2,7,image,,4,3,3,5,5,4,1,5,"はっきり言おうとしている
普段より張る感じ
聞こえるように話そうとしている",2026-01-22T01:23:36.957Z,2026-01-22T01:23:39.957Z,2026-01-22T01:23:46.185Z,2026-01-22T01:25:02.350Z,76165,2026-01-22T01:25:02.374Z
1595,31e0e8e7-cdb8-4065-a6ec-02ee9d4429f0,C,main,4,2,1,image,,4,2,1,7,4,4,1,4,"聞こえやすくなるように意識している
普段よりもハッキリ話そうとしている
すこし声が大きい",2026-01-22T01:25:02.377Z,2026-01-22T01:25:05.379Z,2026-01-22T01:25:09.485Z,2026-01-22T01:26:05.557Z,56072,2026-01-22T01:26:05.576Z
1596,37ac4184-5e9b-4dff-b037-bcf418eb3eea,B,main,3,2,1,image,,3,3,5,3,6,6,2,5,"ぼんやり
たどたどしい
迷いがち",2026-01-22T01:27:30.495Z,2026-01-22T01:27:33.495Z,2026-01-22T01:27:37.394Z,2026-01-22T01:28:43.216Z,65822,2026-01-22T01:28:43.317Z
1597,37ac4184-5e9b-4dff-b037-bcf418eb3eea,B,main,4,2,6,image,,3,4,4,4,6,6,2,5,"ぼんやり
のんびり
ゆっくり",2026-01-22T01:28:43.257Z,2026-01-22T01:28:46.258Z,2026-01-22T01:28:49.483Z,2026-01-22T01:30:19.628Z,90145,2026-01-22T01:30:19.731Z
1598,cfc294bc-d1a6-4640-8be4-67f7f7b8b641,D,main,1,1,3,image,,4,6,2,6,6,5,1,2,平穏，淡々，冷静,2026-01-22T01:33:06.911Z,2026-01-22T01:33:09.915Z,2026-01-22T01:33:12.143Z,2026-01-22T01:36:27.599Z,195456,2026-01-22T01:36:28.027Z
1599,cfc294bc-d1a6-4640-8be4-67f7f7b8b641,D,main,2,1,7,image,,5,6,1,7,3,5,1,2,優しい，平穏，爽やか,2026-01-22T01:36:28.012Z,2026-01-22T01:36:31.014Z,2026-01-22T01:36:35.849Z,2026-01-22T01:37:48.602Z,72753,2026-01-22T01:37:49.045Z
1600,cfc294bc-d1a6-4640-8be4-67f7f7b8b641,D,main,3,2,3,audio,ea536061-31ce-4ee4-9225-cc0025e49ad6,3,4,3,5,5,5,3,2,不穏，辿々しい，暗い,2026-01-22T01:39:17.809Z,2026-01-22T01:39:22.309Z,2026-01-22T01:39:26.236Z,2026-01-22T01:40:44.344Z,78108,2026-01-22T01:40:45.045Z
1601,cfc294bc-d1a6-4640-8be4-67f7f7b8b641,D,main,4,2,7,audio,62c8e7d6-7c7a-4bbf-ab89-15d9d99bd3a7,4,3,3,5,4,5,2,3,緊張，自意識過剰，明瞭,2026-01-22T01:40:46.934Z,2026-01-22T01:40:51.704Z,2026-01-22T01:40:52.436Z,2026-01-22T01:43:18.722Z,146286,2026-01-22T01:43:19.182Z
1602,3895ac33-9576-499f-91e8-bd5951a3fb78,C,main,1,1,1,audio,dc37a5ca-761b-4068-aa71-01da868bfda7,5,4,2,6,6,5,4,3,"暗い,つまらない,よわよわしい",2026-01-22T01:41:03.902Z,2026-01-22T01:41:10.024Z,2026-01-22T01:41:14.158Z,2026-01-22T01:43:24.201Z,130043,2026-01-22T01:43:24.391Z
1603,3895ac33-9576-499f-91e8-bd5951a3fb78,C,main,2,1,8,audio,ece0fb16-c4f6-49a5-beec-264a6c112da0,4,4,3,5,5,5,4,3,"むずかしい,さびしい,よわい",2026-01-22T01:43:26.065Z,2026-01-22T01:43:32.114Z,2026-01-22T01:43:33.706Z,2026-01-22T01:45:49.026Z,135320,2026-01-22T01:45:49.242Z
1604,2d2c4c88-3b97-43ab-9d4c-8afb1e7dd648,D,main,1,1,5,image,,4,4,3,5,3,3,3,2,"きれいじゃない
おかしい
すきじゃない",2026-01-22T01:45:06.542Z,2026-01-22T01:45:09.543Z,2026-01-22T01:45:13.031Z,2026-01-22T01:46:32.219Z,79188,2026-01-22T01:46:31.330Z
1605,2d2c4c88-3b97-43ab-9d4c-8afb1e7dd648,D,main,2,1,3,image,,3,3,2,6,2,2,4,4,"ふつうな
きれいじゃない
まあまあ",2026-01-22T01:46:32.255Z,2026-01-22T01:46:35.257Z,2026-01-22T01:46:37.322Z,2026-01-22T01:47:12.150Z,34828,2026-01-22T01:47:11.267Z
1606,2d2c4c88-3b97-43ab-9d4c-8afb1e7dd648,D,main,3,2,3,audio,5aa75642-40ea-40a8-ac7c-51e24c76b93e,4,3,3,5,3,3,3,2,"おおきいな
強弱がある
通るかな",2026-01-22T01:47:47.300Z,2026-01-22T01:47:53.940Z,2026-01-22T01:47:54.845Z,2026-01-22T01:48:40.867Z,46022,2026-01-22T01:48:39.976Z
1607,3895ac33-9576-499f-91e8-bd5951a3fb78,C,main,3,2,1,image,,4,5,2,6,5,5,2,1,"やさしい,心地よい,あたたかい",2026-01-22T01:47:48.403Z,2026-01-22T01:47:51.414Z,2026-01-22T01:48:00.854Z,2026-01-22T01:48:52.178Z,51324,2026-01-22T01:48:52.282Z
1608,2d2c4c88-3b97-43ab-9d4c-8afb1e7dd648,D,main,4,2,5,audio,7e3c5f2e-7f07-4af8-82a2-ca47c8fb4c9d,2,3,3,5,3,3,3,3,"はっきり
おおきい
とおりがいい",2026-01-22T01:48:43.047Z,2026-01-22T01:48:53.184Z,2026-01-22T01:48:55.382Z,2026-01-22T01:49:21.682Z,26300,2026-01-22T01:49:20.808Z
1609,3895ac33-9576-499f-91e8-bd5951a3fb78,C,main,4,2,8,image,,5,5,2,6,4,4,2,5,"むずかしい,おもい,くらい",2026-01-22T01:48:52.201Z,2026-01-22T01:48:55.202Z,2026-01-22T01:49:00.270Z,2026-01-22T01:50:00.522Z,60252,2026-01-22T01:50:00.631Z
1610,30d01c43-016c-455a-8095-328180610ceb,C,main,1,1,3,audio,b5d0c382-ec7b-46e9-b05d-18373b0d02e3,4,4,2,6,5,5,4,4,"穏やか
真剣
高い声",2026-01-22T01:49:37.893Z,2026-01-22T01:49:43.068Z,2026-01-22T01:49:44.813Z,2026-01-22T01:51:07.005Z,82192,2026-01-22T01:51:03.741Z
1611,152820c1-cd7b-4129-89a1-bb194141a6d5,D,main,1,1,3,image,,7,7,1,7,7,7,1,1,"落ち着いている
疑問形
個性的",2026-01-22T01:50:31.918Z,2026-01-22T01:50:34.920Z,2026-01-22T01:50:40.412Z,2026-01-22T01:51:48.587Z,68175,2026-01-22T01:51:48.658Z
1612,30d01c43-016c-455a-8095-328180610ceb,C,main,2,1,1,audio,a4284df4-c7f4-4ae8-9278-41fc30f38214,4,4,3,5,5,4,2,2,"固い
ぎこちない
真面目",2026-01-22T01:51:09.084Z,2026-01-22T01:51:15.758Z,2026-01-22T01:51:18.227Z,2026-01-22T01:52:07.360Z,49133,2026-01-22T01:52:04.111Z
1613,152820c1-cd7b-4129-89a1-bb194141a6d5,D,main,2,1,1,image,,7,7,1,7,7,7,1,1,"個性的
ナチュラル
田舎風",2026-01-22T01:51:48.619Z,2026-01-22T01:51:51.620Z,2026-01-22T01:51:56.509Z,2026-01-22T01:52:43.406Z,46897,2026-01-22T01:52:43.477Z
1614,30d01c43-016c-455a-8095-328180610ceb,C,main,3,2,3,image,,5,5,3,5,5,5,2,3,"はっきり
一生懸命
しっかりとしている",2026-01-22T01:53:12.562Z,2026-01-22T01:53:15.563Z,2026-01-22T01:53:22.364Z,2026-01-22T01:54:15.617Z,53253,2026-01-22T01:54:12.516Z
1615,152820c1-cd7b-4129-89a1-bb194141a6d5,D,main,3,2,1,audio,ad98abf7-1ad8-4450-9436-768ac08235a9,7,7,1,7,7,7,1,1,"個性的
速いトーン
明るい",2026-01-22T01:53:38.176Z,2026-01-22T01:53:43.697Z,2026-01-22T01:53:45.174Z,2026-01-22T01:54:13.224Z,28050,2026-01-22T01:54:13.295Z
1616,152820c1-cd7b-4129-89a1-bb194141a6d5,D,main,4,2,3,audio,baaaa946-d915-439b-9445-efb1f9139f9a,7,7,1,7,7,7,1,1,"個性的
疑問形
演技的",2026-01-22T01:54:15.029Z,2026-01-22T01:54:19.457Z,2026-01-22T01:54:19.947Z,2026-01-22T01:54:45.579Z,25632,2026-01-22T01:54:45.645Z
1617,30d01c43-016c-455a-8095-328180610ceb,C,main,4,2,1,image,,3,3,3,5,5,4,3,2,"ぎこちない
間違えないようにしている
はっきりしている",2026-01-22T01:54:15.841Z,2026-01-22T01:54:18.841Z,2026-01-22T01:54:24.234Z,2026-01-22T01:55:27.689Z,63455,2026-01-22T01:55:24.419Z
1618,bcad81e9-de21-459d-817c-7997a948f4f4,B,main,1,1,5,image,,3,3,3,5,5,4,1,4,"暗い
小さい
低い
",2026-01-22T02:08:07.240Z,2026-01-22T02:08:10.245Z,2026-01-22T02:08:21.262Z,2026-01-22T02:13:02.850Z,281588,2026-01-22T02:13:03.326Z
1619,bcad81e9-de21-459d-817c-7997a948f4f4,B,main,2,1,7,image,,5,4,1,7,5,5,1,2,"冷たい
暗い
低い",2026-01-22T02:13:03.014Z,2026-01-22T02:13:06.015Z,2026-01-22T02:13:14.341Z,2026-01-22T02:15:20.135Z,125794,2026-01-22T02:15:20.620Z
1620,bcad81e9-de21-459d-817c-7997a948f4f4,B,main,3,2,7,image,,5,5,1,7,6,7,1,1,"抑揚のない
小さい
暗い",2026-01-22T02:17:48.220Z,2026-01-22T02:17:51.222Z,2026-01-22T02:18:06.134Z,2026-01-22T02:19:50.597Z,104463,2026-01-22T02:19:50.977Z
1621,bcad81e9-de21-459d-817c-7997a948f4f4,B,main,4,2,5,image,,4,5,2,6,6,6,1,2,"小さい
細い
冷たい",2026-01-22T02:19:51.408Z,2026-01-22T02:19:54.410Z,2026-01-22T02:19:59.614Z,2026-01-22T02:21:15.670Z,76056,2026-01-22T02:21:16.039Z
1622,4d8d9203-20e7-46c7-b7d3-ddbedce63041,A,main,1,1,1,audio,88a755ae-7ab2-4d54-8914-a7012608cc3f,3,3,4,4,3,4,5,5,"ゆっくり,暗い,固い",2026-01-22T02:22:33.781Z,2026-01-22T02:22:40.772Z,2026-01-22T02:22:42.288Z,2026-01-22T02:23:57.432Z,75144,2026-01-22T02:24:00.609Z
1623,4d8d9203-20e7-46c7-b7d3-ddbedce63041,A,main,2,1,7,audio,e4fdd131-c72f-4785-b7c3-4d4ff02856cb,5,3,3,5,5,5,2,4,"真面目,固い,遅い",2026-01-22T02:24:03.976Z,2026-01-22T02:24:09.012Z,2026-01-22T02:24:10.074Z,2026-01-22T02:25:08.786Z,58712,2026-01-22T02:25:11.978Z
1624,4d8d9203-20e7-46c7-b7d3-ddbedce63041,A,main,3,2,7,audio,e4fdd131-c72f-4785-b7c3-4d4ff02856cb,5,4,2,6,5,6,3,4,"きつい,固い,強い",2026-01-22T02:26:20.983Z,2026-01-22T02:26:26.022Z,2026-01-22T02:26:29.712Z,2026-01-22T02:27:22.952Z,53240,2026-01-22T02:27:26.128Z
1625,4d8d9203-20e7-46c7-b7d3-ddbedce63041,A,main,4,2,1,audio,88a755ae-7ab2-4d54-8914-a7012608cc3f,2,3,4,4,5,4,2,5,"暗い,遅い,真面目",2026-01-22T02:27:25.984Z,2026-01-22T02:27:32.972Z,2026-01-22T02:27:35.005Z,2026-01-22T02:28:34.075Z,59070,2026-01-22T02:28:37.261Z
1626,05bb8f08-92b1-4e73-9f19-e6b77b1c9878,C,main,1,1,4,audio,560daa4b-e1ec-4c1d-bd20-7cd8e9074559,3,4,3,5,5,3,4,6,"暗い、
拙い、
小さい、",2026-01-22T02:28:30.612Z,2026-01-22T02:28:38.795Z,2026-01-22T02:28:39.866Z,2026-01-22T02:30:58.445Z,138579,2026-01-22T02:30:59.076Z
1627,05bb8f08-92b1-4e73-9f19-e6b77b1c9878,C,main,2,1,5,audio,dfc82052-657d-4d59-bb2c-b801362c9d78,2,2,3,5,5,2,3,5,"拙い、
活舌悪い、
陰気、",2026-01-22T02:31:01.598Z,2026-01-22T02:31:08.401Z,2026-01-22T02:31:09.313Z,2026-01-22T02:32:16.063Z,66750,2026-01-22T02:32:16.629Z
1628,05bb8f08-92b1-4e73-9f19-e6b77b1c9878,C,main,3,2,4,image,,2,3,2,6,5,2,2,6,"籠っている、
聞き取りずらい、
陰気、",2026-01-22T02:33:53.598Z,2026-01-22T02:33:56.604Z,2026-01-22T02:33:59.892Z,2026-01-22T02:34:54.251Z,54359,2026-01-22T02:34:55.014Z
1629,05bb8f08-92b1-4e73-9f19-e6b77b1c9878,C,main,4,2,5,image,,2,2,2,6,3,2,4,6,"違和感、
籠っている、
活舌悪い、
",2026-01-22T02:34:55.093Z,2026-01-22T02:34:58.094Z,2026-01-22T02:35:08.151Z,2026-01-22T02:36:11.168Z,63017,2026-01-22T02:36:12.513Z
1630,fa2910f7-4272-4b2a-aa63-09eeda5b7806,D,main,1,1,4,image,,3,4,4,4,6,6,2,4,"異様な,不思議な,静かな,",2026-01-22T02:52:03.524Z,2026-01-22T02:52:06.533Z,2026-01-22T02:52:14.699Z,2026-01-22T02:54:41.826Z,147127,2026-01-22T02:54:46.473Z
1631,fa2910f7-4272-4b2a-aa63-09eeda5b7806,D,main,2,1,2,image,,4,4,4,4,5,5,4,4,"不思議な,静かな,　違和感,",2026-01-22T02:54:42.458Z,2026-01-22T02:54:45.462Z,2026-01-22T02:54:52.688Z,2026-01-22T02:55:36.732Z,44044,2026-01-22T02:55:40.895Z
1632,fa2910f7-4272-4b2a-aa63-09eeda5b7806,D,main,3,2,4,audio,1c9982b1-3e90-4233-8dcc-399d61b989bd,4,3,3,5,5,5,5,5,"不気味な,不快な,意外な,",2026-01-22T02:56:30.461Z,2026-01-22T02:56:40.498Z,2026-01-22T02:56:42.868Z,2026-01-22T02:57:33.943Z,51075,2026-01-22T02:57:38.135Z
1633,fa2910f7-4272-4b2a-aa63-09eeda5b7806,D,main,4,2,2,audio,5f86d85c-c3e6-4b49-ad5e-1e18b1900462,4,4,5,3,5,4,5,5,"不気味,　違和感,　不快,",2026-01-22T02:57:35.927Z,2026-01-22T02:57:41.047Z,2026-01-22T02:57:42.345Z,2026-01-22T02:58:15.524Z,33179,2026-01-22T02:58:19.915Z
1634,c13231ff-cfe2-401b-af93-1d48ebe113e5,C,main,1,1,4,audio,76e1af09-54c5-4cab-b0d1-9655a73c2818,5,5,2,6,5,5,2,5,"自分らしい
落ち着いている
安定する",2026-01-22T02:55:49.981Z,2026-01-22T02:55:57.165Z,2026-01-22T02:56:02.069Z,2026-01-22T02:59:58.015Z,235946,2026-01-22T02:59:54.247Z
1635,4a71059f-8c81-4c39-9d55-a3c75897ea61,D,main,1,1,5,image,,4,3,3,5,5,4,1,3,"穏やか,静か,落ち着いた",2026-01-22T02:59:12.283Z,2026-01-22T02:59:15.285Z,2026-01-22T02:59:34.311Z,2026-01-22T03:00:58.358Z,84047,2026-01-22T03:00:42.939Z
1636,c13231ff-cfe2-401b-af93-1d48ebe113e5,C,main,2,1,3,audio,e6b92373-adac-45d3-ab0b-06a0add0a035,6,1,6,2,7,7,7,7,"普段通り
違和感ない
落ち着く",2026-01-22T03:00:01.815Z,2026-01-22T03:00:07.420Z,2026-01-22T03:00:08.798Z,2026-01-22T03:01:50.952Z,102154,2026-01-22T03:01:46.843Z
1637,4a71059f-8c81-4c39-9d55-a3c75897ea61,D,main,2,1,6,image,,3,5,3,5,5,4,1,2,"穏やか,落ち着いた,平穏な",2026-01-22T03:00:58.429Z,2026-01-22T03:01:01.430Z,2026-01-22T03:01:10.598Z,2026-01-22T03:02:28.885Z,78287,2026-01-22T03:02:13.473Z
1638,67832bc4-2c35-494e-8c85-ec9dbb3f00ab,C,main,1,1,8,audio,be7a6a65-f760-42d6-8d8c-f9b40905e166,5,6,1,7,6,6,2,2,"ゆっくり
おちつき
のんびり",2026-01-22T03:02:24.734Z,2026-01-22T03:02:30.701Z,2026-01-22T03:02:31.532Z,2026-01-22T03:03:57.623Z,86091,2026-01-22T03:03:52.721Z
1639,4a71059f-8c81-4c39-9d55-a3c75897ea61,D,main,3,2,5,audio,a7179dcc-dd44-4eae-9418-91c953504800,4,4,3,5,7,5,1,2,"静か,穏やか,平穏な",2026-01-22T03:03:35.801Z,2026-01-22T03:03:41.874Z,2026-01-22T03:03:43.444Z,2026-01-22T03:04:28.145Z,44701,2026-01-22T03:04:12.716Z
1640,67832bc4-2c35-494e-8c85-ec9dbb3f00ab,C,main,2,1,3,audio,822948ee-7159-4e16-93df-cadb491b2ae7,5,6,1,7,7,7,2,2,"したしみ
のんびり
あかるめ",2026-01-22T03:03:59.787Z,2026-01-22T03:04:04.552Z,2026-01-22T03:04:05.672Z,2026-01-22T03:04:49.353Z,43681,2026-01-22T03:04:44.462Z
1641,4a71059f-8c81-4c39-9d55-a3c75897ea61,D,main,4,2,6,audio,961a9759-c6da-4e2b-89e3-4dfad7550457,4,5,3,5,7,4,1,1,"ゆっくりとした,落ち着いた,穏やかな",2026-01-22T03:04:30.800Z,2026-01-22T03:04:37.375Z,2026-01-22T03:04:40.333Z,2026-01-22T03:05:37.491Z,57158,2026-01-22T03:05:22.057Z
1642,c13231ff-cfe2-401b-af93-1d48ebe113e5,C,main,3,2,3,image,,5,5,1,7,6,6,1,1,"いつも通り
自分らしい
普通",2026-01-22T03:03:57.574Z,2026-01-22T03:04:00.579Z,2026-01-22T03:04:10.729Z,2026-01-22T03:05:39.554Z,88825,2026-01-22T03:05:35.480Z
1643,c13231ff-cfe2-401b-af93-1d48ebe113e5,C,main,4,2,4,image,,6,5,1,7,6,7,1,1,"自分らしい
違和感ない
普通",2026-01-22T03:05:39.722Z,2026-01-22T03:05:42.724Z,2026-01-22T03:05:50.250Z,2026-01-22T03:06:33.066Z,42816,2026-01-22T03:06:28.973Z
1644,67832bc4-2c35-494e-8c85-ec9dbb3f00ab,C,main,3,2,8,image,,5,6,2,6,5,5,2,2,"ひくい
おちつき
くらい",2026-01-22T03:06:41.446Z,2026-01-22T03:06:44.447Z,2026-01-22T03:06:49.477Z,2026-01-22T03:08:14.664Z,85187,2026-01-22T03:08:09.769Z
1645,67832bc4-2c35-494e-8c85-ec9dbb3f00ab,C,main,4,2,3,image,,6,2,2,6,6,6,2,2,"はやい
あかるい
おもしろい",2026-01-22T03:08:14.749Z,2026-01-22T03:08:17.750Z,2026-01-22T03:08:25.710Z,2026-01-22T03:09:42.533Z,76823,2026-01-22T03:09:37.643Z
1646,59f4822b-ce41-4ee1-9125-d4b6d11924c2,D,main,1,1,4,image,,4,4,4,4,5,3,1,6,"たどたどしい
ぼそぼそ
聞き取りにくい",2026-01-22T03:25:24.426Z,2026-01-22T03:25:27.430Z,2026-01-22T03:25:36.708Z,2026-01-22T03:27:06.911Z,90203,2026-01-22T03:27:07.200Z
1647,59f4822b-ce41-4ee1-9125-d4b6d11924c2,D,main,2,1,5,image,,3,4,3,5,5,3,4,5,"たどたどしい
聞きづらい
話し慣れていない",2026-01-22T03:27:07.214Z,2026-01-22T03:27:10.218Z,2026-01-22T03:27:16.329Z,2026-01-22T03:28:41.804Z,85475,2026-01-22T03:28:42.084Z
1648,59f4822b-ce41-4ee1-9125-d4b6d11924c2,D,main,3,2,4,audio,657ca5b5-517c-4561-85bf-99047498fec6,2,2,6,2,3,2,3,6,"小さい
細い
気持ち悪い",2026-01-22T03:30:09.806Z,2026-01-22T03:30:14.793Z,2026-01-22T03:30:16.620Z,2026-01-22T03:31:09.273Z,52653,2026-01-22T03:31:09.541Z
1649,59f4822b-ce41-4ee1-9125-d4b6d11924c2,D,main,4,2,5,audio,86b514c2-62fa-4c15-9e77-fcea7f95cd4b,2,2,6,2,3,2,2,6,"ぎこちない
聞き取りにくい
細い",2026-01-22T03:31:10.758Z,2026-01-22T03:31:16.250Z,2026-01-22T03:31:18.664Z,2026-01-22T03:32:06.028Z,47364,2026-01-22T03:32:06.308Z
1650,834b5830-5353-4985-ada9-2119002e9a91,D,main,1,1,4,image,,4,4,4,4,5,5,2,5,"自然な
アクセントのない
淡々とした",2026-01-22T03:33:13.701Z,2026-01-22T03:33:16.709Z,2026-01-22T03:33:32.910Z,2026-01-22T03:36:35.310Z,182400,2026-01-22T03:36:35.311Z
1651,834b5830-5353-4985-ada9-2119002e9a91,D,main,2,1,1,image,,4,4,3,5,5,5,2,4,"淡々とした
平坦な
普通の",2026-01-22T03:36:35.484Z,2026-01-22T03:36:38.485Z,2026-01-22T03:36:50.792Z,2026-01-22T03:38:49.121Z,118329,2026-01-22T03:38:49.114Z
1652,3389b834-66bd-40c2-89ad-bd5d45847baa,C,main,1,1,1,audio,3747dbdf-ccb4-4d3a-bec2-9b47833034d2,3,3,3,5,5,4,4,4,"くらい
ゆっくりとした
くもった",2026-01-22T03:38:27.373Z,2026-01-22T03:38:34.117Z,2026-01-22T03:38:37.630Z,2026-01-22T03:39:29.805Z,52175,2026-01-22T03:39:29.846Z
1653,3389b834-66bd-40c2-89ad-bd5d45847baa,C,main,2,1,4,audio,7d19db0d-b0e7-43a3-a22a-cf687d07e36d,5,4,4,4,3,3,4,3,"くもった
明瞭でない
くらい",2026-01-22T03:39:36.951Z,2026-01-22T03:39:43.917Z,2026-01-22T03:39:52.754Z,2026-01-22T03:40:27.428Z,34674,2026-01-22T03:40:27.463Z
1654,0f910bd2-851e-45cc-b817-8ad3b3dc9d9b,C,main,1,1,3,audio,b6642b0f-5195-4f64-9b3f-bb0126eeeb85,2,4,4,4,4,5,5,5,"不思議
聞きなれた
普通",2026-01-22T03:39:21.475Z,2026-01-22T03:39:25.252Z,2026-01-22T03:39:29.228Z,2026-01-22T03:40:34.049Z,64821,2026-01-22T03:40:34.268Z
1655,0f910bd2-851e-45cc-b817-8ad3b3dc9d9b,C,main,2,1,1,audio,c0dec2e7-5d93-4f73-b313-5c43fb787f40,5,4,4,4,6,5,5,4,"いつもの
落ち着いた
こもった",2026-01-22T03:40:37.042Z,2026-01-22T03:40:43.456Z,2026-01-22T03:40:44.474Z,2026-01-22T03:41:45.012Z,60538,2026-01-22T03:41:45.141Z
1656,3389b834-66bd-40c2-89ad-bd5d45847baa,C,main,3,2,4,image,,5,4,5,3,5,4,4,3,"くらい
明瞭でない
くもった",2026-01-22T03:42:03.303Z,2026-01-22T03:42:06.304Z,2026-01-22T03:42:18.812Z,2026-01-22T03:42:59.428Z,40616,2026-01-22T03:42:59.462Z
1657,0f910bd2-851e-45cc-b817-8ad3b3dc9d9b,C,main,3,2,3,image,,3,3,2,6,6,3,5,2,"よくある
落ち着いた
こもった",2026-01-22T03:42:54.385Z,2026-01-22T03:42:57.392Z,2026-01-22T03:42:59.952Z,2026-01-22T03:43:42.286Z,42334,2026-01-22T03:43:42.473Z
1658,3389b834-66bd-40c2-89ad-bd5d45847baa,C,main,4,2,1,image,,5,4,4,4,4,4,4,4,"くもった
リズミカルでない
明瞭でない",2026-01-22T03:42:59.473Z,2026-01-22T03:43:02.475Z,2026-01-22T03:43:07.572Z,2026-01-22T03:43:45.404Z,37832,2026-01-22T03:43:45.444Z
1659,0f910bd2-851e-45cc-b817-8ad3b3dc9d9b,C,main,4,2,1,image,,3,2,3,5,4,4,5,2,"きになる
落ち着いた
不気味",2026-01-22T03:43:42.556Z,2026-01-22T03:43:45.559Z,2026-01-22T03:43:46.385Z,2026-01-22T03:44:15.372Z,28987,2026-01-22T03:44:15.527Z
1660,834b5830-5353-4985-ada9-2119002e9a91,D,main,3,2,1,audio,d98988c4-53c0-485c-88d2-6ca993072a3e,4,4,3,5,5,5,4,4,"女性の
私の
思ったよりアクセントがある",2026-01-22T03:42:48.878Z,2026-01-22T03:42:56.284Z,2026-01-22T03:42:57.400Z,2026-01-22T03:45:03.137Z,125737,2026-01-22T03:45:03.183Z
1661,834b5830-5353-4985-ada9-2119002e9a91,D,main,4,2,4,audio,5eb46731-f060-466a-b39a-598cb0fb1967,5,4,4,4,5,5,3,4,"感情がこもってる
きちんと読んでいる
頑張ってる",2026-01-22T03:45:05.192Z,2026-01-22T03:45:11.494Z,2026-01-22T03:45:12.411Z,2026-01-22T03:47:46.998Z,154587,2026-01-22T03:47:47.013Z
1662,34b3b422-1056-47cb-b394-2894352c03af,D,main,1,1,2,image,,2,3,2,6,3,3,2,2,"綺麗,ハッキリ,ハキハキ",2026-01-22T03:50:45.275Z,2026-01-22T03:50:48.279Z,2026-01-22T03:51:00.779Z,2026-01-22T03:51:41.730Z,40951,2026-01-22T03:51:41.901Z
1663,76aeb18d-5eb5-48ff-a277-714621947f59,C,main,1,1,5,audio,99547256-bda1-49a6-ae84-f05a1526a3cd,4,4,4,4,4,4,4,4,"無
聞こえない
小さい",2026-01-22T03:50:34.798Z,2026-01-22T03:50:40.244Z,2026-01-22T03:50:53.846Z,2026-01-22T03:51:51.271Z,57425,2026-01-22T03:51:51.300Z
1664,76aeb18d-5eb5-48ff-a277-714621947f59,C,main,2,1,6,audio,496ff08f-4c8d-4970-8557-f4b442bac3b7,4,4,4,4,4,4,4,4,"ノイズ
無
聞こえにくい",2026-01-22T03:51:53.366Z,2026-01-22T03:51:57.544Z,2026-01-22T03:52:02.630Z,2026-01-22T03:52:21.310Z,18680,2026-01-22T03:52:21.342Z
1665,34b3b422-1056-47cb-b394-2894352c03af,D,main,2,1,6,image,,4,3,2,6,4,3,2,2,"すごい,やる気出る,美しい",2026-01-22T03:51:41.912Z,2026-01-22T03:51:44.915Z,2026-01-22T03:51:55.112Z,2026-01-22T03:52:44.081Z,48969,2026-01-22T03:52:44.207Z
1666,76aeb18d-5eb5-48ff-a277-714621947f59,C,main,3,2,5,image,,4,4,4,4,5,4,2,3,"ゆっくりしている
のんびりしている
低い",2026-01-22T03:53:00.884Z,2026-01-22T03:53:03.886Z,2026-01-22T03:53:08.358Z,2026-01-22T03:53:39.862Z,31504,2026-01-22T03:53:39.887Z
1667,34b3b422-1056-47cb-b394-2894352c03af,D,main,3,2,6,audio,4b38ecbf-581a-4732-8752-4e57a2c6f0eb,2,2,2,6,2,2,2,2,"ゆっくり,丁寧,ハキハキ",2026-01-22T03:53:24.613Z,2026-01-22T03:53:31.313Z,2026-01-22T03:53:31.475Z,2026-01-22T03:53:52.322Z,20847,2026-01-22T03:53:52.451Z
1668,76aeb18d-5eb5-48ff-a277-714621947f59,C,main,4,2,6,image,,4,4,3,5,4,4,2,2,"ゆっくり
のんびり
低い",2026-01-22T03:53:39.892Z,2026-01-22T03:53:42.894Z,2026-01-22T03:53:43.870Z,2026-01-22T03:54:03.198Z,19328,2026-01-22T03:54:03.241Z
1669,34b3b422-1056-47cb-b394-2894352c03af,D,main,4,2,2,audio,7a9af272-2213-4261-a52b-9b35d6b8fc80,3,1,2,6,7,4,2,2,"ゆっくり,安心感,温かみ",2026-01-22T03:53:53.882Z,2026-01-22T03:53:59.796Z,2026-01-22T03:54:00.344Z,2026-01-22T03:54:42.033Z,41689,2026-01-22T03:54:42.239Z
1670,f697880c-15c9-4eb2-a5dc-59aa616e0c28,D,main,1,1,7,image,,4,4,4,4,4,4,3,3,"低い
もごもご
のんびり",2026-01-22T03:57:08.519Z,2026-01-22T03:57:11.520Z,2026-01-22T03:57:21.462Z,2026-01-22T03:58:04.006Z,42544,2026-01-22T03:58:04.035Z
1671,f697880c-15c9-4eb2-a5dc-59aa616e0c28,D,main,2,1,1,image,,4,4,4,4,4,4,3,3,"低い
もごもご
のんびり",2026-01-22T03:58:04.038Z,2026-01-22T03:58:07.039Z,2026-01-22T03:58:07.822Z,2026-01-22T03:58:21.918Z,14096,2026-01-22T03:58:21.944Z
1672,f697880c-15c9-4eb2-a5dc-59aa616e0c28,D,main,3,2,7,audio,e3d4ece1-5a7c-492d-b14f-1a62186a708e,4,4,4,4,4,4,3,3,"はっきり
張っている
普通",2026-01-22T03:59:23.222Z,2026-01-22T03:59:26.614Z,2026-01-22T03:59:27.342Z,2026-01-22T04:00:12.790Z,45448,2026-01-22T04:00:12.819Z
1673,f697880c-15c9-4eb2-a5dc-59aa616e0c28,D,main,4,2,1,audio,92a3fc63-2c9b-49a6-91a0-5a6ad1da6e38,4,4,3,5,4,4,3,3,"はっきり
通る
普通",2026-01-22T04:00:14.702Z,2026-01-22T04:00:19.134Z,2026-01-22T04:00:19.710Z,2026-01-22T04:00:51.926Z,32216,2026-01-22T04:00:51.964Z
1674,c896fbcc-a245-4c66-9d78-5796ed21df9e,C,main,1,1,3,audio,223e0ded-d64d-45a0-94b2-8b7ed598c163,5,5,1,7,7,5,1,1,"普段通り
健康状態良好
はきはきしている",2026-01-22T04:04:11.638Z,2026-01-22T04:04:16.576Z,2026-01-22T04:04:18.847Z,2026-01-22T04:07:08.271Z,169424,2026-01-22T04:06:20.279Z
1675,c896fbcc-a245-4c66-9d78-5796ed21df9e,C,main,2,1,5,audio,9829375a-6c43-4e3b-ae7c-31b57ee7a112,4,4,4,4,6,6,1,3,"甘ったるい声色
もたつく感じ
慎重",2026-01-22T04:07:13.422Z,2026-01-22T04:07:20.306Z,2026-01-22T04:07:21.921Z,2026-01-22T04:08:40.514Z,78593,2026-01-22T04:07:52.489Z
1676,c896fbcc-a245-4c66-9d78-5796ed21df9e,C,main,3,2,5,image,,4,4,2,6,5,5,1,2,"普段通り
キリっとしている
明瞭",2026-01-22T04:09:36.140Z,2026-01-22T04:09:39.141Z,2026-01-22T04:09:48.785Z,2026-01-22T04:11:12.347Z,83562,2026-01-22T04:10:24.347Z
1677,c896fbcc-a245-4c66-9d78-5796ed21df9e,C,main,4,2,3,image,,5,5,1,7,6,5,1,1,"普段通り
元気
快活",2026-01-22T04:11:12.418Z,2026-01-22T04:11:15.418Z,2026-01-22T04:11:18.165Z,2026-01-22T04:12:13.970Z,55805,2026-01-22T04:11:25.929Z
1678,1f1046b3-c2a6-4666-939a-ebacd1d35b9a,C,main,1,1,1,audio,3a043b87-c2b0-4c5d-8229-25028f8eb0fb,5,5,2,6,6,6,1,2,"もたもた,舌足らず,大きい",2026-01-22T04:11:08.553Z,2026-01-22T04:11:16.152Z,2026-01-22T04:11:17.501Z,2026-01-22T04:13:24.691Z,127190,2026-01-22T04:13:25.097Z
1679,1f1046b3-c2a6-4666-939a-ebacd1d35b9a,C,main,2,1,6,audio,c81bb2c9-f7a0-43d9-b887-eab282eb2fb7,6,6,6,2,6,7,1,1,"まじめ,すらすら,淡々と",2026-01-22T04:13:27.278Z,2026-01-22T04:13:33.174Z,2026-01-22T04:13:34.073Z,2026-01-22T04:15:50.234Z,136161,2026-01-22T04:15:50.615Z
1680,47e1f2a1-660d-4b93-94ef-59e007f6aada,A,main,1,1,6,audio,677e3411-43a0-41e8-88ba-52df9950c9db,3,5,2,6,2,2,5,6,"無機な
高い
暗い",2026-01-22T04:13:13.773Z,2026-01-22T04:13:18.733Z,2026-01-22T04:13:20.853Z,2026-01-22T04:18:32.680Z,311827,2026-01-22T04:18:32.913Z
1681,47e1f2a1-660d-4b93-94ef-59e007f6aada,A,main,2,1,2,audio,bc69d505-4e10-4856-9372-543159fd256f,3,5,2,6,3,5,2,3,"堅い
無機質な
暗い",2026-01-22T04:18:37.349Z,2026-01-22T04:18:41.882Z,2026-01-22T04:18:43.705Z,2026-01-22T04:20:06.485Z,82780,2026-01-22T04:20:06.617Z
1682,1f1046b3-c2a6-4666-939a-ebacd1d35b9a,C,main,3,2,6,image,,6,6,1,7,7,6,1,2,"丁寧に,ゆっくり,慣れて",2026-01-22T04:17:41.010Z,2026-01-22T04:17:44.011Z,2026-01-22T04:17:57.155Z,2026-01-22T04:20:26.254Z,149099,2026-01-22T04:20:26.627Z
1683,47e1f2a1-660d-4b93-94ef-59e007f6aada,A,main,3,2,6,audio,677e3411-43a0-41e8-88ba-52df9950c9db,3,5,5,3,3,2,6,6,"堅い
暗い
高い",2026-01-22T04:21:45.306Z,2026-01-22T04:21:50.260Z,2026-01-22T04:21:51.088Z,2026-01-22T04:22:40.029Z,48941,2026-01-22T04:22:40.136Z
1684,1f1046b3-c2a6-4666-939a-ebacd1d35b9a,C,main,4,2,1,image,,5,5,1,7,5,6,1,2,"噛みしめて,じわじわと,慌てて",2026-01-22T04:20:26.423Z,2026-01-22T04:20:29.424Z,2026-01-22T04:21:01.724Z,2026-01-22T04:22:47.298Z,105574,2026-01-22T04:22:47.680Z
1685,47e1f2a1-660d-4b93-94ef-59e007f6aada,A,main,4,2,2,audio,bc69d505-4e10-4856-9372-543159fd256f,3,5,5,3,3,2,3,6,"堅い
無機質
暗い",2026-01-22T04:22:41.583Z,2026-01-22T04:22:46.111Z,2026-01-22T04:22:46.920Z,2026-01-22T04:23:28.679Z,41759,2026-01-22T04:23:28.792Z
1686,cb18e3cc-d4e7-4901-9530-7c2616f31806,D,main,1,1,7,image,,5,5,2,6,6,5,3,2,"女性的な
普通な
人間的な",2026-01-22T04:27:17.618Z,2026-01-22T04:27:20.623Z,2026-01-22T04:27:24.674Z,2026-01-22T04:28:22.223Z,57549,2026-01-22T04:28:22.916Z
1687,cb18e3cc-d4e7-4901-9530-7c2616f31806,D,main,2,1,6,image,,5,6,2,6,7,5,2,1,"大人な
普通な
人間的な",2026-01-22T04:28:22.344Z,2026-01-22T04:28:25.346Z,2026-01-22T04:28:27.770Z,2026-01-22T04:28:55.020Z,27250,2026-01-22T04:28:55.708Z
1688,cb18e3cc-d4e7-4901-9530-7c2616f31806,D,main,3,2,6,audio,8831c426-7104-4adf-9b74-0d86a206c8bf,4,5,2,6,5,4,2,4,"Adoっぽい
低音な
アルトっぽい",2026-01-22T04:29:57.617Z,2026-01-22T04:30:02.279Z,2026-01-22T04:30:02.951Z,2026-01-22T04:30:32.920Z,29969,2026-01-22T04:30:33.786Z
1689,cb18e3cc-d4e7-4901-9530-7c2616f31806,D,main,4,2,7,audio,592e5c4b-5bde-4c39-8d47-a726b77ea002,5,5,2,6,4,4,1,5,"変な
違和感がある
人間的な",2026-01-22T04:30:34.366Z,2026-01-22T04:30:40.273Z,2026-01-22T04:30:41.273Z,2026-01-22T04:31:04.816Z,23543,2026-01-22T04:31:05.516Z
1690,7c49d50e-ea9c-40b1-aed4-9dba85c5554d,B,main,1,1,6,image,,5,4,4,4,4,3,4,3,"ぼそぼそしている,しゃがれている,がらがらしている,きたない",2026-01-22T04:53:11.094Z,2026-01-22T04:53:14.096Z,2026-01-22T04:53:28.533Z,2026-01-22T04:58:23.234Z,294701,2026-01-22T04:58:21.635Z
1691,7c49d50e-ea9c-40b1-aed4-9dba85c5554d,B,main,2,1,3,image,,3,3,5,3,4,3,3,3,"不自然な,ぼそぼそしている,はっきりしない
",2026-01-22T04:58:23.430Z,2026-01-22T04:58:26.431Z,2026-01-22T04:58:33.800Z,2026-01-22T04:59:39.138Z,65338,2026-01-22T04:59:37.404Z
1692,b09cf30a-1049-4c71-bdca-8fe1045cd99f,C,main,1,1,4,audio,56410870-782f-41a8-ab12-51c463c56d6e,4,4,2,6,6,4,1,3,"低い，ぎこちない，幼い,固い",2026-01-22T04:56:19.609Z,2026-01-22T04:56:24.113Z,2026-01-22T04:56:28.408Z,2026-01-22T05:00:24.499Z,236091,2026-01-22T05:00:24.438Z
1693,7c49d50e-ea9c-40b1-aed4-9dba85c5554d,B,main,3,2,3,image,,3,3,5,3,3,3,3,3,"親しくない,違和感,不思議な",2026-01-22T05:00:29.350Z,2026-01-22T05:00:32.352Z,2026-01-22T05:00:36.660Z,2026-01-22T05:02:10.372Z,93712,2026-01-22T05:02:08.639Z
1694,7c49d50e-ea9c-40b1-aed4-9dba85c5554d,B,main,4,2,6,image,,4,4,3,5,3,4,4,4,"はっきりした,聞き覚えのある,違和感のない",2026-01-22T05:02:10.441Z,2026-01-22T05:02:13.442Z,2026-01-22T05:02:17.990Z,2026-01-22T05:04:00.728Z,102738,2026-01-22T05:03:59.012Z
1695,b09cf30a-1049-4c71-bdca-8fe1045cd99f,C,main,2,1,2,audio,305ed6e6-c26d-46f3-8255-c5bff6bb7e15,3,5,3,5,4,3,2,4,"堅苦しい,ぎこちない,よそよそしい",2026-01-22T05:00:28.107Z,2026-01-22T05:00:32.026Z,2026-01-22T05:00:33.523Z,2026-01-22T05:04:37.811Z,244288,2026-01-22T05:04:37.759Z
1696,b8698eda-5b46-441b-867c-a79f9ba4c283,C,main,1,1,8,audio,55c35f9f-83fd-4a33-957e-70ce843dbea3,3,4,4,4,3,5,2,3,"凡庸
弱々しい
軽い",2026-01-22T05:05:27.666Z,2026-01-22T05:05:33.189Z,2026-01-22T05:05:34.485Z,2026-01-22T05:06:21.031Z,46546,2026-01-22T05:06:21.165Z
1697,b8698eda-5b46-441b-867c-a79f9ba4c283,C,main,2,1,4,audio,934fbad0-95d1-42b1-8929-9711cb73d3cd,4,4,2,6,4,5,1,2,"平凡
高い
幼い",2026-01-22T05:06:22.971Z,2026-01-22T05:06:28.295Z,2026-01-22T05:06:30.071Z,2026-01-22T05:07:46.192Z,76121,2026-01-22T05:07:46.321Z
1698,b09cf30a-1049-4c71-bdca-8fe1045cd99f,C,main,3,2,2,image,,6,6,1,7,3,6,1,2,"明るい,優しい,わかりやすい",2026-01-22T05:07:43.025Z,2026-01-22T05:07:46.029Z,2026-01-22T05:07:52.600Z,2026-01-22T05:08:49.124Z,56524,2026-01-22T05:08:48.944Z
1699,b8698eda-5b46-441b-867c-a79f9ba4c283,C,main,3,2,4,image,,4,4,1,7,5,5,1,2,"普通
平常
落ち着いた",2026-01-22T05:09:11.350Z,2026-01-22T05:09:14.353Z,2026-01-22T05:09:16.661Z,2026-01-22T05:10:25.566Z,68905,2026-01-22T05:10:25.728Z
1700,b09cf30a-1049-4c71-bdca-8fe1045cd99f,C,main,4,2,4,image,,6,4,1,7,1,3,1,5,"男っぽい,注意深い,固い",2026-01-22T05:08:49.166Z,2026-01-22T05:08:52.167Z,2026-01-22T05:08:55.627Z,2026-01-22T05:11:04.043Z,128416,2026-01-22T05:11:04.070Z
1701,40e1d155-75bb-4d01-834d-0e65be0af162,C,main,1,1,5,audio,5eddfa4d-5653-41c9-b071-93854b359501,3,5,2,6,7,2,1,3,"低い。
柔らかい。
落ちついた。",2026-01-22T05:10:01.065Z,2026-01-22T05:10:11.262Z,2026-01-22T05:10:14.010Z,2026-01-22T05:11:46.707Z,92697,2026-01-22T05:11:46.679Z
1702,b0868bf5-1a14-4d45-9f6f-c19cb4ef2344,C,main,1,1,8,audio,5ef723ba-874c-403e-9f6c-f1dbf8ccb561,3,4,3,5,3,5,2,5,"幼稚
軽い
落ち着いた
　",2026-01-22T05:10:26.553Z,2026-01-22T05:10:33.295Z,2026-01-22T05:10:35.217Z,2026-01-22T05:11:59.228Z,84011,2026-01-22T05:11:56.519Z
1703,b8698eda-5b46-441b-867c-a79f9ba4c283,C,main,4,2,8,image,,5,4,1,7,5,5,1,2,"平凡
ありふれた
軽い",2026-01-22T05:10:25.762Z,2026-01-22T05:10:28.766Z,2026-01-22T05:10:30.249Z,2026-01-22T05:12:03.756Z,93507,2026-01-22T05:12:03.927Z
1704,40e1d155-75bb-4d01-834d-0e65be0af162,C,main,2,1,6,audio,c211e5f8-399e-4748-ab1a-323e3237f9d3,5,3,1,7,5,3,1,3,"声が柔らかい。
落ち着いた
ゆっくり",2026-01-22T05:12:21.245Z,2026-01-22T05:12:31.360Z,2026-01-22T05:12:43.006Z,2026-01-22T05:13:26.888Z,43882,2026-01-22T05:13:26.543Z
1705,b0868bf5-1a14-4d45-9f6f-c19cb4ef2344,C,main,2,1,5,audio,adaddbcc-7714-4fde-a652-929f0f61837f,2,5,2,6,2,3,1,5,"子どもっぽい
こもっている
軽い
無関心",2026-01-22T05:12:01.315Z,2026-01-22T05:12:08.396Z,2026-01-22T05:12:10.597Z,2026-01-22T05:13:36.415Z,85818,2026-01-22T05:13:33.498Z
1706,40e1d155-75bb-4d01-834d-0e65be0af162,C,main,3,2,5,image,,4,5,1,7,5,5,1,1,"声が低い
ゆっくり
落ち着いている",2026-01-22T05:14:15.438Z,2026-01-22T05:14:18.440Z,2026-01-22T05:14:24.952Z,2026-01-22T05:15:01.633Z,36681,2026-01-22T05:15:01.286Z
1707,40e1d155-75bb-4d01-834d-0e65be0af162,C,main,4,2,6,image,,2,3,2,6,7,2,3,7,"柔らかい
ゆっくり
落ち着いている。",2026-01-22T05:15:01.755Z,2026-01-22T05:15:04.757Z,2026-01-22T05:15:11.762Z,2026-01-22T05:15:51.751Z,39989,2026-01-22T05:15:51.409Z
1708,b0868bf5-1a14-4d45-9f6f-c19cb4ef2344,C,main,3,2,8,image,,4,5,2,6,6,3,1,3,"透き通った
明確な
重みのある
",2026-01-22T05:15:16.327Z,2026-01-22T05:15:19.329Z,2026-01-22T05:15:25.987Z,2026-01-22T05:16:26.099Z,60112,2026-01-22T05:16:23.197Z
1709,b0868bf5-1a14-4d45-9f6f-c19cb4ef2344,C,main,4,2,5,image,,3,2,3,5,3,3,1,4,"軽い
真剣みのない
ゆるい",2026-01-22T05:16:26.176Z,2026-01-22T05:16:29.186Z,2026-01-22T05:16:33.500Z,2026-01-22T05:17:15.962Z,42462,2026-01-22T05:17:13.043Z
1710,6009528b-199f-45c1-8ea2-209d7ddd02c5,D,main,1,1,4,image,,4,4,2,6,6,4,2,3,"硬い,真面目な,ゆっくりな",2026-01-22T05:23:15.052Z,2026-01-22T05:23:18.055Z,2026-01-22T05:23:24.821Z,2026-01-22T05:26:42.579Z,197758,2026-01-22T05:26:42.109Z
1711,2e4474a4-7153-4eb0-b13f-903394faf40b,D,main,1,1,1,image,,2,2,5,3,4,3,5,5,"低い,暗い,悪い",2026-01-22T05:26:12.343Z,2026-01-22T05:26:15.351Z,2026-01-22T05:26:23.499Z,2026-01-22T05:27:20.587Z,57088,2026-01-22T05:27:19.671Z
1712,2e4474a4-7153-4eb0-b13f-903394faf40b,D,main,2,1,6,image,,4,3,3,5,5,4,4,4,"平凡,普通,低い",2026-01-22T05:27:20.711Z,2026-01-22T05:27:23.712Z,2026-01-22T05:27:29.403Z,2026-01-22T05:27:59.443Z,30040,2026-01-22T05:27:58.454Z
1713,6009528b-199f-45c1-8ea2-209d7ddd02c5,D,main,2,1,2,image,,2,4,2,6,5,4,2,3,"早い,素朴な,一生懸命な",2026-01-22T05:26:42.733Z,2026-01-22T05:26:45.735Z,2026-01-22T05:26:47.432Z,2026-01-22T05:27:59.711Z,72279,2026-01-22T05:27:59.143Z
1714,2e4474a4-7153-4eb0-b13f-903394faf40b,D,main,3,2,6,audio,102730a2-5788-4ee2-bd94-d0b8f0e625a5,4,4,3,5,5,4,3,4,"普通,平坦,適度",2026-01-22T05:28:46.542Z,2026-01-22T05:28:51.956Z,2026-01-22T05:28:53.857Z,2026-01-22T05:29:37.182Z,43325,2026-01-22T05:29:36.195Z
1715,2e4474a4-7153-4eb0-b13f-903394faf40b,D,main,4,2,1,audio,030aa087-4872-4541-8657-fb3dc74d3587,4,4,2,6,5,5,2,2,"平静,平穏,普通",2026-01-22T05:29:39.444Z,2026-01-22T05:29:45.566Z,2026-01-22T05:29:46.751Z,2026-01-22T05:30:23.659Z,36908,2026-01-22T05:30:22.665Z
1716,6009528b-199f-45c1-8ea2-209d7ddd02c5,D,main,3,2,2,audio,5812b167-a7ce-4375-9c12-af7a529e0afc,2,3,3,5,5,6,3,5,"低い,冷たい,早い",2026-01-22T05:29:02.520Z,2026-01-22T05:29:07.036Z,2026-01-22T05:29:09.455Z,2026-01-22T05:30:52.071Z,102616,2026-01-22T05:30:51.491Z
1717,6009528b-199f-45c1-8ea2-209d7ddd02c5,D,main,4,2,4,audio,edfd47ff-90ea-48ce-8391-c257af543de7,3,2,2,6,4,4,3,2,"遅い,幼い,拙い",2026-01-22T05:30:53.494Z,2026-01-22T05:30:59.356Z,2026-01-22T05:31:00.066Z,2026-01-22T05:31:44.788Z,44722,2026-01-22T05:31:44.205Z
1718,54af9737-6b2e-4c55-ae78-2f7e08cc8014,C,main,1,1,8,audio,938280be-1c5e-4d8b-81c3-462293115718,3,3,5,3,5,5,4,4,"幼い
舌足らず
声が低い",2026-01-22T05:30:40.586Z,2026-01-22T05:30:47.410Z,2026-01-22T05:30:49.686Z,2026-01-22T05:32:31.015Z,101329,2026-01-22T05:32:31.215Z
1719,54af9737-6b2e-4c55-ae78-2f7e08cc8014,C,main,2,1,5,audio,f58b0704-d795-49cd-a988-f3f37ea45e2f,3,3,5,3,4,4,4,4,"幼い
舌足らず
気持ち悪い",2026-01-22T05:32:33.127Z,2026-01-22T05:32:39.774Z,2026-01-22T05:32:40.942Z,2026-01-22T05:33:17.444Z,36502,2026-01-22T05:33:17.616Z
1720,54af9737-6b2e-4c55-ae78-2f7e08cc8014,C,main,3,2,8,image,,3,3,5,3,4,4,4,4,"幼い
舌足らず
滑舌が悪い",2026-01-22T05:34:02.491Z,2026-01-22T05:34:05.494Z,2026-01-22T05:34:11.395Z,2026-01-22T05:34:39.904Z,28509,2026-01-22T05:34:40.040Z
1721,54af9737-6b2e-4c55-ae78-2f7e08cc8014,C,main,4,2,5,image,,3,3,5,3,4,4,4,4,"幼い
滑舌が悪い
気持ち悪い",2026-01-22T05:34:40.037Z,2026-01-22T05:34:43.040Z,2026-01-22T05:34:43.906Z,2026-01-22T05:35:05.573Z,21667,2026-01-22T05:35:05.625Z
1722,181acbc0-3daa-4aec-8b4a-cb37aa3e67fb,A,main,1,1,2,audio,59b3dc8f-0c4b-450b-924f-a18e1b41e4fd,2,2,6,2,4,3,5,6,"普段自分が認識している声と全然違う。
会議などで録音された自分の声を聞くことがあるので、そこまで違和感がないが、あまり聞きたくない声である。
ほかの人には、今の声のように聞こえているのだと思っている。",2026-01-22T05:35:11.186Z,2026-01-22T05:35:16.176Z,2026-01-22T05:35:18.207Z,2026-01-22T05:38:34.114Z,195907,2026-01-22T05:38:33.609Z
1723,181acbc0-3daa-4aec-8b4a-cb37aa3e67fb,A,main,2,1,1,audio,fc5c90db-4c5b-44f5-b4f1-5fdb0a1fbaa4,1,2,6,2,2,3,3,3,"録音された会議で聞く自分の声だと思う。
でもやはり聞きなれない。
自分の声だと思うと不快である。",2026-01-22T05:38:36.024Z,2026-01-22T05:38:42.372Z,2026-01-22T05:38:42.854Z,2026-01-22T05:39:59.504Z,76650,2026-01-22T05:39:58.853Z
1724,181acbc0-3daa-4aec-8b4a-cb37aa3e67fb,A,main,3,2,2,audio,59b3dc8f-0c4b-450b-924f-a18e1b41e4fd,3,2,3,5,2,3,2,2,"話し方は自分が話している感じである。
声の高さは自分がイメージしている声とは違う。
やはり違和感はある。",2026-01-22T05:40:52.973Z,2026-01-22T05:40:57.946Z,2026-01-22T05:40:58.785Z,2026-01-22T05:43:57.335Z,178550,2026-01-22T05:43:56.687Z
1725,181acbc0-3daa-4aec-8b4a-cb37aa3e67fb,A,main,4,2,1,audio,fc5c90db-4c5b-44f5-b4f1-5fdb0a1fbaa4,2,3,2,6,3,2,2,2,"話し方は自分の話し方だと思う。
声の高さ普段イメージしている声と違い不快である。
会議が録音され自分の声を聞くことがあるので、慣れるべきだと思う。
",2026-01-22T05:43:58.956Z,2026-01-22T05:44:05.297Z,2026-01-22T05:44:05.858Z,2026-01-22T05:45:42.472Z,96614,2026-01-22T05:45:41.809Z
1728,64956e84-d924-4190-9b27-27293e059135,C,main,1,1,2,audio,747b08fe-e317-4884-901a-bdd76848b542,5,5,1,7,6,6,1,3,"ハスキーな
ざらついた
重厚な",2026-01-22T06:20:30.427Z,2026-01-22T06:20:35.751Z,2026-01-22T06:22:55.458Z,2026-01-22T06:23:43.137Z,47679,2026-01-22T06:23:43.523Z
1729,64956e84-d924-4190-9b27-27293e059135,C,main,2,1,8,audio,804b8fd7-4035-41e4-adc8-f852ffce8740,6,6,1,7,6,7,1,2,"落ち着いた
力強い
ミステリアスな",2026-01-22T06:23:44.958Z,2026-01-22T06:23:50.348Z,2026-01-22T06:23:50.877Z,2026-01-22T06:24:26.971Z,36094,2026-01-22T06:24:27.143Z
1730,64956e84-d924-4190-9b27-27293e059135,C,main,3,2,2,image,,5,5,1,7,5,5,1,1,"威厳のある
荒々しい 
響きのある",2026-01-22T06:24:55.243Z,2026-01-22T06:24:58.245Z,2026-01-22T06:24:58.982Z,2026-01-22T06:25:31.885Z,32903,2026-01-22T06:25:32.048Z
1731,9e9beeb2-56ca-4dae-b233-903a4248afa6,D,main,1,1,4,image,,2,2,6,2,7,6,4,2,"きれいじゃない
澄んでいない
さわやかじゃない",2026-01-22T06:21:29.912Z,2026-01-22T06:21:32.915Z,2026-01-22T06:22:06.548Z,2026-01-22T06:26:03.760Z,237212,2026-01-22T06:26:03.932Z
1732,64956e84-d924-4190-9b27-27293e059135,C,main,4,2,8,image,,5,5,1,7,5,5,1,1,"大人びた
渋い
平坦な",2026-01-22T06:25:31.964Z,2026-01-22T06:25:34.965Z,2026-01-22T06:25:36.030Z,2026-01-22T06:26:09.192Z,33162,2026-01-22T06:26:09.368Z
1733,58466563-e920-4435-88ca-7f0ccd600581,D,main,1,1,2,image,,5,4,2,6,5,5,1,2,"親しみやすい
聞き取りやすい
はきはき",2026-01-22T06:27:48.480Z,2026-01-22T06:27:51.483Z,2026-01-22T06:27:59.895Z,2026-01-22T06:28:45.400Z,45505,2026-01-22T06:28:45.522Z
1734,9e9beeb2-56ca-4dae-b233-903a4248afa6,D,main,2,1,8,image,,4,5,3,5,7,7,1,1,"低い
暗い
小さい",2026-01-22T06:26:03.992Z,2026-01-22T06:26:06.993Z,2026-01-22T06:26:21.039Z,2026-01-22T06:29:41.236Z,200197,2026-01-22T06:29:41.404Z
1735,58466563-e920-4435-88ca-7f0ccd600581,D,main,2,1,3,image,,5,4,2,6,5,5,1,2,"穏やか
聞き取りやすい
はっきり",2026-01-22T06:28:45.449Z,2026-01-22T06:28:48.450Z,2026-01-22T06:28:53.423Z,2026-01-22T06:29:42.839Z,49416,2026-01-22T06:29:42.958Z
1736,58466563-e920-4435-88ca-7f0ccd600581,D,main,3,2,3,audio,c828c8f2-b469-42ce-9bfd-6a8bee8ddcaf,5,5,1,7,5,5,1,1,"落ち着く
聞き取りやすい
親しみやすい",2026-01-22T06:30:31.128Z,2026-01-22T06:30:35.976Z,2026-01-22T06:30:37.343Z,2026-01-22T06:31:11.903Z,34560,2026-01-22T06:31:12.029Z
1737,9e9beeb2-56ca-4dae-b233-903a4248afa6,D,main,3,2,4,audio,1014e378-e21a-4ec5-8059-dddd85d8a7d3,3,3,5,3,7,7,1,1,"難しい
明るい
新しい",2026-01-22T06:31:41.022Z,2026-01-22T06:31:47.911Z,2026-01-22T06:31:49.187Z,2026-01-22T06:33:51.230Z,122043,2026-01-22T06:33:51.358Z
1738,58466563-e920-4435-88ca-7f0ccd600581,D,main,4,2,2,audio,fd8c94e8-85f2-4d3b-a016-5a9afc1b6c77,5,4,1,7,5,5,1,1,"強い
大きい
若い
",2026-01-22T06:31:13.967Z,2026-01-22T06:31:20.027Z,2026-01-22T06:31:20.759Z,2026-01-22T06:34:16.583Z,175824,2026-01-22T06:34:16.906Z
1739,9e9beeb2-56ca-4dae-b233-903a4248afa6,D,main,4,2,8,audio,c8949bff-e03f-4a38-a521-c640fbad433a,6,6,2,6,7,7,1,1,"優しい
賢い
明るい
",2026-01-22T06:33:53.212Z,2026-01-22T06:34:00.462Z,2026-01-22T06:34:01.174Z,2026-01-22T06:35:30.437Z,89263,2026-01-22T06:35:30.444Z
1740,ec28c76d-d107-4fec-a55e-994de9c2f268,C,main,1,1,5,audio,e7d41252-3434-4d40-9089-68dc2d47fb35,2,3,2,6,5,5,5,5,"気持ち悪い
たどたどしい
遅い",2026-01-22T06:35:57.429Z,2026-01-22T06:36:04.161Z,2026-01-22T06:36:07.596Z,2026-01-22T06:37:03.370Z,55774,2026-01-22T06:37:03.677Z
1741,ec28c76d-d107-4fec-a55e-994de9c2f268,C,main,2,1,1,audio,17779f91-855f-4e7d-a0da-5fe61c949489,3,3,1,7,5,3,5,5,"気持ち悪い
ゆっくりすぎる
つっかえている
声が高い",2026-01-22T06:37:04.794Z,2026-01-22T06:37:10.770Z,2026-01-22T06:37:13.331Z,2026-01-22T06:38:15.874Z,62543,2026-01-22T06:38:16.184Z
1742,ec28c76d-d107-4fec-a55e-994de9c2f268,C,main,3,2,5,image,,3,3,5,3,6,5,3,5,"たどたどしい
ゆっくりしている
声が高い
読みにくそう
",2026-01-22T06:39:54.903Z,2026-01-22T06:39:57.904Z,2026-01-22T06:40:14.966Z,2026-01-22T06:41:31.619Z,76653,2026-01-22T06:41:31.924Z
1743,ec28c76d-d107-4fec-a55e-994de9c2f268,C,main,4,2,1,image,,4,3,5,3,6,5,3,5,"ゆっくり話している
声が高い
つっかえそう
",2026-01-22T06:41:31.659Z,2026-01-22T06:41:34.660Z,2026-01-22T06:41:42.653Z,2026-01-22T06:42:44.658Z,62005,2026-01-22T06:42:44.957Z
1744,6c03a8e4-6384-4369-95a9-ab57d5f6bed1,D,main,1,1,5,image,,2,2,2,6,4,2,4,2,"覇気がない
弱弱しい
不快",2026-01-22T06:51:49.375Z,2026-01-22T06:51:52.376Z,2026-01-22T06:51:58.176Z,2026-01-22T06:53:02.518Z,64342,2026-01-22T06:53:02.521Z
1745,6c03a8e4-6384-4369-95a9-ab57d5f6bed1,D,main,2,1,4,image,,2,2,2,6,3,3,4,4,"覇気がない
弱い
親しみがない",2026-01-22T06:53:02.556Z,2026-01-22T06:53:05.557Z,2026-01-22T06:53:07.110Z,2026-01-22T06:53:49.262Z,42152,2026-01-22T06:53:49.262Z
1746,6c03a8e4-6384-4369-95a9-ab57d5f6bed1,D,main,3,2,4,audio,b6d2ea78-d7bf-4a2e-9045-558c6c98668d,3,3,5,3,5,5,4,4,"感情がない
弱弱しくはない
親しみがない",2026-01-22T06:54:37.454Z,2026-01-22T06:54:47.496Z,2026-01-22T06:54:49.013Z,2026-01-22T06:56:39.204Z,110191,2026-01-22T06:56:39.205Z
1747,6c03a8e4-6384-4369-95a9-ab57d5f6bed1,D,main,4,2,5,audio,da079a1d-f50a-48b1-80ad-8cf772826e67,2,2,6,2,5,5,4,4,"元気がない
覇気がない
親しみがない",2026-01-22T06:56:40.790Z,2026-01-22T06:56:48.403Z,2026-01-22T06:56:49.956Z,2026-01-22T06:57:24.701Z,34745,2026-01-22T06:57:24.698Z
1748,4d0507b0-72d4-4e1a-a90e-237182e4a3b6,C,main,1,1,8,audio,fc0e8665-62d0-42a0-89d9-b087f67536a5,4,4,3,5,4,5,1,2,若い，幼い，可愛い,2026-01-22T06:58:04.682Z,2026-01-22T06:58:14.757Z,2026-01-22T06:58:16.876Z,2026-01-22T07:00:16.117Z,119241,2026-01-22T07:00:16.704Z
1749,4d0507b0-72d4-4e1a-a90e-237182e4a3b6,C,main,2,1,7,audio,094a3ac2-a307-46b7-bb50-1eb48d4a3f1d,6,6,1,7,7,6,1,1,明るい，太い，軽い,2026-01-22T07:00:17.915Z,2026-01-22T07:00:27.987Z,2026-01-22T07:00:29.093Z,2026-01-22T07:01:17.789Z,48696,2026-01-22T07:01:18.268Z
1750,4d0507b0-72d4-4e1a-a90e-237182e4a3b6,C,main,3,2,8,image,,6,6,1,7,7,7,1,1,太い，幼い，可愛い,2026-01-22T07:03:19.589Z,2026-01-22T07:03:22.590Z,2026-01-22T07:03:35.061Z,2026-01-22T07:04:02.351Z,27290,2026-01-22T07:04:02.835Z
1751,4d0507b0-72d4-4e1a-a90e-237182e4a3b6,C,main,4,2,7,image,,5,5,1,7,6,6,1,1,可愛い，幼い，明るい,2026-01-22T07:04:02.409Z,2026-01-22T07:04:05.416Z,2026-01-22T07:04:09.961Z,2026-01-22T07:04:47.730Z,37769,2026-01-22T07:04:48.209Z
1752,b1e2bd36-a52d-4ce7-bce6-31fbc7d1bf9e,C,main,1,1,7,audio,bbe48a67-bcac-4a6d-b884-2944285010c8,3,4,3,5,5,5,3,3,"暗い、
落ち着いている、
抑揚がない",2026-01-22T07:14:11.841Z,2026-01-22T07:14:16.769Z,2026-01-22T07:14:20.046Z,2026-01-22T07:16:50.389Z,150343,2026-01-22T07:16:50.502Z
1753,b1e2bd36-a52d-4ce7-bce6-31fbc7d1bf9e,C,main,2,1,5,audio,ac805d13-01cb-40d7-ac81-29c4a029bc7f,5,5,4,4,4,5,3,2,"やや明るい
はっきり聞こえる
落ち着いている",2026-01-22T07:16:53.769Z,2026-01-22T07:17:00.899Z,2026-01-22T07:17:01.855Z,2026-01-22T07:18:14.843Z,72988,2026-01-22T07:18:14.848Z
1754,b1e2bd36-a52d-4ce7-bce6-31fbc7d1bf9e,C,main,3,2,7,image,,3,4,3,5,4,4,5,3,"静か　
単調
不気味
",2026-01-22T07:19:56.755Z,2026-01-22T07:19:59.758Z,2026-01-22T07:20:14.341Z,2026-01-22T07:21:42.284Z,87943,2026-01-22T07:21:42.321Z
1755,b1e2bd36-a52d-4ce7-bce6-31fbc7d1bf9e,C,main,4,2,5,image,,5,5,4,4,4,4,2,3,"音読のようだ
抑揚はない
普段の話す感じ",2026-01-22T07:21:42.360Z,2026-01-22T07:21:45.362Z,2026-01-22T07:21:52.389Z,2026-01-22T07:23:14.368Z,81979,2026-01-22T07:23:14.399Z
1756,db467003-a056-4838-8a52-084b22d16ffb,B,main,1,1,8,image,,5,4,2,6,3,5,5,3,"地味
おとなしい
普通
",2026-01-22T07:49:53.037Z,2026-01-22T07:49:56.046Z,2026-01-22T07:50:02.983Z,2026-01-22T07:53:06.441Z,183458,2026-01-22T07:53:06.536Z
1757,2acde13c-e297-427e-916d-4650c3ece61f,A,main,1,1,1,audio,281fc7a2-5d94-4cbb-a43b-0f547108e307,3,3,4,4,4,3,4,4,"違和感がある
不思議な感じ
恥ずかしい",2026-01-22T07:52:16.306Z,2026-01-22T07:52:22.935Z,2026-01-22T07:52:26.316Z,2026-01-22T07:54:18.011Z,111695,2026-01-22T07:54:18.409Z
1758,db467003-a056-4838-8a52-084b22d16ffb,B,main,2,1,2,image,,5,4,5,3,5,5,3,3,"地味
素人
たどたどしい",2026-01-22T07:53:06.562Z,2026-01-22T07:53:09.573Z,2026-01-22T07:53:19.052Z,2026-01-22T07:54:52.475Z,93423,2026-01-22T07:54:52.490Z
1759,2acde13c-e297-427e-916d-4650c3ece61f,A,main,2,1,3,audio,b50d918f-dfae-48d2-a53d-7d923abbddb7,3,3,4,4,3,3,4,4,"聞き慣れない
恥ずかしい
違和感がある",2026-01-22T07:54:20.936Z,2026-01-22T07:54:26.448Z,2026-01-22T07:54:28.650Z,2026-01-22T07:55:29.438Z,60788,2026-01-22T07:55:29.792Z
1760,db467003-a056-4838-8a52-084b22d16ffb,B,main,3,2,2,image,,3,3,5,3,3,3,5,6,"棒読み
違和感
たどたどしい",2026-01-22T07:56:09.247Z,2026-01-22T07:56:12.254Z,2026-01-22T07:56:20.577Z,2026-01-22T07:57:46.085Z,85508,2026-01-22T07:57:46.114Z
1761,2acde13c-e297-427e-916d-4650c3ece61f,A,main,3,2,1,audio,281fc7a2-5d94-4cbb-a43b-0f547108e307,3,4,4,4,4,4,3,4,"不思議な感じ
少し違和感がある
変な感じがする",2026-01-22T07:56:47.933Z,2026-01-22T07:56:54.542Z,2026-01-22T07:56:57.863Z,2026-01-22T07:58:28.741Z,90878,2026-01-22T07:58:29.160Z
1762,db467003-a056-4838-8a52-084b22d16ffb,B,main,4,2,8,image,,3,3,5,3,3,3,5,6,"棒読み
標準語
違和感",2026-01-22T07:57:46.151Z,2026-01-22T07:57:49.160Z,2026-01-22T07:57:57.666Z,2026-01-22T07:59:38.262Z,100596,2026-01-22T07:59:38.290Z
1763,2acde13c-e297-427e-916d-4650c3ece61f,A,main,4,2,3,audio,b50d918f-dfae-48d2-a53d-7d923abbddb7,3,4,3,5,4,4,3,4,"不思議な感じ
聞き慣れない
変な感じがする",2026-01-22T07:58:30.783Z,2026-01-22T07:58:36.279Z,2026-01-22T07:58:37.599Z,2026-01-22T07:59:49.794Z,72195,2026-01-22T07:59:50.221Z
1764,1d8c5423-3a6f-4753-8189-b88d25bd158b,C,main,1,1,6,audio,39f44ace-1240-403a-9933-063faa67418a,3,3,5,3,5,3,5,5,"暗い
ぼんやり
ぼそぼそ",2026-01-22T08:04:58.819Z,2026-01-22T08:05:04.249Z,2026-01-22T08:05:05.686Z,2026-01-22T08:06:27.807Z,82121,2026-01-22T08:06:27.516Z
1765,1d8c5423-3a6f-4753-8189-b88d25bd158b,C,main,2,1,1,audio,8702af56-f94f-4ef3-80d3-20be5987003a,3,4,4,4,4,3,4,4,"低い
暗い
ぼんやり",2026-01-22T08:06:35.649Z,2026-01-22T08:06:43.074Z,2026-01-22T08:06:44.036Z,2026-01-22T08:07:45.661Z,61625,2026-01-22T08:07:45.364Z
1766,f2b2aed2-b872-4b87-a812-5308975b3497,D,main,1,1,4,image,,4,4,3,5,3,4,5,5,"奇妙,不思議,独特",2026-01-22T08:09:09.987Z,2026-01-22T08:09:12.990Z,2026-01-22T08:09:33.102Z,2026-01-22T08:11:26.166Z,113064,2026-01-22T08:11:26.774Z
1767,1d8c5423-3a6f-4753-8189-b88d25bd158b,C,main,3,2,6,image,,5,5,3,5,5,5,2,2,"スムーズ
淡々と
すらすら",2026-01-22T08:10:12.481Z,2026-01-22T08:10:15.482Z,2026-01-22T08:10:26.658Z,2026-01-22T08:11:45.059Z,78401,2026-01-22T08:11:44.809Z
1768,3a5c60ca-0c79-4968-a55a-17b80a216753,C,main,1,1,1,audio,35fa024c-f2f1-40bf-8b99-87b40ee2450d,3,4,5,3,6,4,5,5,"中性的な
舌足らずな
甘えたような",2026-01-22T08:10:36.014Z,2026-01-22T08:10:46.307Z,2026-01-22T08:10:56.069Z,2026-01-22T08:11:50.862Z,54793,2026-01-22T08:11:59.746Z
1769,3a5c60ca-0c79-4968-a55a-17b80a216753,C,main,2,1,3,audio,f7bfe849-efcf-4fd9-83ce-622b8750d459,3,4,5,3,6,5,5,5,"女性的な
媚びたような
口先だけで話しているような",2026-01-22T08:11:53.441Z,2026-01-22T08:12:03.636Z,2026-01-22T08:12:04.515Z,2026-01-22T08:12:51.045Z,46530,2026-01-22T08:12:59.922Z
1770,f2b2aed2-b872-4b87-a812-5308975b3497,D,main,2,1,2,image,,5,4,3,5,5,4,3,3,"安心,新鮮,信頼",2026-01-22T08:11:26.304Z,2026-01-22T08:11:29.306Z,2026-01-22T08:11:39.983Z,2026-01-22T08:13:33.032Z,113049,2026-01-22T08:13:33.632Z
1771,1d8c5423-3a6f-4753-8189-b88d25bd158b,C,main,4,2,1,image,,5,5,2,6,5,5,2,2,"淡々と
ぼそっと
ぼんやり",2026-01-22T08:11:45.154Z,2026-01-22T08:11:48.155Z,2026-01-22T08:11:54.874Z,2026-01-22T08:14:00.823Z,125949,2026-01-22T08:14:00.839Z
1772,3a5c60ca-0c79-4968-a55a-17b80a216753,C,main,3,2,3,image,,4,4,4,4,5,5,4,4,"乾いた
素っ気ない
無機質な",2026-01-22T08:14:28.212Z,2026-01-22T08:14:31.213Z,2026-01-22T08:14:38.365Z,2026-01-22T08:15:37.039Z,58674,2026-01-22T08:15:46.276Z
1773,3a5c60ca-0c79-4968-a55a-17b80a216753,C,main,4,2,1,image,,4,4,4,4,5,5,4,4,"朴訥とした
台詞を読んでいるような
淡々とした",2026-01-22T08:15:37.513Z,2026-01-22T08:15:40.515Z,2026-01-22T08:15:45.083Z,2026-01-22T08:16:29.225Z,44142,2026-01-22T08:16:38.120Z
1774,f2b2aed2-b872-4b87-a812-5308975b3497,D,main,3,2,2,audio,2004e8a5-d2af-4c6f-8e46-aa603b8a0927,5,5,3,5,4,3,3,5,"高い,不思議,心地良い",2026-01-22T08:15:59.614Z,2026-01-22T08:16:05.579Z,2026-01-22T08:16:09.931Z,2026-01-22T08:19:22.453Z,192522,2026-01-22T08:19:22.590Z
1775,3515f357-bd0e-4c43-b2bb-ad12a594ff10,D,main,1,1,2,image,,5,7,3,5,4,3,7,7,"なぜ
お洗濯
です",2026-01-22T08:19:19.485Z,2026-01-22T08:19:22.486Z,2026-01-22T08:19:30.586Z,2026-01-22T08:21:33.703Z,123117,2026-01-22T08:21:34.755Z
1776,45b30787-7571-4af2-8c24-c1da4ec02f19,C,main,1,1,7,audio,fe38199b-cfc4-415a-a3d1-49220db02514,3,4,4,4,5,4,4,2,"暗い
眠そう
覇気がない",2026-01-22T08:19:42.252Z,2026-01-22T08:19:52.378Z,2026-01-22T08:19:53.776Z,2026-01-22T08:22:04.770Z,130994,2026-01-22T08:22:08.605Z
1777,f2b2aed2-b872-4b87-a812-5308975b3497,D,main,4,2,4,audio,9a04032b-c6e4-4fa3-82ff-45585c99a505,4,5,3,5,3,3,3,5,"高い,ゆっくり,他人",2026-01-22T08:19:25.469Z,2026-01-22T08:19:32.799Z,2026-01-22T08:19:43.553Z,2026-01-22T08:22:16.539Z,152986,2026-01-22T08:22:16.669Z
1778,3515f357-bd0e-4c43-b2bb-ad12a594ff10,D,main,2,1,1,image,,7,1,6,2,7,7,1,1,"今
採点
休憩",2026-01-22T08:21:34.184Z,2026-01-22T08:21:37.186Z,2026-01-22T08:21:42.145Z,2026-01-22T08:22:36.027Z,53882,2026-01-22T08:22:36.880Z
1779,45b30787-7571-4af2-8c24-c1da4ec02f19,C,main,2,1,2,audio,6f0caa4e-d6fd-4268-9565-21df8de6568f,3,4,4,4,5,4,3,2,"暗い
物静か
冷静",2026-01-22T08:22:07.172Z,2026-01-22T08:22:17.226Z,2026-01-22T08:22:18.227Z,2026-01-22T08:24:09.459Z,111232,2026-01-22T08:24:13.266Z
1780,3515f357-bd0e-4c43-b2bb-ad12a594ff10,D,main,3,2,1,audio,041e2d59-7487-42bc-ad1b-f6f06d23d0e8,7,1,7,1,7,5,7,7,"今
採点
無くなった",2026-01-22T08:23:34.601Z,2026-01-22T08:23:39.437Z,2026-01-22T08:23:41.248Z,2026-01-22T08:24:20.773Z,39525,2026-01-22T08:24:21.509Z
1781,3515f357-bd0e-4c43-b2bb-ad12a594ff10,D,main,4,2,2,audio,22c249f2-d1c2-443a-9a52-c5175e23a2d2,5,7,7,1,7,5,7,7,"なぜ
お洗濯
です",2026-01-22T08:24:25.506Z,2026-01-22T08:24:29.964Z,2026-01-22T08:24:30.601Z,2026-01-22T08:25:05.428Z,34827,2026-01-22T08:25:06.143Z
1782,45b30787-7571-4af2-8c24-c1da4ec02f19,C,main,3,2,2,image,,4,2,2,6,5,5,1,1,"眠そう
覇気がない
暗い",2026-01-22T08:25:26.047Z,2026-01-22T08:25:29.050Z,2026-01-22T08:25:36.030Z,2026-01-22T08:26:44.340Z,68310,2026-01-22T08:26:47.979Z
1783,45b30787-7571-4af2-8c24-c1da4ec02f19,C,main,4,2,7,image,,4,4,2,6,5,5,1,2,"真面目
暗い
眠そう",2026-01-22T08:26:44.455Z,2026-01-22T08:26:47.462Z,2026-01-22T08:26:50.138Z,2026-01-22T08:27:48.149Z,58011,2026-01-22T08:27:51.756Z
1784,7a6a3737-50f8-4fd9-8068-db85b4a26fbb,D,main,1,1,8,image,,4,4,2,6,4,2,2,1,普通，自分，特徴なし,2026-01-22T09:02:33.369Z,2026-01-22T09:02:36.370Z,2026-01-22T09:02:40.732Z,2026-01-22T09:03:36.099Z,55367,2026-01-22T09:03:32.511Z
1785,7a6a3737-50f8-4fd9-8068-db85b4a26fbb,D,main,2,1,2,image,,5,4,1,7,5,4,2,1,いつもの自分，普通，変わったことはない,2026-01-22T09:03:36.139Z,2026-01-22T09:03:39.141Z,2026-01-22T09:03:42.539Z,2026-01-22T09:04:34.346Z,51807,2026-01-22T09:04:30.758Z
1786,ee0ff843-a4d1-471f-a678-48f3fefa877f,C,main,1,1,4,audio,4a6c52f3-2201-418c-87b1-a62bf9b6b2dc,3,3,5,3,3,5,4,5,"暗い　
遅い　
どもる",2026-01-22T09:05:19.669Z,2026-01-22T09:05:25.458Z,2026-01-22T09:05:28.325Z,2026-01-22T09:06:30.403Z,62078,2026-01-22T09:06:28.712Z
1787,ee0ff843-a4d1-471f-a678-48f3fefa877f,C,main,2,1,8,audio,581086fc-a437-4008-bf0c-a9225a14876b,2,3,3,5,5,5,5,5,"低い
暗い
不明瞭",2026-01-22T09:06:31.896Z,2026-01-22T09:06:37.614Z,2026-01-22T09:06:38.452Z,2026-01-22T09:07:10.442Z,31990,2026-01-22T09:07:08.738Z
1788,ee0ff843-a4d1-471f-a678-48f3fefa877f,C,main,3,2,4,image,,5,5,3,5,6,5,2,2,"早い
明朗
活舌がよい",2026-01-22T09:07:57.942Z,2026-01-22T09:08:00.944Z,2026-01-22T09:08:07.886Z,2026-01-22T09:08:40.140Z,32254,2026-01-22T09:08:38.423Z
1789,ee0ff843-a4d1-471f-a678-48f3fefa877f,C,main,4,2,8,image,,5,5,2,6,6,6,3,3,"明かな　
早い
わかりやすい",2026-01-22T09:08:40.232Z,2026-01-22T09:08:43.233Z,2026-01-22T09:08:50.680Z,2026-01-22T09:09:21.101Z,30421,2026-01-22T09:09:19.379Z
1790,557cea93-deb1-4de8-b4a2-9b183c834393,D,main,1,1,5,image,,3,4,5,3,5,5,2,3,"低い
だるい
平たい",2026-01-22T09:53:55.627Z,2026-01-22T09:53:58.635Z,2026-01-22T09:54:05.278Z,2026-01-22T09:57:44.692Z,219414,2026-01-22T09:57:46.678Z
1791,557cea93-deb1-4de8-b4a2-9b183c834393,D,main,2,1,6,image,,5,5,5,3,5,5,2,2,"渋い
太い
小気味良い",2026-01-22T09:57:45.519Z,2026-01-22T09:57:48.522Z,2026-01-22T09:57:54.182Z,2026-01-22T09:59:44.413Z,110231,2026-01-22T09:59:45.678Z
1792,557cea93-deb1-4de8-b4a2-9b183c834393,D,main,3,2,5,audio,cde130a1-a432-4ace-a28c-6735cf6463b6,4,4,3,5,6,4,1,2,"珍しい
風変わり
低い",2026-01-22T10:02:30.826Z,2026-01-22T10:02:37.022Z,2026-01-22T10:02:41.940Z,2026-01-22T10:04:24.538Z,102598,2026-01-22T10:04:25.799Z
1793,557cea93-deb1-4de8-b4a2-9b183c834393,D,main,4,2,6,audio,47605b59-25e6-4b20-975c-65d50d932e80,4,4,2,6,6,3,1,2,"太い
重苦しい
珍しい",2026-01-22T10:04:26.799Z,2026-01-22T10:04:32.077Z,2026-01-22T10:04:34.100Z,2026-01-22T10:06:25.032Z,110932,2026-01-22T10:06:26.550Z
1794,c3200fe9-e8ba-4f6b-a456-1e10d24859bc,D,main,1,1,4,image,,3,3,4,4,5,2,4,3,声が高い，こもっている，滑舌が悪い,2026-01-22T10:56:25.689Z,2026-01-22T10:56:28.690Z,2026-01-22T10:56:32.776Z,2026-01-22T10:58:14.255Z,101479,2026-01-22T10:58:12.435Z
1795,c3200fe9-e8ba-4f6b-a456-1e10d24859bc,D,main,2,1,3,image,,3,4,4,4,3,2,3,3,優しそう，滑舌が良くない，聞き取りにくい,2026-01-22T10:58:14.475Z,2026-01-22T10:58:17.476Z,2026-01-22T10:58:23.308Z,2026-01-22T11:00:41.312Z,138004,2026-01-22T11:00:39.458Z
1796,191266ea-b858-4cee-b3ed-ac405af7538f,C,main,1,1,6,audio,d026a0b2-a87d-4d38-8f1b-5308b82714b4,5,5,3,5,6,5,3,4,"親しい
美しい
自分らしい",2026-01-22T10:58:58.018Z,2026-01-22T10:59:03.105Z,2026-01-22T10:59:17.490Z,2026-01-22T11:02:36.634Z,199144,2026-01-22T11:02:37.712Z
1797,191266ea-b858-4cee-b3ed-ac405af7538f,C,main,2,1,1,audio,605e23b9-127c-481c-835a-2f38bed66349,5,5,4,4,5,5,2,4,"心地よい
聞きやすい
誇らしい",2026-01-22T11:02:39.914Z,2026-01-22T11:02:45.894Z,2026-01-22T11:02:54.082Z,2026-01-22T11:05:11.202Z,137120,2026-01-22T11:05:12.308Z
1798,c3200fe9-e8ba-4f6b-a456-1e10d24859bc,D,main,3,2,3,audio,486bbb30-4d80-464d-b6e7-942b80eb3a60,4,4,4,4,4,4,3,5,聞きやすい，落ち着いている，安心感がある,2026-01-22T11:03:47.049Z,2026-01-22T11:03:52.137Z,2026-01-22T11:03:52.794Z,2026-01-22T11:05:27.822Z,95028,2026-01-22T11:05:25.989Z
1799,c3200fe9-e8ba-4f6b-a456-1e10d24859bc,D,main,4,2,4,audio,6aeef502-10b8-4fa2-af28-f974464d1248,3,3,3,5,3,3,5,5,発音が良くない，言い方が鋭い，聞き取りやすい,2026-01-22T11:05:29.689Z,2026-01-22T11:05:35.320Z,2026-01-22T11:05:36.121Z,2026-01-22T11:08:06.966Z,150845,2026-01-22T11:08:05.105Z
1800,191266ea-b858-4cee-b3ed-ac405af7538f,C,main,3,2,1,image,,5,5,3,5,6,5,2,4,"美しい
容易い
大人しい",2026-01-22T11:07:01.272Z,2026-01-22T11:07:04.273Z,2026-01-22T11:07:16.770Z,2026-01-22T11:08:57.154Z,100384,2026-01-22T11:08:58.171Z
1801,191266ea-b858-4cee-b3ed-ac405af7538f,C,main,4,2,6,image,,5,6,3,5,5,5,2,4,"馴染み深い
親しい
素晴らしい",2026-01-22T11:08:57.188Z,2026-01-22T11:09:00.189Z,2026-01-22T11:09:03.338Z,2026-01-22T11:11:05.458Z,122120,2026-01-22T11:11:06.474Z
1802,9331a6f9-73dc-4e42-af58-ceb5e98f13cf,C,main,1,1,5,audio,b1ddd063-d7ab-487c-aaa8-6bdfcf009830,1,2,6,2,3,1,1,7,"低い
聞き取りにくい
こもっている",2026-01-22T11:11:59.145Z,2026-01-22T11:12:06.638Z,2026-01-22T11:12:08.873Z,2026-01-22T11:15:32.548Z,203675,2026-01-22T11:15:32.415Z
1803,9331a6f9-73dc-4e42-af58-ceb5e98f13cf,C,main,2,1,8,audio,c558013d-876e-469f-98a1-312e10f865b8,2,3,6,2,3,3,1,5,"低い
単調だ
鈍い",2026-01-22T11:15:35.481Z,2026-01-22T11:15:42.287Z,2026-01-22T11:15:43.313Z,2026-01-22T11:18:16.837Z,153524,2026-01-22T11:18:16.683Z
1804,9331a6f9-73dc-4e42-af58-ceb5e98f13cf,C,main,3,2,5,image,,2,4,1,7,5,5,1,3,"鮮明だ
はっきりしている
親しみやすい",2026-01-22T11:20:33.929Z,2026-01-22T11:20:36.930Z,2026-01-22T11:20:59.300Z,2026-01-22T11:22:30.647Z,91347,2026-01-22T11:22:30.413Z
1805,9331a6f9-73dc-4e42-af58-ceb5e98f13cf,C,main,4,2,8,image,,5,6,1,7,6,6,1,6,"高い
明快だ
親しみやすい",2026-01-22T11:22:30.693Z,2026-01-22T11:22:33.694Z,2026-01-22T11:22:35.305Z,2026-01-22T11:23:26.392Z,51087,2026-01-22T11:23:26.149Z
1806,5df6d9f1-a2b7-4f10-bfd7-715ea8101e6e,D,main,1,1,8,image,,1,1,1,7,3,1,2,1,"気持ち悪い,気味が悪い,聞きたくない,不快",2026-01-22T13:12:01.187Z,2026-01-22T13:12:04.188Z,2026-01-22T13:12:08.945Z,2026-01-22T13:13:17.982Z,69037,2026-01-22T13:13:18.186Z
1807,5df6d9f1-a2b7-4f10-bfd7-715ea8101e6e,D,main,2,1,6,image,,1,1,1,7,3,1,1,1,"不快な,気持ち悪い,嫌な,軽い",2026-01-22T13:13:18.066Z,2026-01-22T13:13:21.068Z,2026-01-22T13:13:31.427Z,2026-01-22T13:14:48.481Z,77054,2026-01-22T13:14:48.769Z
1808,5df6d9f1-a2b7-4f10-bfd7-715ea8101e6e,D,main,3,2,8,audio,630a5545-7435-43f1-bbb4-356aa4a378f6,2,1,1,7,6,1,7,6,"気持ち悪い,高い,嫌な,不快な",2026-01-22T13:15:59.080Z,2026-01-22T13:16:05.114Z,2026-01-22T13:16:06.179Z,2026-01-22T13:17:05.688Z,59509,2026-01-22T13:17:05.885Z
1809,5df6d9f1-a2b7-4f10-bfd7-715ea8101e6e,D,main,4,2,6,audio,56d9c7a7-6562-40d2-b676-81eb8ca4bd92,1,1,7,1,6,1,6,6,"気持ち悪い,嫌な,不快な,不気味な",2026-01-22T13:17:07.242Z,2026-01-22T13:17:11.895Z,2026-01-22T13:17:13.428Z,2026-01-22T13:18:02.987Z,49559,2026-01-22T13:18:03.176Z
1810,338034e2-c082-403d-9fb4-23b37d3a89a5,C,main,1,1,1,audio,defc4439-9483-4c6f-af59-d32701fe51d9,4,4,4,4,6,6,3,2,"低い,遅い,ゆっくりしている",2026-01-22T14:32:42.727Z,2026-01-22T14:32:51.165Z,2026-01-22T14:32:55.090Z,2026-01-22T14:35:02.195Z,127105,2026-01-22T14:35:02.362Z
1811,338034e2-c082-403d-9fb4-23b37d3a89a5,C,main,2,1,7,audio,3cf55a1a-f730-4c72-99ea-4205717d7f4e,4,4,4,4,6,6,2,2,"不愛想な,低い,普通の",2026-01-22T14:35:05.164Z,2026-01-22T14:35:10.809Z,2026-01-22T14:35:13.399Z,2026-01-22T14:38:00.092Z,166693,2026-01-22T14:38:00.249Z
1812,338034e2-c082-403d-9fb4-23b37d3a89a5,C,main,3,2,1,image,,4,4,4,4,7,7,2,1,"普段の,日常的な,いつもの",2026-01-22T14:39:27.610Z,2026-01-22T14:39:30.620Z,2026-01-22T14:39:46.563Z,2026-01-22T14:41:03.795Z,77232,2026-01-22T14:41:03.814Z
1813,338034e2-c082-403d-9fb4-23b37d3a89a5,C,main,4,2,7,image,,4,4,4,4,7,7,4,2,"いつもの,平常の,日常的な",2026-01-22T14:41:03.837Z,2026-01-22T14:41:06.846Z,2026-01-22T14:41:12.716Z,2026-01-22T14:42:40.861Z,88145,2026-01-22T14:42:40.880Z
1816,ce8971c7-4246-445a-9b3c-193de114a6a1,D,main,1,1,6,image,,5,4,2,6,3,5,1,2,優しい，丁寧な，ささやく,2026-01-22T14:59:29.057Z,2026-01-22T14:59:32.059Z,2026-01-22T14:59:49.927Z,2026-01-22T15:01:35.021Z,105094,2026-01-22T15:01:35.145Z
1817,ce8971c7-4246-445a-9b3c-193de114a6a1,D,main,2,1,7,image,,5,4,1,7,2,5,2,2,カッコいい，頼もしい，主人公感のある,2026-01-22T15:01:35.139Z,2026-01-22T15:01:38.140Z,2026-01-22T15:01:47.160Z,2026-01-22T15:04:43.778Z,176618,2026-01-22T15:04:43.877Z
1818,ce8971c7-4246-445a-9b3c-193de114a6a1,D,main,3,2,7,audio,3ed8830c-11b8-4051-b756-1ff66bbc884c,2,3,4,4,2,2,4,3,詰まったような，気だるい，機械的な,2026-01-22T15:10:41.117Z,2026-01-22T15:10:44.616Z,2026-01-22T15:10:46.319Z,2026-01-22T15:13:22.855Z,156536,2026-01-22T15:13:23.182Z
1819,ce8971c7-4246-445a-9b3c-193de114a6a1,D,main,4,2,6,audio,091ba743-1e87-43e0-b959-a4bb4b449f3e,4,4,2,6,4,4,2,2,丁寧な，未熟な，鼻声っぽい，ゆっくりとした,2026-01-22T15:13:26.693Z,2026-01-22T15:13:31.115Z,2026-01-22T15:13:32.993Z,2026-01-22T15:17:23.936Z,230943,2026-01-22T15:17:24.113Z
1820,97c71167-0935-4f69-9bbc-6297d23b726b,C,main,1,1,7,audio,a2c9979b-d73c-4661-9ae6-d227f2997552,1,2,2,6,2,2,2,2,"あ、
あ
あ",2026-01-22T23:01:09.328Z,2026-01-22T23:01:12.371Z,2026-01-22T23:01:12.938Z,2026-01-22T23:01:27.521Z,14583,2026-01-22T23:01:37.270Z
1821,97c71167-0935-4f69-9bbc-6297d23b726b,C,main,2,1,5,audio,08c41d60-cf78-4469-9bd1-0de20e3c4d4f,2,3,2,6,3,3,4,3,"あ
あ
あ",2026-01-22T23:01:28.964Z,2026-01-22T23:01:30.301Z,2026-01-22T23:01:30.995Z,2026-01-22T23:01:42.516Z,11521,2026-01-22T23:01:52.244Z
1822,a1899acd-d917-4bac-b82a-cabf84470280,D,main,1,1,7,image,,3,3,3,5,5,4,2,3,"気持ち悪い
不自然な
違和感のある、",2026-01-22T23:00:15.200Z,2026-01-22T23:00:18.201Z,2026-01-22T23:00:29.134Z,2026-01-22T23:02:11.517Z,102383,2026-01-22T23:02:12.806Z
1823,97c71167-0935-4f69-9bbc-6297d23b726b,C,main,3,2,5,image,,4,4,4,4,4,4,4,4,"あ
あ
あ",2026-01-22T23:01:58.678Z,2026-01-22T23:02:01.680Z,2026-01-22T23:02:03.681Z,2026-01-22T23:02:17.110Z,13429,2026-01-22T23:02:26.842Z
1824,97c71167-0935-4f69-9bbc-6297d23b726b,C,main,4,2,7,image,,2,3,3,5,3,3,3,3,"あ
あ
あ",2026-01-22T23:02:17.193Z,2026-01-22T23:02:20.195Z,2026-01-22T23:02:20.660Z,2026-01-22T23:02:33.035Z,12375,2026-01-22T23:02:42.771Z
1825,a1899acd-d917-4bac-b82a-cabf84470280,D,main,2,1,3,image,,3,3,3,5,5,5,4,3,"違和感がある
不思議な
気持ち悪い",2026-01-22T23:02:11.775Z,2026-01-22T23:02:14.776Z,2026-01-22T23:02:16.725Z,2026-01-22T23:03:42.572Z,85847,2026-01-22T23:03:43.978Z
1826,a1899acd-d917-4bac-b82a-cabf84470280,D,main,3,2,3,audio,e2ca3e12-9edd-4f89-8042-a8db25d00d0a,5,4,4,4,6,6,2,2,"自分らしい
こもっている
聞き取りにくい",2026-01-22T23:04:51.332Z,2026-01-22T23:04:56.261Z,2026-01-22T23:04:58.075Z,2026-01-22T23:05:44.506Z,46431,2026-01-22T23:05:45.706Z
1827,a1899acd-d917-4bac-b82a-cabf84470280,D,main,4,2,7,audio,1e67dbc9-040d-4cd4-8483-1ca6600a6954,5,5,2,6,6,6,2,2,"こもっている
聞き取りにくい
違和感のない",2026-01-22T23:06:17.058Z,2026-01-22T23:06:21.641Z,2026-01-22T23:06:22.921Z,2026-01-22T23:06:52.602Z,29681,2026-01-22T23:06:54.036Z
1828,9fb5891c-10ca-4cd0-bcca-2ba5c0908271,B,main,1,1,1,image,,3,3,3,5,5,5,2,2,"冷静
沈着
陽性",2026-01-23T00:34:35.038Z,2026-01-23T00:34:38.039Z,2026-01-23T00:34:46.205Z,2026-01-23T00:36:08.092Z,81887,2026-01-23T00:36:08.161Z
1829,9fb5891c-10ca-4cd0-bcca-2ba5c0908271,B,main,2,1,5,image,,3,5,4,4,4,4,5,4,"冷静
沈着
陽性",2026-01-23T00:36:08.147Z,2026-01-23T00:36:11.148Z,2026-01-23T00:36:16.082Z,2026-01-23T00:36:48.908Z,32826,2026-01-23T00:36:48.974Z
1830,9fb5891c-10ca-4cd0-bcca-2ba5c0908271,B,main,3,2,1,image,,4,4,4,4,5,5,2,2,"自然
飾らない
冷静",2026-01-23T00:37:09.949Z,2026-01-23T00:37:12.951Z,2026-01-23T00:37:15.294Z,2026-01-23T00:37:39.736Z,24442,2026-01-23T00:37:39.796Z
1831,9fb5891c-10ca-4cd0-bcca-2ba5c0908271,B,main,4,2,5,image,,4,5,3,5,5,5,2,2,"自然
陽性
沈着",2026-01-23T00:37:39.782Z,2026-01-23T00:37:42.783Z,2026-01-23T00:37:44.220Z,2026-01-23T00:38:25.759Z,41539,2026-01-23T00:38:25.824Z
1832,e8c7204f-4101-43d8-9540-0ea57202adda,D,main,1,1,5,image,,6,3,4,4,5,5,5,4,"低い
汚い
弱弱しい",2026-01-23T01:16:38.023Z,2026-01-23T01:16:41.032Z,2026-01-23T01:16:57.392Z,2026-01-23T01:18:01.670Z,64278,2026-01-23T01:17:55.558Z
1833,e8c7204f-4101-43d8-9540-0ea57202adda,D,main,2,1,7,image,,3,5,5,3,4,4,5,5,"暗い
早い
拙い
",2026-01-23T01:18:01.814Z,2026-01-23T01:18:04.819Z,2026-01-23T01:18:08.325Z,2026-01-23T01:18:58.306Z,49981,2026-01-23T01:18:52.163Z
1834,e8c7204f-4101-43d8-9540-0ea57202adda,D,main,3,2,5,audio,8d9cca56-e3ec-4c7f-9c2b-2ec85bf9167d,2,4,3,5,3,3,5,4,"暗い
違和感
もごもごしている",2026-01-23T01:19:53.994Z,2026-01-23T01:19:59.863Z,2026-01-23T01:20:01.027Z,2026-01-23T01:22:10.592Z,129565,2026-01-23T01:22:04.492Z
1835,e8c7204f-4101-43d8-9540-0ea57202adda,D,main,4,2,7,audio,94a6a393-bf19-4957-a3a0-037f963765ed,2,3,5,3,2,3,4,5,"違和感
はっきりしていない
鮮明でない",2026-01-23T01:22:12.042Z,2026-01-23T01:22:16.822Z,2026-01-23T01:22:17.838Z,2026-01-23T01:23:04.574Z,46736,2026-01-23T01:22:58.430Z
1836,15631c86-255f-4e87-a8b9-c1824e354b4e,C,main,1,1,6,audio,adc1e671-58a3-40d4-9530-47dc2bc92269,3,5,4,4,2,3,3,3,"少し年齢が高い
気軽な発言
いい声質ではない",2026-01-23T01:24:12.655Z,2026-01-23T01:24:22.828Z,2026-01-23T01:24:25.094Z,2026-01-23T01:25:45.493Z,80399,2026-01-23T01:25:46.710Z
1837,15631c86-255f-4e87-a8b9-c1824e354b4e,C,main,2,1,1,audio,9759141a-ab74-4731-8f53-123030b0bc62,2,4,4,4,2,2,4,3,"あまり好きじゃない声質
メガネを掛けている男性
庶民的な生活を送っている",2026-01-23T01:25:50.239Z,2026-01-23T01:26:00.484Z,2026-01-23T01:26:01.802Z,2026-01-23T01:27:05.662Z,63860,2026-01-23T01:27:07.064Z
1838,15631c86-255f-4e87-a8b9-c1824e354b4e,C,main,3,2,6,image,,3,4,3,5,2,2,3,3,"身近な人物に見える
フランクな声
接しやすい人物",2026-01-23T01:27:48.742Z,2026-01-23T01:27:51.743Z,2026-01-23T01:27:56.473Z,2026-01-23T01:29:06.326Z,69853,2026-01-23T01:29:07.926Z
1839,15631c86-255f-4e87-a8b9-c1824e354b4e,C,main,4,2,1,image,,3,3,4,4,2,3,3,3,"家にいる人
スーパーが浮かぶ
妻に言っている",2026-01-23T01:29:07.453Z,2026-01-23T01:29:10.454Z,2026-01-23T01:29:17.296Z,2026-01-23T01:30:22.438Z,65142,2026-01-23T01:30:23.766Z
1840,769169b2-a7e3-4f26-a3f1-328a55ef4650,C,main,1,1,8,audio,101872e1-877c-46f2-9248-5b23a620ede6,7,7,1,7,7,7,1,1,"優しい
温かい
心地よい",2026-01-23T01:56:51.938Z,2026-01-23T01:56:58.592Z,2026-01-23T01:57:06.307Z,2026-01-23T01:57:59.025Z,52718,2026-01-23T01:57:58.318Z
1841,769169b2-a7e3-4f26-a3f1-328a55ef4650,C,main,2,1,4,audio,b63dbb64-7089-4130-8184-bc22466a04c2,5,5,1,7,5,5,1,6,"馴染みがない
慣れていない
素人っぽい",2026-01-23T01:58:01.643Z,2026-01-23T01:58:07.786Z,2026-01-23T01:58:08.924Z,2026-01-23T01:59:44.806Z,95882,2026-01-23T01:59:44.094Z
1842,769169b2-a7e3-4f26-a3f1-328a55ef4650,C,main,3,2,4,image,,5,5,1,7,7,5,5,5,"聞きなれない
堅苦しい
不自然な",2026-01-23T02:00:44.552Z,2026-01-23T02:00:47.552Z,2026-01-23T02:00:52.607Z,2026-01-23T02:02:07.210Z,74603,2026-01-23T02:02:06.507Z
1843,79ba07f0-07db-4213-8071-5a9810e7193e,D,main,1,1,5,image,,6,6,1,7,6,7,1,1,"ざらざらした
空気を含んだ
こもった",2026-01-23T02:00:41.740Z,2026-01-23T02:00:44.742Z,2026-01-23T02:00:52.656Z,2026-01-23T02:02:19.504Z,86848,2026-01-23T02:02:19.495Z
1844,79ba07f0-07db-4213-8071-5a9810e7193e,D,main,2,1,6,image,,6,6,1,7,5,5,1,1,"のびのびした
影がある
しゅっとした",2026-01-23T02:02:19.577Z,2026-01-23T02:02:22.578Z,2026-01-23T02:02:25.501Z,2026-01-23T02:03:20.214Z,54713,2026-01-23T02:03:20.216Z
1845,769169b2-a7e3-4f26-a3f1-328a55ef4650,C,main,4,2,8,image,,6,5,1,7,5,5,1,4,"馴染みのない
のんびりした
おっとりした",2026-01-23T02:02:07.355Z,2026-01-23T02:02:10.356Z,2026-01-23T02:02:16.578Z,2026-01-23T02:04:11.720Z,115142,2026-01-23T02:04:11.016Z
1846,79ba07f0-07db-4213-8071-5a9810e7193e,D,main,3,2,6,audio,4e541f86-d0db-4dd6-9117-dc3c9e2c5109,6,6,1,7,5,6,1,1,"リズミカルな
歯切れのよい
軽快な
弾ける",2026-01-23T02:05:11.753Z,2026-01-23T02:05:16.523Z,2026-01-23T02:05:17.815Z,2026-01-23T02:06:02.499Z,44684,2026-01-23T02:06:02.504Z
1847,79ba07f0-07db-4213-8071-5a9810e7193e,D,main,4,2,5,audio,23707f8e-cf08-4ff8-a442-2a9b1b544fd7,5,4,3,5,5,4,2,5,"こもった
ためらいある
素朴な",2026-01-23T02:06:04.002Z,2026-01-23T02:06:10.444Z,2026-01-23T02:06:11.162Z,2026-01-23T02:07:03.047Z,51885,2026-01-23T02:07:03.039Z
1848,6f548ccb-2cfe-40eb-9ef8-83cf5100d205,D,main,1,1,4,image,,3,4,4,4,6,5,3,3,"鼻声っぽい
低くない
いつもの声",2026-01-23T02:11:19.242Z,2026-01-23T02:11:22.243Z,2026-01-23T02:11:30.291Z,2026-01-23T02:13:12.657Z,102366,2026-01-23T02:13:12.801Z
1849,6f548ccb-2cfe-40eb-9ef8-83cf5100d205,D,main,2,1,5,image,,5,4,4,4,6,6,3,3,"鼻声っぽい
不快ではないが快くもない
いつもより低い",2026-01-23T02:13:12.815Z,2026-01-23T02:13:15.816Z,2026-01-23T02:13:19.423Z,2026-01-23T02:14:37.722Z,78299,2026-01-23T02:14:37.779Z
1850,85ff7ba5-3072-496a-9c61-9999666aa7f2,C,main,1,1,1,audio,befca827-12fb-4662-bb69-f31880006d60,3,4,4,4,5,3,4,4,"静かな
落ち着いている
穏やか

",2026-01-23T02:11:34.539Z,2026-01-23T02:11:41.960Z,2026-01-23T02:11:45.013Z,2026-01-23T02:15:48.989Z,243976,2026-01-23T02:15:48.714Z
1851,6f548ccb-2cfe-40eb-9ef8-83cf5100d205,D,main,3,2,4,audio,2b929dab-80ca-4537-9d66-f0548fd53947,3,4,4,4,7,7,1,1,"いつもの声
違和感はない
不快でも快くもなく普通",2026-01-23T02:15:41.323Z,2026-01-23T02:15:48.295Z,2026-01-23T02:15:49.289Z,2026-01-23T02:16:55.772Z,66483,2026-01-23T02:16:55.803Z
1852,85ff7ba5-3072-496a-9c61-9999666aa7f2,C,main,2,1,8,audio,930b9b61-a1b5-45ce-82a7-7648a755c4ef,4,4,4,4,5,4,3,3,"落ち着いている
穏やか
明るい",2026-01-23T02:15:51.516Z,2026-01-23T02:15:57.915Z,2026-01-23T02:15:58.905Z,2026-01-23T02:16:59.367Z,60462,2026-01-23T02:16:59.060Z
1853,6f548ccb-2cfe-40eb-9ef8-83cf5100d205,D,main,4,2,5,audio,6a70f612-e47f-4ac1-940e-0b2b4d25510b,3,3,3,5,7,7,2,2,"声が震えている
鼻声
いつもより高い",2026-01-23T02:16:57.172Z,2026-01-23T02:17:05.000Z,2026-01-23T02:17:05.788Z,2026-01-23T02:17:55.088Z,49300,2026-01-23T02:17:55.111Z
1854,85ff7ba5-3072-496a-9c61-9999666aa7f2,C,main,3,2,8,image,,3,3,4,4,4,3,3,3,"静か
明るい
はっきり",2026-01-23T02:19:44.221Z,2026-01-23T02:19:47.223Z,2026-01-23T02:19:59.117Z,2026-01-23T02:21:07.933Z,68816,2026-01-23T02:21:07.638Z
1855,85ff7ba5-3072-496a-9c61-9999666aa7f2,C,main,4,2,1,image,,3,3,3,5,3,4,3,3,"落ち着いている
穏やか
はっきり",2026-01-23T02:21:08.212Z,2026-01-23T02:21:11.215Z,2026-01-23T02:21:16.817Z,2026-01-23T02:21:53.232Z,36415,2026-01-23T02:21:52.905Z
1856,46b47ff0-3cc1-418b-9ec8-14d321b5f277,B,main,1,1,4,image,,4,4,3,5,6,5,1,2,"よそよそしい
柔らかい
優しい
緊張気味
滑舌やや悪い
比較的高音
わずかに濁り気味",2026-01-23T02:26:07.184Z,2026-01-23T02:26:10.185Z,2026-01-23T02:26:44.744Z,2026-01-23T02:37:19.160Z,634416,2026-01-23T02:37:19.528Z
1857,46b47ff0-3cc1-418b-9ec8-14d321b5f277,B,main,2,1,6,image,,3,3,5,3,5,4,1,2,"滑舌が悪い
まろやかな
不明瞭な
籠り気味の
やや躊躇気味
遠慮気味の

",2026-01-23T02:37:19.466Z,2026-01-23T02:37:22.467Z,2026-01-23T02:37:34.232Z,2026-01-23T02:43:04.792Z,330560,2026-01-23T02:43:04.993Z
1858,46b47ff0-3cc1-418b-9ec8-14d321b5f277,B,main,3,2,4,image,,3,4,3,5,5,4,1,2,"ややたどたどしい
滑舌が悪い
滑らかさが劣る
柔和
優しい
明るくない
不透明な",2026-01-23T02:53:45.307Z,2026-01-23T02:53:48.307Z,2026-01-23T02:53:58.617Z,2026-01-23T02:57:16.609Z,197992,2026-01-23T02:57:16.781Z
1859,46b47ff0-3cc1-418b-9ec8-14d321b5f277,B,main,4,2,6,image,,3,4,3,5,5,5,1,3,"平凡な
柔らかい
不透明な
優しい
やや緊張気味の
",2026-01-23T02:57:16.776Z,2026-01-23T02:57:19.776Z,2026-01-23T02:57:36.721Z,2026-01-23T03:00:56.145Z,199424,2026-01-23T03:00:56.291Z
1860,9fb660d2-17cf-47aa-b9dd-45425179063b,C,main,1,1,8,audio,a6795005-b604-4deb-b358-24a5809589cb,4,4,3,5,6,6,2,2,"とぼけている
慣れていない
平凡な",2026-01-23T04:00:46.844Z,2026-01-23T04:00:54.088Z,2026-01-23T04:00:59.803Z,2026-01-23T04:03:40.050Z,160247,2026-01-23T04:03:40.172Z
1861,9fb660d2-17cf-47aa-b9dd-45425179063b,C,main,2,1,2,audio,3f88cb1b-789e-47e9-b335-4e54dead549b,4,4,2,6,6,6,2,2,"普段どおり
不慣れな
中くらいの",2026-01-23T04:03:43.411Z,2026-01-23T04:03:50.408Z,2026-01-23T04:03:56.911Z,2026-01-23T04:05:23.393Z,86482,2026-01-23T04:05:23.463Z
1862,9fb660d2-17cf-47aa-b9dd-45425179063b,C,main,3,2,8,image,,4,4,2,6,2,6,2,1,"聞き慣れた
迷いが少しある
いつもの",2026-01-23T04:07:08.598Z,2026-01-23T04:07:11.609Z,2026-01-23T04:07:33.291Z,2026-01-23T04:08:44.298Z,71007,2026-01-23T04:08:44.353Z
1863,9fb660d2-17cf-47aa-b9dd-45425179063b,C,main,4,2,2,image,,4,4,2,6,6,6,2,2,"中くらいの
いつもどおりの
同じような",2026-01-23T04:08:44.349Z,2026-01-23T04:08:47.350Z,2026-01-23T04:09:01.890Z,2026-01-23T04:10:41.817Z,99927,2026-01-23T04:10:41.878Z
1864,4d59912f-171f-4478-8aaa-aa65f3baed69,D,main,1,1,3,image,,5,4,1,7,2,5,1,2,"なめらか
美しい
明るい",2026-01-23T05:07:33.054Z,2026-01-23T05:07:36.063Z,2026-01-23T05:07:46.850Z,2026-01-23T05:10:12.242Z,145392,2026-01-23T05:10:12.345Z
1865,21a9fc76-ab6c-4573-9c4c-5d426c5c0752,C,main,1,1,1,audio,7bc1f277-6b50-4170-b434-0c863dbcd812,2,4,6,2,1,7,6,1,"単調
平坦
低い",2026-01-23T05:08:16.290Z,2026-01-23T05:08:22.858Z,2026-01-23T05:08:23.861Z,2026-01-23T05:10:09.477Z,105616,2026-01-23T05:10:13.478Z
1866,21a9fc76-ab6c-4573-9c4c-5d426c5c0752,C,main,2,1,8,audio,d6c9da7c-54be-428b-85ae-bbfdce58b174,5,3,6,2,6,7,5,1,"抑揚
低い
掠れている",2026-01-23T05:10:13.516Z,2026-01-23T05:10:19.663Z,2026-01-23T05:10:20.670Z,2026-01-23T05:11:28.194Z,67524,2026-01-23T05:11:31.169Z
1867,4d59912f-171f-4478-8aaa-aa65f3baed69,D,main,2,1,4,image,,5,6,1,7,5,6,1,1,"なめらか
美しい
つややか
",2026-01-23T05:10:12.383Z,2026-01-23T05:10:15.394Z,2026-01-23T05:10:26.165Z,2026-01-23T05:12:20.261Z,114096,2026-01-23T05:12:20.391Z
1868,21a9fc76-ab6c-4573-9c4c-5d426c5c0752,C,main,3,2,1,image,,5,4,2,6,6,6,4,1,"普通
日常的な
聞き慣れた",2026-01-23T05:13:26.692Z,2026-01-23T05:13:29.693Z,2026-01-23T05:13:44.994Z,2026-01-23T05:14:50.031Z,65037,2026-01-23T05:14:53.020Z
1869,21a9fc76-ab6c-4573-9c4c-5d426c5c0752,C,main,4,2,8,image,,6,4,4,4,7,6,4,1,"普通
日常的な
いつも通りの",2026-01-23T05:14:50.162Z,2026-01-23T05:14:53.163Z,2026-01-23T05:15:03.261Z,2026-01-23T05:15:35.054Z,31793,2026-01-23T05:15:38.048Z
1870,4d59912f-171f-4478-8aaa-aa65f3baed69,D,main,3,2,3,audio,d619fb0a-e2f6-4bb5-a7fc-418ab3fed1c5,2,2,6,2,2,2,6,6,"暗い
汚い
醜い",2026-01-23T05:14:08.252Z,2026-01-23T05:14:13.861Z,2026-01-23T05:14:17.393Z,2026-01-23T05:16:10.967Z,113574,2026-01-23T05:16:11.057Z
1871,4d59912f-171f-4478-8aaa-aa65f3baed69,D,main,4,2,4,audio,9c821707-780b-4e33-b226-4ea295d9b451,2,2,6,2,3,2,5,5,"暗い
聞きにくい
こもった",2026-01-23T05:16:14.518Z,2026-01-23T05:16:21.281Z,2026-01-23T05:16:25.128Z,2026-01-23T05:17:58.446Z,93318,2026-01-23T05:17:58.449Z
1872,512122f0-33d8-47ce-bfa6-2c7abcb111db,C,main,1,1,3,audio,4a1a94de-5266-4d7f-9ac7-b92714a8f277,3,5,1,7,5,3,4,4,"低い,暗い,ゆっくり",2026-01-23T05:17:46.428Z,2026-01-23T05:17:51.792Z,2026-01-23T05:17:52.957Z,2026-01-23T05:18:45.227Z,52270,2026-01-23T05:18:45.711Z
1873,512122f0-33d8-47ce-bfa6-2c7abcb111db,C,main,2,1,1,audio,f4d71c4d-c260-44b8-ab7f-9df03268a52d,5,5,3,5,5,4,5,2,"低い,落ち着いている,マイペース",2026-01-23T05:18:48.491Z,2026-01-23T05:18:54.700Z,2026-01-23T05:18:56.168Z,2026-01-23T05:19:41.424Z,45256,2026-01-23T05:19:41.892Z
1874,512122f0-33d8-47ce-bfa6-2c7abcb111db,C,main,3,2,3,image,,6,6,2,6,5,5,3,2,"高い,明るい,抑揚がある",2026-01-23T05:20:50.550Z,2026-01-23T05:20:53.551Z,2026-01-23T05:20:56.423Z,2026-01-23T05:21:32.391Z,35968,2026-01-23T05:21:32.862Z
1875,512122f0-33d8-47ce-bfa6-2c7abcb111db,C,main,4,2,1,image,,5,6,2,6,5,5,3,2,"落ち着いている,気分がいい,安心した感じ",2026-01-23T05:21:32.576Z,2026-01-23T05:21:35.577Z,2026-01-23T05:21:36.178Z,2026-01-23T05:22:07.174Z,30996,2026-01-23T05:22:07.651Z
1876,cb8c748a-7484-4269-9fc9-62580b816f82,C,main,1,1,6,audio,76b1d01b-dda3-42b9-88b6-0618e3125eee,5,5,3,5,6,5,3,3,"低い,暗い,遅い,",2026-01-23T05:33:14.374Z,2026-01-23T05:33:19.218Z,2026-01-23T05:33:20.524Z,2026-01-23T05:34:27.940Z,67416,2026-01-23T05:34:26.943Z
1877,cb8c748a-7484-4269-9fc9-62580b816f82,C,main,2,1,1,audio,7634e730-9e50-46fc-8e48-15f302830f97,3,4,5,3,5,5,4,4,"低い,聞き取りにくい,遅い,",2026-01-23T05:34:30.032Z,2026-01-23T05:34:37.029Z,2026-01-23T05:34:37.990Z,2026-01-23T05:35:18.294Z,40304,2026-01-23T05:35:17.306Z
1878,cb8c748a-7484-4269-9fc9-62580b816f82,C,main,3,2,6,image,,3,3,3,5,5,4,4,4,"低い,早い,暗い,",2026-01-23T05:36:11.111Z,2026-01-23T05:36:14.112Z,2026-01-23T05:36:18.382Z,2026-01-23T05:37:00.297Z,41915,2026-01-23T05:36:59.299Z
1879,cb8c748a-7484-4269-9fc9-62580b816f82,C,main,4,2,1,image,,4,3,5,3,4,4,3,3,"低い,元気,明るい,",2026-01-23T05:37:00.346Z,2026-01-23T05:37:03.347Z,2026-01-23T05:37:05.626Z,2026-01-23T05:37:54.633Z,49007,2026-01-23T05:37:53.634Z
1880,3a9c5b23-91a5-4758-b0ae-53226269b127,B,main,1,1,5,image,,3,3,5,3,3,5,4,3,"暗い
穏やか
ゆっくり",2026-01-23T06:05:24.417Z,2026-01-23T06:05:27.418Z,2026-01-23T06:05:38.321Z,2026-01-23T06:06:56.397Z,78076,2026-01-23T06:06:56.454Z
1881,3a9c5b23-91a5-4758-b0ae-53226269b127,B,main,2,1,4,image,,3,3,5,3,5,4,4,4,"ゆっくり
優しい
穏やか",2026-01-23T06:06:56.474Z,2026-01-23T06:06:59.474Z,2026-01-23T06:07:03.721Z,2026-01-23T06:07:37.673Z,33952,2026-01-23T06:07:37.735Z
1882,3a9c5b23-91a5-4758-b0ae-53226269b127,B,main,3,2,4,image,,3,3,5,3,5,5,3,5,"穏やか
優しい
親しみがある",2026-01-23T06:09:47.854Z,2026-01-23T06:09:50.856Z,2026-01-23T06:09:55.612Z,2026-01-23T06:10:29.452Z,33840,2026-01-23T06:10:29.503Z
1883,3a9c5b23-91a5-4758-b0ae-53226269b127,B,main,4,2,5,image,,3,3,3,5,5,5,3,5,"穏やか
優しい
落ち着いている",2026-01-23T06:10:29.522Z,2026-01-23T06:10:32.524Z,2026-01-23T06:10:33.435Z,2026-01-23T06:11:20.156Z,46721,2026-01-23T06:11:20.235Z
1884,26c04a7c-363b-40af-b5f9-f6f71c2fff59,B,main,1,1,3,image,,3,4,5,3,6,4,6,5,たどたどしい，ぎこちない，固い,2026-01-23T07:04:33.758Z,2026-01-23T07:04:36.761Z,2026-01-23T07:04:46.571Z,2026-01-23T07:08:28.957Z,222386,2026-01-23T07:08:28.877Z
1885,26c04a7c-363b-40af-b5f9-f6f71c2fff59,B,main,2,1,4,image,,2,4,5,3,6,4,7,6,不慣れな，軽い，つたない,2026-01-23T07:08:29.056Z,2026-01-23T07:08:32.067Z,2026-01-23T07:08:38.675Z,2026-01-23T07:13:17.663Z,278988,2026-01-23T07:13:17.592Z
1886,9143ae49-a85e-44a0-bd03-eb2d0d6d5adf,A,main,1,1,6,audio,88252c34-2113-4a24-b250-62a815d1a1c1,4,4,2,6,6,5,3,2,"低音、
落ち着き、
心地良い、
",2026-01-23T06:56:09.349Z,2026-01-23T06:56:17.287Z,2026-01-23T06:56:25.167Z,2026-01-23T07:19:40.384Z,1395217,2026-01-23T07:19:40.799Z
1887,26c04a7c-363b-40af-b5f9-f6f71c2fff59,B,main,3,2,3,image,,5,4,3,5,5,6,3,3,おとなしい，暗い，細い,2026-01-23T07:15:22.891Z,2026-01-23T07:15:25.892Z,2026-01-23T07:15:30.801Z,2026-01-23T07:22:22.421Z,411620,2026-01-23T07:22:22.341Z
1888,9143ae49-a85e-44a0-bd03-eb2d0d6d5adf,A,main,2,1,5,audio,cbac909f-14f6-4928-9ef1-55a76dc03666,3,4,3,5,5,5,3,3,"大人しい、
元気がない、
弱々しい、",2026-01-23T07:20:09.154Z,2026-01-23T07:20:19.212Z,2026-01-23T07:20:24.868Z,2026-01-23T07:22:41.049Z,136181,2026-01-23T07:22:41.480Z
1889,26c04a7c-363b-40af-b5f9-f6f71c2fff59,B,main,4,2,4,image,,3,4,4,4,5,4,3,3,弱い，不慣れな，不手際な,2026-01-23T07:22:22.520Z,2026-01-23T07:22:25.521Z,2026-01-23T07:22:28.763Z,2026-01-23T07:26:21.790Z,233027,2026-01-23T07:26:21.747Z
1890,8c31cd95-09d8-40c5-9981-caeaa34019c9,C,main,1,1,8,audio,403b94e1-9dbb-449c-9298-0ffbd1df8fa4,4,5,2,6,3,4,1,5,"落ち着いた
低い
おとなしい",2026-01-23T07:27:23.830Z,2026-01-23T07:27:28.514Z,2026-01-23T07:27:34.339Z,2026-01-23T07:29:06.785Z,92446,2026-01-23T07:29:05.965Z
1891,9143ae49-a85e-44a0-bd03-eb2d0d6d5adf,A,main,3,2,5,audio,cbac909f-14f6-4928-9ef1-55a76dc03666,2,5,4,4,5,5,3,4,"声が太い。
不鮮明。
魅力がない",2026-01-23T07:27:13.558Z,2026-01-23T07:27:23.620Z,2026-01-23T07:27:31.302Z,2026-01-23T07:30:03.949Z,152647,2026-01-23T07:30:04.275Z
1892,42bb5c8a-58b6-4b11-b325-6c90f1ead0a6,D,main,1,1,3,image,,1,1,7,1,7,1,7,7,"不愉快な（不快な）
大きい
醜い",2026-01-23T07:27:26.920Z,2026-01-23T07:27:29.922Z,2026-01-23T07:27:37.479Z,2026-01-23T07:30:14.406Z,156927,2026-01-23T07:30:15.366Z
1893,8c31cd95-09d8-40c5-9981-caeaa34019c9,C,main,2,1,5,audio,ae633e30-80f0-40fb-a98b-b0ceae6d34bd,3,3,4,4,5,6,1,5,"ゆったりした
低い
のんびりした",2026-01-23T07:29:10.247Z,2026-01-23T07:29:18.035Z,2026-01-23T07:29:26.176Z,2026-01-23T07:30:27.887Z,61711,2026-01-23T07:30:27.074Z
1894,42bb5c8a-58b6-4b11-b325-6c90f1ead0a6,D,main,2,1,1,image,,1,1,7,1,1,1,7,7,"拙い
怠い
短い",2026-01-23T07:30:14.595Z,2026-01-23T07:30:17.596Z,2026-01-23T07:30:22.317Z,2026-01-23T07:31:22.548Z,60231,2026-01-23T07:31:24.019Z
1895,9143ae49-a85e-44a0-bd03-eb2d0d6d5adf,A,main,4,2,6,audio,88252c34-2113-4a24-b250-62a815d1a1c1,5,5,2,6,6,6,2,2,"落ち着いている。
冷静さがある。
聞き取りやすい。",2026-01-23T07:30:13.543Z,2026-01-23T07:30:21.446Z,2026-01-23T07:30:23.598Z,2026-01-23T07:32:26.043Z,122445,2026-01-23T07:32:26.458Z
1896,8c31cd95-09d8-40c5-9981-caeaa34019c9,C,main,3,2,8,image,,2,5,2,6,6,7,1,3,"おとなしい
低い
ゆったりした",2026-01-23T07:31:48.464Z,2026-01-23T07:31:51.471Z,2026-01-23T07:32:01.869Z,2026-01-23T07:33:35.836Z,93967,2026-01-23T07:33:35.025Z
1897,42bb5c8a-58b6-4b11-b325-6c90f1ead0a6,D,main,3,2,3,audio,f55a3c25-386b-4184-b788-e51505fd2e00,1,1,7,1,7,7,7,1,"近しい
太い
低い",2026-01-23T07:33:13.187Z,2026-01-23T07:33:20.291Z,2026-01-23T07:33:21.195Z,2026-01-23T07:34:02.612Z,41417,2026-01-23T07:34:03.485Z
1898,8c31cd95-09d8-40c5-9981-caeaa34019c9,C,main,4,2,5,image,,3,3,2,6,6,7,1,3,"おとなしい
低い
きっちりした",2026-01-23T07:33:35.968Z,2026-01-23T07:33:38.970Z,2026-01-23T07:33:44.646Z,2026-01-23T07:34:48.583Z,63937,2026-01-23T07:34:47.799Z
1899,42bb5c8a-58b6-4b11-b325-6c90f1ead0a6,D,main,4,2,1,audio,10161cd1-c907-4400-ae96-28c409aaca07,1,1,7,1,7,7,7,1,"小さい
短い
拙い",2026-01-23T07:34:05.115Z,2026-01-23T07:34:15.361Z,2026-01-23T07:34:16.034Z,2026-01-23T07:35:19.178Z,63144,2026-01-23T07:35:20.019Z
1900,c8de89b3-13bf-4e2c-8181-785b5df290c9,D,main,1,1,5,image,,4,4,4,4,2,2,4,5,"生真面目
単調
感情が少ない
歳を感じる",2026-01-23T07:42:47.830Z,2026-01-23T07:42:50.839Z,2026-01-23T07:43:10.474Z,2026-01-23T07:45:45.194Z,154720,2026-01-23T07:45:42.187Z
1901,c8de89b3-13bf-4e2c-8181-785b5df290c9,D,main,2,1,7,image,,4,4,4,4,2,2,4,5,"真面目
硬い
不機嫌な
淡々と",2026-01-23T07:45:45.447Z,2026-01-23T07:45:48.448Z,2026-01-23T07:45:58.621Z,2026-01-23T07:47:32.237Z,93616,2026-01-23T07:47:29.046Z
1902,15bad4a8-1f45-43df-a2ae-aecaca174aa3,D,main,1,1,8,image,,5,5,1,7,6,5,1,3,"普通
明瞭
アルト",2026-01-23T07:48:05.551Z,2026-01-23T07:48:08.557Z,2026-01-23T07:48:17.053Z,2026-01-23T07:51:04.008Z,166955,2026-01-23T07:51:04.178Z
1903,c8de89b3-13bf-4e2c-8181-785b5df290c9,D,main,3,2,7,audio,1657a1a1-e4d5-4720-a035-c12d54381e3b,1,1,7,1,4,3,6,6,"不機嫌な
イライラした感じ
素っ気ない
ツンツン",2026-01-23T07:50:13.646Z,2026-01-23T07:50:21.053Z,2026-01-23T07:50:24.138Z,2026-01-23T07:51:57.983Z,93845,2026-01-23T07:51:54.802Z
1904,15bad4a8-1f45-43df-a2ae-aecaca174aa3,D,main,2,1,6,image,,5,1,1,7,5,5,1,2,"温和
自然
アンビエンス",2026-01-23T07:51:04.146Z,2026-01-23T07:51:07.160Z,2026-01-23T07:51:11.848Z,2026-01-23T07:52:28.459Z,76611,2026-01-23T07:52:28.548Z
1905,c8de89b3-13bf-4e2c-8181-785b5df290c9,D,main,4,2,5,audio,c7fdf82f-61e8-4167-9de1-a19a5b59946a,1,1,7,1,3,3,6,7,"感情がない
淡々と
イライラ
真面目",2026-01-23T07:52:00.939Z,2026-01-23T07:52:06.843Z,2026-01-23T07:52:08.012Z,2026-01-23T07:53:12.170Z,64158,2026-01-23T07:53:08.979Z
1906,15bad4a8-1f45-43df-a2ae-aecaca174aa3,D,main,3,2,6,audio,f78344af-431b-4b3e-a2a5-2ffa37978461,5,1,1,7,7,5,1,1,"リズミカル
自然
明るい",2026-01-23T07:53:19.840Z,2026-01-23T07:53:25.252Z,2026-01-23T07:53:26.750Z,2026-01-23T07:54:33.387Z,66637,2026-01-23T07:54:33.463Z
1907,15bad4a8-1f45-43df-a2ae-aecaca174aa3,D,main,4,2,8,audio,297e6992-b62b-4477-912f-1a55b2f8473a,5,1,1,7,7,5,1,1,"親しみやすい
やわらか
ナチュラル",2026-01-23T07:54:36.059Z,2026-01-23T07:54:42.193Z,2026-01-23T07:54:42.930Z,2026-01-23T07:55:33.936Z,51006,2026-01-23T07:55:34.007Z
1908,3416d172-6106-415f-990a-d43d9d200e16,C,main,1,1,8,audio,371875aa-ad32-4eee-9f12-9cf198b8d670,1,1,7,1,7,7,1,1,おさない，たどたどしい，ダミ声,2026-01-23T08:35:21.783Z,2026-01-23T08:35:31.768Z,2026-01-23T08:35:34.504Z,2026-01-23T08:39:12.866Z,218362,2026-01-23T08:39:13.407Z
1909,54f509b0-a7bc-41f1-8272-26922605d32c,C,main,1,1,5,audio,ce8a7236-380e-4885-975a-6e1c727d4461,2,3,3,5,5,3,3,6,"こもる
低い
ゆっくり",2026-01-23T08:39:34.598Z,2026-01-23T08:39:42.590Z,2026-01-23T08:39:44.199Z,2026-01-23T08:41:50.986Z,126787,2026-01-23T08:41:51.230Z
1910,54f509b0-a7bc-41f1-8272-26922605d32c,C,main,2,1,7,audio,62dbdfea-0269-41e2-8072-08fa6adea78e,4,4,5,3,3,4,2,5,"低い
通りにくい
単調
",2026-01-23T08:41:55.732Z,2026-01-23T08:42:00.992Z,2026-01-23T08:42:02.565Z,2026-01-23T08:43:09.952Z,67387,2026-01-23T08:43:10.190Z
1911,3416d172-6106-415f-990a-d43d9d200e16,C,main,2,1,5,audio,ae1f20d8-75ff-4140-a614-c1b71b7a1a77,4,3,4,4,7,7,1,1,いつもの感じ，自分らしい，ひくい声,2026-01-23T08:39:20.461Z,2026-01-23T08:39:28.184Z,2026-01-23T08:39:31.998Z,2026-01-23T08:43:58.168Z,266170,2026-01-23T08:43:58.834Z
1912,54f509b0-a7bc-41f1-8272-26922605d32c,C,main,3,2,7,image,,3,3,3,5,3,4,2,5,"低い
抑揚がない
歯切れが悪い",2026-01-23T08:43:58.876Z,2026-01-23T08:44:01.880Z,2026-01-23T08:44:10.583Z,2026-01-23T08:45:05.617Z,55034,2026-01-23T08:45:05.884Z
1913,54f509b0-a7bc-41f1-8272-26922605d32c,C,main,4,2,5,image,,3,4,4,4,3,3,2,5,"低い
単調
ゆっくり",2026-01-23T08:45:05.897Z,2026-01-23T08:45:08.900Z,2026-01-23T08:45:19.250Z,2026-01-23T08:46:04.085Z,44835,2026-01-23T08:46:04.331Z
1914,3416d172-6106-415f-990a-d43d9d200e16,C,main,3,2,5,image,,5,4,1,7,7,7,1,1,たどたどしい，普段通り，声がひくい,2026-01-23T08:46:27.567Z,2026-01-23T08:46:30.568Z,2026-01-23T08:46:44.697Z,2026-01-23T08:48:58.153Z,133456,2026-01-23T08:48:58.732Z
1915,3416d172-6106-415f-990a-d43d9d200e16,C,main,4,2,8,image,,2,2,1,7,7,7,1,1,幼い，普段通り，たどたどしい,2026-01-23T08:48:58.473Z,2026-01-23T08:49:01.476Z,2026-01-23T08:49:09.564Z,2026-01-23T08:50:20.357Z,70793,2026-01-23T08:50:20.758Z
1916,8e783601-cfeb-45ca-add2-8d453e847a58,D,main,1,1,6,image,,6,4,1,7,6,6,1,1,"穏やかな
若い
親しみやすい
優しい",2026-01-23T09:25:26.776Z,2026-01-23T09:25:29.777Z,2026-01-23T09:25:39.735Z,2026-01-23T09:27:19.706Z,99971,2026-01-23T09:27:22.170Z
1917,8e783601-cfeb-45ca-add2-8d453e847a58,D,main,2,1,4,image,,5,5,1,7,6,5,1,1,"若い
優しい
穏やかな",2026-01-23T09:27:20.031Z,2026-01-23T09:27:23.032Z,2026-01-23T09:27:26.146Z,2026-01-23T09:28:20.459Z,54313,2026-01-23T09:28:22.670Z
1918,8e783601-cfeb-45ca-add2-8d453e847a58,D,main,3,2,6,audio,90d2c672-3e89-49d4-b77f-f85d8d2abaaa,6,6,1,7,7,7,1,1,"優しい
若い
誠実そう",2026-01-23T09:28:57.125Z,2026-01-23T09:29:03.697Z,2026-01-23T09:29:04.788Z,2026-01-23T09:29:40.438Z,35650,2026-01-23T09:29:42.645Z
1919,8e783601-cfeb-45ca-add2-8d453e847a58,D,main,4,2,4,audio,14297ce9-d92a-42e0-a8ac-b30fa8cdd1dd,6,6,1,7,6,6,1,1,"優しい
明るい
若い",2026-01-23T09:29:41.958Z,2026-01-23T09:29:48.797Z,2026-01-23T09:29:49.854Z,2026-01-23T09:30:22.822Z,32968,2026-01-23T09:30:25.025Z
1920,a26cbcfb-817b-4f6a-bf6b-8e16854f60cd,D,main,1,1,7,image,,4,4,4,4,5,5,2,2,"舌足らずな,滑舌が良くない,声が低い",2026-01-23T10:16:39.630Z,2026-01-23T10:16:42.633Z,2026-01-23T10:16:59.570Z,2026-01-23T10:19:10.939Z,131369,2026-01-23T10:19:11.361Z
1921,a26cbcfb-817b-4f6a-bf6b-8e16854f60cd,D,main,2,1,6,image,,4,2,2,6,5,4,2,2,"自分らしい,可愛くない,低い",2026-01-23T10:19:11.332Z,2026-01-23T10:19:14.336Z,2026-01-23T10:19:26.999Z,2026-01-23T10:22:05.262Z,158263,2026-01-23T10:22:05.470Z
1922,a26cbcfb-817b-4f6a-bf6b-8e16854f60cd,D,main,3,2,7,audio,552b3a44-68de-4466-846e-2e1d69dbf4cd,4,4,2,6,4,5,2,5,"思っていたより高い,滑舌は良くない,自分じゃないみたい",2026-01-23T10:24:23.939Z,2026-01-23T10:24:28.433Z,2026-01-23T10:24:32.489Z,2026-01-23T10:35:40.598Z,668109,2026-01-23T10:35:40.829Z
1923,a26cbcfb-817b-4f6a-bf6b-8e16854f60cd,D,main,4,2,6,audio,973bb341-186d-4069-bce8-77377e866834,5,4,3,5,5,5,2,2,"滑舌よい,おもしろい,高い",2026-01-23T10:35:43.428Z,2026-01-23T10:35:50.737Z,2026-01-23T10:35:52.113Z,2026-01-23T10:46:13.843Z,621730,2026-01-23T10:46:14.126Z
1924,5e47fc55-8a68-4009-bf94-e151da823d50,C,main,1,1,8,audio,5eaf7dad-5b95-4e74-958c-31afb83a2ec1,1,1,7,1,7,7,7,7,"暗い,不愛想,低い",2026-01-23T12:05:34.119Z,2026-01-23T12:05:42.637Z,2026-01-23T12:05:45.439Z,2026-01-23T12:08:21.620Z,156181,2026-01-23T12:08:22.708Z
1925,5e47fc55-8a68-4009-bf94-e151da823d50,C,main,2,1,4,audio,fe6ee300-cca9-4672-a7d2-5e5f997745e7,1,1,7,1,7,7,7,7,"怖い,子供っぽい,やばい",2026-01-23T12:08:24.763Z,2026-01-23T12:08:31.502Z,2026-01-23T12:08:33.396Z,2026-01-23T12:11:26.696Z,173300,2026-01-23T12:11:27.640Z
1926,5e47fc55-8a68-4009-bf94-e151da823d50,C,main,3,2,8,image,,1,1,7,1,7,7,7,7,"おどおど,びくびく,緊張",2026-01-23T12:13:55.028Z,2026-01-23T12:13:58.029Z,2026-01-23T12:14:02.669Z,2026-01-23T12:16:36.681Z,154012,2026-01-23T12:16:37.727Z
1927,5e47fc55-8a68-4009-bf94-e151da823d50,C,main,4,2,4,image,,1,1,1,7,7,7,7,7,"低い,重い,活舌悪い",2026-01-23T12:16:37.138Z,2026-01-23T12:16:40.141Z,2026-01-23T12:16:42.993Z,2026-01-23T12:18:05.436Z,82443,2026-01-23T12:18:06.095Z
1928,e8be1ae2-7bb3-45bb-89b1-b19fd610dcb8,D,main,1,1,6,image,,4,4,4,4,4,4,3,3,"普通
自分
声",2026-01-23T12:32:50.877Z,2026-01-23T12:32:53.881Z,2026-01-23T12:33:06.903Z,2026-01-23T12:34:23.271Z,76368,2026-01-23T12:34:23.420Z
1929,e8be1ae2-7bb3-45bb-89b1-b19fd610dcb8,D,main,2,1,5,image,,4,4,3,5,4,3,3,3,"普通
自分
声",2026-01-23T12:34:23.437Z,2026-01-23T12:34:26.441Z,2026-01-23T12:34:38.907Z,2026-01-23T12:35:08.102Z,29195,2026-01-23T12:35:08.212Z
1930,e8be1ae2-7bb3-45bb-89b1-b19fd610dcb8,D,main,3,2,5,audio,6fc78eec-c08f-4a50-8139-0d3021adaf0f,4,4,3,5,4,4,3,3,"自分
普通
声",2026-01-23T12:36:00.935Z,2026-01-23T12:36:07.446Z,2026-01-23T12:36:09.142Z,2026-01-23T12:36:44.727Z,35585,2026-01-23T12:36:44.844Z
1931,e8be1ae2-7bb3-45bb-89b1-b19fd610dcb8,D,main,4,2,6,audio,309b0d91-31fb-4a89-a986-a570e38af537,4,4,3,5,4,4,3,3,"自分
普通
声",2026-01-23T12:36:47.374Z,2026-01-23T12:36:51.477Z,2026-01-23T12:36:52.543Z,2026-01-23T12:37:21.083Z,28540,2026-01-23T12:37:21.225Z
1932,241a84b1-e926-4d72-868b-2dcdedc0c5c2,C,main,1,1,4,audio,3ef11188-6560-4648-bfb0-03349d5a0b6a,3,4,4,4,5,4,2,2,"ぎこちなさ
緊張感
あせり",2026-01-23T13:41:57.327Z,2026-01-23T13:42:03.446Z,2026-01-23T13:42:09.106Z,2026-01-23T13:45:15.126Z,186020,2026-01-23T13:45:15.397Z
1933,241a84b1-e926-4d72-868b-2dcdedc0c5c2,C,main,2,1,5,audio,a27321c6-dd1a-40d3-8a68-a4ba372e8992,2,4,3,5,5,4,2,5,"真面目な
たどたどしい
緊張感",2026-01-23T13:45:28.148Z,2026-01-23T13:45:36.135Z,2026-01-23T13:45:37.931Z,2026-01-23T13:47:49.657Z,131726,2026-01-23T13:47:49.900Z
1934,241a84b1-e926-4d72-868b-2dcdedc0c5c2,C,main,3,2,4,image,,4,4,2,6,5,5,2,2,"まじめさ
慎重さ
すこしの緊張",2026-01-23T13:52:14.887Z,2026-01-23T13:52:17.888Z,2026-01-23T13:52:26.003Z,2026-01-23T13:55:29.361Z,183358,2026-01-23T13:55:29.767Z
1935,241a84b1-e926-4d72-868b-2dcdedc0c5c2,C,main,4,2,5,image,,6,5,2,6,5,5,2,2,"安定した
納得した
まじめさ",2026-01-23T13:55:29.629Z,2026-01-23T13:55:32.630Z,2026-01-23T13:55:56.418Z,2026-01-23T13:58:49.443Z,173025,2026-01-23T13:58:49.685Z
1936,23bd051d-5577-4981-85dd-e9e5390808bd,B,main,1,1,6,image,,4,3,5,3,4,4,4,3,寒い，悲しい，寂しい,2026-01-23T14:06:07.974Z,2026-01-23T14:06:10.983Z,2026-01-23T14:06:25.235Z,2026-01-23T14:08:21.158Z,115923,2026-01-23T14:08:22.663Z
1937,23bd051d-5577-4981-85dd-e9e5390808bd,B,main,2,1,5,image,,4,4,4,4,6,4,4,4,明るい，楽しい，優しい,2026-01-23T14:08:21.337Z,2026-01-23T14:08:24.339Z,2026-01-23T14:08:30.842Z,2026-01-23T14:09:18.767Z,47925,2026-01-23T14:09:20.161Z
1938,23bd051d-5577-4981-85dd-e9e5390808bd,B,main,3,2,5,image,,4,4,1,7,4,4,4,4,暗い，楽しい，美味しい,2026-01-23T14:10:53.303Z,2026-01-23T14:10:56.304Z,2026-01-23T14:11:06.473Z,2026-01-23T14:12:54.671Z,108198,2026-01-23T14:12:56.161Z
1939,23bd051d-5577-4981-85dd-e9e5390808bd,B,main,4,2,6,image,,4,4,4,4,4,4,1,4,"眠たい,熱い,暑い",2026-01-23T14:12:54.846Z,2026-01-23T14:12:57.848Z,2026-01-23T14:13:00.367Z,2026-01-23T14:13:48.793Z,48426,2026-01-23T14:13:50.187Z
1940,aff0d6df-6e7b-47b2-9329-d1232bab2400,C,main,1,1,3,audio,a1f48bd7-0853-42a3-a46d-72d5bec16169,4,3,1,7,2,2,1,1,"疑問,探究心,不思議",2026-01-23T15:57:35.162Z,2026-01-23T15:57:40.494Z,2026-01-23T15:57:43.589Z,2026-01-23T15:58:54.811Z,71222,2026-01-23T15:58:55.813Z
1941,aff0d6df-6e7b-47b2-9329-d1232bab2400,C,main,2,1,7,audio,c98a5976-93d4-4272-bbc5-9b63f62d21ff,2,3,3,5,2,2,1,2,"劣等感,不快,強気な",2026-01-23T15:58:57.867Z,2026-01-23T15:59:05.324Z,2026-01-23T15:59:06.611Z,2026-01-23T16:00:49.661Z,103050,2026-01-23T16:00:50.677Z
1942,aff0d6df-6e7b-47b2-9329-d1232bab2400,C,main,3,2,3,image,,3,3,4,4,3,3,1,2,"自分らしい,素直な,率直的な",2026-01-23T16:02:44.970Z,2026-01-23T16:02:47.972Z,2026-01-23T16:02:54.203Z,2026-01-23T16:04:03.416Z,69213,2026-01-23T16:04:04.426Z
1943,aff0d6df-6e7b-47b2-9329-d1232bab2400,C,main,4,2,7,image,,3,3,2,6,3,4,1,2,"悔しさ,嫌悪感,羨ましさ",2026-01-23T16:04:03.517Z,2026-01-23T16:04:06.520Z,2026-01-23T16:04:15.986Z,2026-01-23T16:06:05.163Z,109177,2026-01-23T16:06:06.173Z
1944,8673dfb2-1b5f-4da7-8a08-a53d9dd80d63,C,main,1,1,4,audio,c8bd5ab3-99b5-42fe-8885-745e2dccf20d,2,3,5,3,5,4,5,4,もごもごしている，こもっている，知的な,2026-01-24T01:35:15.841Z,2026-01-24T01:35:21.124Z,2026-01-24T01:35:25.300Z,2026-01-24T01:37:36.554Z,131254,2026-01-24T01:37:39.636Z
1945,8673dfb2-1b5f-4da7-8a08-a53d9dd80d63,C,main,2,1,7,audio,5b5c8e89-6219-4f30-a1b5-6a47d2c3dfe4,4,4,6,2,5,4,5,3,こもっている，知的な，淡々と,2026-01-24T01:37:44.555Z,2026-01-24T01:37:49.591Z,2026-01-24T01:37:50.449Z,2026-01-24T01:40:08.537Z,138088,2026-01-24T01:40:11.672Z
1946,55887c3a-92e8-41e3-b27c-64f453d06ffe,D,main,1,1,3,image,,5,6,1,7,7,7,1,1,楽しそう，明るい，子供っぽい,2026-01-24T01:39:33.034Z,2026-01-24T01:39:36.040Z,2026-01-24T01:39:44.148Z,2026-01-24T01:41:38.430Z,114282,2026-01-24T01:41:38.772Z
1947,8673dfb2-1b5f-4da7-8a08-a53d9dd80d63,C,main,3,2,4,image,,4,4,4,4,4,5,4,3,淡々と，明朗な，知的な,2026-01-24T01:41:30.797Z,2026-01-24T01:41:33.798Z,2026-01-24T01:41:39.097Z,2026-01-24T01:43:09.092Z,89995,2026-01-24T01:43:12.019Z
1948,55887c3a-92e8-41e3-b27c-64f453d06ffe,D,main,2,1,8,image,,6,6,1,7,7,7,1,1,たどたどしい，不思議そう，幼い,2026-01-24T01:41:38.746Z,2026-01-24T01:41:41.750Z,2026-01-24T01:41:46.125Z,2026-01-24T01:43:22.257Z,96132,2026-01-24T01:43:22.590Z
1949,8673dfb2-1b5f-4da7-8a08-a53d9dd80d63,C,main,4,2,7,image,,4,5,3,5,4,4,3,3,はっきりと，きっぱりと，淡々と,2026-01-24T01:43:09.312Z,2026-01-24T01:43:12.313Z,2026-01-24T01:43:15.038Z,2026-01-24T01:44:16.383Z,61345,2026-01-24T01:44:19.194Z
1950,55887c3a-92e8-41e3-b27c-64f453d06ffe,D,main,3,2,8,audio,326e3c5e-5271-42b6-9a1a-dd6d0d15dc4b,6,7,1,7,6,6,1,1,聞きやすい，女性らしい，幼い,2026-01-24T01:44:41.395Z,2026-01-24T01:44:48.595Z,2026-01-24T01:44:49.707Z,2026-01-24T01:46:36.891Z,107184,2026-01-24T01:46:37.257Z
1951,55887c3a-92e8-41e3-b27c-64f453d06ffe,D,main,4,2,3,audio,a6fbe31c-849e-4e4d-a57b-699714086d39,6,6,1,7,6,6,1,1,少し暗い，よく通る，愛らしい,2026-01-24T01:46:38.995Z,2026-01-24T01:46:44.489Z,2026-01-24T01:46:45.556Z,2026-01-24T01:48:50.470Z,124914,2026-01-24T01:48:50.815Z
1952,7f0a3c9d-a42b-4415-b46f-75171489eb2f,D,main,1,1,4,image,,4,5,4,4,3,3,5,5,"怒り
求める
不思議さ
説明
",2026-01-24T06:03:59.618Z,2026-01-24T06:04:02.620Z,2026-01-24T06:04:22.044Z,2026-01-24T06:07:58.410Z,216366,2026-01-24T06:07:59.306Z
1953,7f0a3c9d-a42b-4415-b46f-75171489eb2f,D,main,2,1,1,image,,3,4,4,4,3,5,4,5,"行動
勇ましい
積極的",2026-01-24T06:07:58.879Z,2026-01-24T06:08:01.880Z,2026-01-24T06:08:10.371Z,2026-01-24T06:08:48.478Z,38107,2026-01-24T06:08:49.331Z
1954,7f0a3c9d-a42b-4415-b46f-75171489eb2f,D,main,3,2,4,audio,8f309cdd-5aa1-4860-81bd-0a29574dec13,5,5,3,5,4,4,4,2,"淡々
事実ベース
説明
普通
理解",2026-01-24T06:09:37.032Z,2026-01-24T06:09:42.726Z,2026-01-24T06:09:46.028Z,2026-01-24T06:10:23.476Z,37448,2026-01-24T06:10:24.756Z
1955,7f0a3c9d-a42b-4415-b46f-75171489eb2f,D,main,4,2,1,audio,3a030e1a-ad1e-48d7-9bae-929fdbaccc54,3,3,3,5,3,3,4,5,"理解
不思議さ
困惑",2026-01-24T06:11:30.668Z,2026-01-24T06:11:38.745Z,2026-01-24T06:11:39.522Z,2026-01-24T06:12:29.688Z,50166,2026-01-24T06:12:30.906Z
1956,e9632a94-25c3-4f8c-8e77-8792d79e2473,C,main,1,1,1,audio,2b23a90c-416f-487b-9a7b-3d92d6f07c95,4,4,4,4,5,4,4,4,"低い,普通,小さい",2026-01-24T06:35:16.791Z,2026-01-24T06:35:22.514Z,2026-01-24T06:35:23.507Z,2026-01-24T06:36:34.125Z,70618,2026-01-24T06:36:34.244Z
1957,e9632a94-25c3-4f8c-8e77-8792d79e2473,C,main,2,1,3,audio,621b41b1-7893-4efa-a595-66f4b52e2a0d,4,4,4,4,5,4,4,4,"低い,普通,小さい",2026-01-24T06:36:37.756Z,2026-01-24T06:36:42.367Z,2026-01-24T06:36:43.145Z,2026-01-24T06:37:27.380Z,44235,2026-01-24T06:37:27.411Z
1958,e9632a94-25c3-4f8c-8e77-8792d79e2473,C,main,3,2,1,image,,5,5,5,3,3,6,3,3,"聴きやすい,普通,中音",2026-01-24T06:40:12.095Z,2026-01-24T06:40:15.100Z,2026-01-24T06:40:21.673Z,2026-01-24T06:41:07.594Z,45921,2026-01-24T06:41:07.613Z
1959,e9632a94-25c3-4f8c-8e77-8792d79e2473,C,main,4,2,3,image,,6,6,2,6,2,6,2,3,"聴きやすい,中音,心地よい",2026-01-24T06:41:07.619Z,2026-01-24T06:41:10.624Z,2026-01-24T06:41:13.907Z,2026-01-24T06:42:12.962Z,59055,2026-01-24T06:42:13.066Z
1960,0e5c9c56-5c20-4221-83e3-83b48a56f3a0,D,main,1,1,5,image,,3,3,5,3,6,5,5,5,低い，単調，不快,2026-01-26T06:38:46.291Z,2026-01-26T06:38:49.294Z,2026-01-26T06:38:54.040Z,2026-01-26T06:40:48.640Z,114600,2026-01-26T06:40:48.771Z
1961,0e5c9c56-5c20-4221-83e3-83b48a56f3a0,D,main,2,1,4,image,,2,2,6,2,4,4,6,5,薄い，抑揚が変，単調,2026-01-26T06:40:48.909Z,2026-01-26T06:40:51.913Z,2026-01-26T06:40:53.205Z,2026-01-26T06:42:08.504Z,75299,2026-01-26T06:42:08.527Z
1962,0e5c9c56-5c20-4221-83e3-83b48a56f3a0,D,main,3,2,4,audio,9b4c29ad-5aea-437c-9ac1-0a7f1368caeb,3,3,4,4,3,2,4,3,想像より高い，想像より単調でない，鼻音っぽい,2026-01-26T06:42:45.937Z,2026-01-26T06:42:50.541Z,2026-01-26T06:42:51.671Z,2026-01-26T06:44:32.320Z,100649,2026-01-26T06:44:32.471Z
1963,0e5c9c56-5c20-4221-83e3-83b48a56f3a0,D,main,4,2,5,audio,a6f79c2d-987d-4add-a9fb-173065502735,4,3,3,5,2,3,3,2,音読っぽい，そこまで不快じゃないかも，ゆっくり,2026-01-26T06:44:34.470Z,2026-01-26T06:44:40.439Z,2026-01-26T06:44:42.336Z,2026-01-26T06:45:48.152Z,65816,2026-01-26T06:45:48.245Z
